Influencer,Influencee,Game,Dev/Series,Strength,Text,Source,Heading,Status,Owner,Owner Notes,ID
Dead Cells,30XX,,,Strong,**Dead Cells → 30XX** — same as **The Binding of Isaac → 30XX**,,Strong,to review,,,con-dead-cells--30xx
Enter the Gungeon,30XX,,,Strong,**Enter the Gungeon → 30XX** — same as **The Binding of Isaac → 30XX**,,Strong,to review,,,con-enter-the-gungeon--30xx
The Binding of Isaac,30XX,,,Strong,"**The Binding of Isaac → 30XX** — ""the replayability of a modern Roguelike (Binding of Isaac, Enter the Gungeon, Dead Cells, etc)"" — [Steam store page](https://store.steampowered.com/app/1029210/)",https://store.steampowered.com/app/1029210/,Strong,to review,,,con-the-binding-of-isaac--30xx
Dome Keeper,Choo Choo Survivor 2,,,Strong,**Dome Keeper → Choo Choo Survivor 2** — same as **Vampire Survivors → Choo Choo Survivor 2**,,Strong,to review,,,con-dome-keeper--choo-choo-survivor-2
Vampire Survivors,Choo Choo Survivor 2,,,Strong,"**Vampire Survivors → Choo Choo Survivor 2** — ""inspired by games like Vampire Survivors and Dome Keeper"" — [Steam store page](https://store.steampowered.com/app/3494210/)",https://store.steampowered.com/app/3494210/,Strong,to review,,,con-vampire-survivors--choo-choo-survivor-2
Strange Adventures in Infinite Space,Infinite Space III: Sea of Stars,,yes,Strong,"**Strange Adventures in Infinite Space → Infinite Space III: Sea of Stars** *(Dev/Series Relation)* — ""Infinite Space III: Sea of Stars is a single-player science fiction roguelike set in the same universe as its predecessors, Strange Adventures in Infinite Space and Weird Worlds."" *(Weird Worlds is already on the sheet. **Probably skip under the sequel rule:** Strange Adventures is already an influence on Weird Worlds, the game before it.)* — [Steam dev post](https://steamcommunity.com/games/seaofstars/announcements/detail/89304099614504744)",https://steamcommunity.com/games/seaofstars/announcements/detail/89304099614504744,Strong,to review,,,con-strange-adventures-in-infinite-space--infinite-space-iii-sea-of-stars
Hades,Nowhere Prophet,,,Strong,"**Hades → Nowhere Prophet** — on its dialogue-driven writing: ""Actually Hades was a big influence on that."" — [Steam dev post](https://steamcommunity.com/games/NowhereProphet/announcements/detail/498341245287925959)",https://steamcommunity.com/games/NowhereProphet/announcements/detail/498341245287925959,Strong,to review,,,con-hades--nowhere-prophet
Into the Breach,Order Automatica,,,Strong,"**Into the Breach → Order Automatica** — Mickanio, its developer, on how it came together: ""It was always an auto battler, but it started leaning more towards tactics (probably because of my great love of Into the Breach). I tried to make the placement more strategic, and I tried to make the game as systemic as possible, inspired by the games of Michael Brough, such as 868-hack and Cinco Paus."" *(868-Hack is already a row.)* — [Steam dev post, ""The Ritual Is Ready!""](https://store.steampowered.com/news/app/2105840/view/1842212951314141)",https://store.steampowered.com/news/app/2105840/view/1842212951314141,Strong,to review,,,con-into-the-breach--order-automatica
Risk of Rain 2,Risk of Rain Returns,,yes,Strong,"**Risk of Rain 2 → Risk of Rain Returns** *(Dev/Series Relation)* — Hopoo: ""Dive into the iconic roguelike full of unique loot combinations, enhanced with new Survivors, overhauled multiplayer, fan favorite content from Risk of Rain 2, and more!"" — [Steam store page](https://store.steampowered.com/app/1337520/)",https://store.steampowered.com/app/1337520/,Strong,to review,,,con-risk-of-rain-2--risk-of-rain-returns
Super Auto Pets,"Sir, We Have an Orc Problem",,,Strong,"**Super Auto Pets → Sir, We Have an Orc Problem**, **Backpack Battles → Sir, We Have an Orc Problem**, **9 Kings → Sir, We Have an Orc Problem**, **Teamfight Tactics → Sir, We Have an Orc Problem** — Mumpitz Games, its developer (also Tiny Auto Knights, already a Dev/Series row), on Bluesky in May 2025 while it was in development: ""My game is obviously inspired by: - Super Auto Pets - Backpack Battles - 9 Kings - Teamfight Tactics"" — [Bluesky](https://bsky.app/profile/mumpitzgames.com/post/3lprgdhsv622b)",https://bsky.app/profile/mumpitzgames.com/post/3lprgdhsv622b,Strong,to review,,,con-super-auto-pets--sir-we-have-an-orc-problem
Backpack Battles,"Sir, We Have an Orc Problem",,,Strong,"**Super Auto Pets → Sir, We Have an Orc Problem**, **Backpack Battles → Sir, We Have an Orc Problem**, **9 Kings → Sir, We Have an Orc Problem**, **Teamfight Tactics → Sir, We Have an Orc Problem** — Mumpitz Games, its developer (also Tiny Auto Knights, already a Dev/Series row), on Bluesky in May 2025 while it was in development: ""My game is obviously inspired by: - Super Auto Pets - Backpack Battles - 9 Kings - Teamfight Tactics"" — [Bluesky](https://bsky.app/profile/mumpitzgames.com/post/3lprgdhsv622b)",https://bsky.app/profile/mumpitzgames.com/post/3lprgdhsv622b,Strong,to review,,,con-backpack-battles--sir-we-have-an-orc-problem
9 Kings,"Sir, We Have an Orc Problem",,,Strong,"**Super Auto Pets → Sir, We Have an Orc Problem**, **Backpack Battles → Sir, We Have an Orc Problem**, **9 Kings → Sir, We Have an Orc Problem**, **Teamfight Tactics → Sir, We Have an Orc Problem** — Mumpitz Games, its developer (also Tiny Auto Knights, already a Dev/Series row), on Bluesky in May 2025 while it was in development: ""My game is obviously inspired by: - Super Auto Pets - Backpack Battles - 9 Kings - Teamfight Tactics"" — [Bluesky](https://bsky.app/profile/mumpitzgames.com/post/3lprgdhsv622b)",https://bsky.app/profile/mumpitzgames.com/post/3lprgdhsv622b,Strong,to review,,,con-9-kings--sir-we-have-an-orc-problem
Teamfight Tactics,"Sir, We Have an Orc Problem",,,Strong,"**Super Auto Pets → Sir, We Have an Orc Problem**, **Backpack Battles → Sir, We Have an Orc Problem**, **9 Kings → Sir, We Have an Orc Problem**, **Teamfight Tactics → Sir, We Have an Orc Problem** — Mumpitz Games, its developer (also Tiny Auto Knights, already a Dev/Series row), on Bluesky in May 2025 while it was in development: ""My game is obviously inspired by: - Super Auto Pets - Backpack Battles - 9 Kings - Teamfight Tactics"" — [Bluesky](https://bsky.app/profile/mumpitzgames.com/post/3lprgdhsv622b)",https://bsky.app/profile/mumpitzgames.com/post/3lprgdhsv622b,Strong,to review,,,con-teamfight-tactics--sir-we-have-an-orc-problem
Diablo,Skull Horde,,,Strong,"**Diablo → Skull Horde** *(said of Diablo II; the chart has the first Diablo, so this is the series)* — Alex (8BitSkull), in Defold's developer interview: ""At its core, we are trying to recreate the feeling of playing a Diablo 2 summoner necromancer, just modernised and with our own twist."" *(Its three rows today are Despot's Game and Slime 3K, both `check folder`, and the studio's own Void Scrappers; the interview names neither of the first two.)* — [Defold](https://defold.com/2026/05/15/8BitSkull-Skull-Horde-Interview/)",https://defold.com/2026/05/15/8BitSkull-Skull-Horde-Interview/,Strong,to review,,,con-diablo--skull-horde
Despotism 3k,Slime 3K: Rise Against Despot,,yes,Strong,"**Despotism 3k → Slime 3K: Rise Against Despot** *(Dev/Series Relation)* — Konfa Games, on Slime 3K's store page: ""this action-packed roguelite from the creators of Despot's Game and Despotism 3K."" — [Steam store page](https://store.steampowered.com/app/2348610/)",https://store.steampowered.com/app/2348610/,Strong,to review,,,con-despotism-3k--slime-3k-rise-against-despot
Diablo,Soulstone Survivors,,,Strong,"**Diablo → Soulstone Survivors** — Game Smithing Limited, its developer, in the Reddit post the sheet already cites for its Hades and Vampire Survivors rows: ""Tomorrow we have a huge announcement for Soulstone Survivors, our Action Roguelite inspired by Hades, Diablo and Vampire Survivors"". — [Reddit](https://www.reddit.com/r/roguelites/comments/xtr9td/tomorrow_we_have_a_huge_announcement_for/)",https://www.reddit.com/r/roguelites/comments/xtr9td/tomorrow_we_have_a_huge_announcement_for/,Strong,to review,,,con-diablo--soulstone-survivors
Diablo,Tangledeep,,,Strong,"**Diablo → Tangledeep** *(names ""the Diablo series""; the chart has the first Diablo)* — Andrew Van Beck (zirconst, Impact Gameworks), in the AMA the sheet already cites for Dungeonmans and Tales of Maj'Eyal, asked about the big influences: ""Gameplay wise: other roguelikes such as Dungeonmans or ToME, as well as ARPGs such as the Diablo series (this really shows in the item mods / champion mods you can find)."" — [Reddit comment](https://www.reddit.com/r/Games/comments/7ukbl1/im_the_lead_developer_of_tangledeep_a_roguelike/dtl9wbs/)",https://www.reddit.com/r/Games/comments/7ukbl1/im_the_lead_developer_of_tangledeep_a_roguelike/dtl9wbs/,Strong,to review,,,con-diablo--tangledeep
Touhou Genso Wanderer: Lotus Labyrinth R,Touhou Genso Wanderer: Foresight,,yes,Strong,"**Touhou Genso Wanderer: Lotus Labyrinth R → Touhou Genso Wanderer: Foresight** *(Dev/Series Relation)* — ""FORESIGHT continues the Touhou Genso Wanderer series"" *(both games are degree 1 now, so this joins two leaves)* — [Steam store page](https://store.steampowered.com/app/1847150/)",https://store.steampowered.com/app/1847150/,Strong,to review,,,con-touhou-genso-wanderer-lotus-labyrinth-r--touhou-genso-wanderer-foresight
Hades,UnderMine,,,Strong,"**Hades → UnderMine** — same quote as **Enter the Gungeon → UnderMine** (""contemporaries that we respect a lot like The Binding of Isaac, Enter the Gungeon, and Hades"") — [Screen Hype](https://www.screenhype.co.uk/undermine-2-interview-thorium-entertainment-exclusive/)",https://www.screenhype.co.uk/undermine-2-interview-thorium-entertainment-exclusive/,Strong,to review,,,con-hades--undermine
Sunless Sea,Abandon Ship,,,Weaker,"**Sunless Sea → Abandon Ship** *(unconfirmed)* — attributed to Fireblade Software: ""We always wondered why a game didn't exist that combined the tactical combat of games like FTL with the exploration mechanics of titles such as Sunless Sea"". The only source is a Gamewatcher article that blocks fetching, so I couldn't read it in context. Gary Burchell's own interview names only FTL. — [Gamewatcher](https://www.gamewatcher.com/news/2017-04-10-abandon-ship-is-a-fantasy-ship-exploration-game-that-combines-ftl-with-sunless-sea), [Big Boss Battle](https://bigbossbattle.com/abandon-ship-interview-fireblade-softwares-gary-burchell/)","https://www.gamewatcher.com/news/2017-04-10-abandon-ship-is-a-fantasy-ship-exploration-game-that-combines-ftl-with-sunless-sea
https://bigbossbattle.com/abandon-ship-interview-fireblade-softwares-gary-burchell/",Weaker,to review,,,con-sunless-sea--abandon-ship
Omega,Ancient Domains of Mystery,,,Weaker,"**Omega → Ancient Domains of Mystery** *(barely: ""seen"", not played)* — Thomas Biskup, on how ADOM started, had ""played games like DND, Rogue, Hack and NetHack (and seen Omega)"". *(Rogue, Hack and NetHack are on the sheet already.)* — [@Play 86, Game Developer](https://www.gamedeveloper.com/design/-play-86-interview-with-adom-creator-dr-thomas-biskup)",https://www.gamedeveloper.com/design/-play-86-interview-with-adom-creator-dr-thomas-biskup,Weaker,to review,,,con-omega--ancient-domains-of-mystery
NetHack,Approaching Infinity,,,Weaker,"**NetHack → Approaching Infinity** *(admiration, not called an influence)* — IBOL: ""I'm much more impressed with stuff like nethack, where 'the dev team thinks of everything'. I don't think of everything, but I like to throw my players the occasional curve-ball."" — [BlindiRL interview](https://www.blindirl.com/august-12-24/)",https://www.blindirl.com/august-12-24/,Weaker,to review,,,con-nethack--approaching-infinity
Hades,Arcanium: Rise of Akhan,,,Weaker,"**Hades → Arcanium: Rise of Akhan** — ""A mix of Hades' 'Heats' system and Slay the Spire's 'Ascension' system"" — [Steam dev post](https://steamcommunity.com/games/1056840/announcements/detail/3031459393707667773)",https://steamcommunity.com/games/1056840/announcements/detail/3031459393707667773,Weaker,to review,,,con-hades--arcanium-rise-of-akhan
Diablo,Backpack Hero,,,Weaker,"**Diablo → Backpack Hero** *(a comparison of the inventory, in the studio's press release)* — Jaspel's Kickstarter press release: ""It uses an inventory system reminiscent of Deus Ex, Diablo, or Resident Evil, but the placement of items determines their effect."" — [24-7 Press Release](https://www.24-7pressrelease.com/press-release/491107/indie-game-backpack-hero-smashes-kickstarter-goal)",https://www.24-7pressrelease.com/press-release/491107/indie-game-backpack-hero-smashes-kickstarter-goal,Weaker,to review,,,con-diablo--backpack-hero
Slay the Spire,Balatro,,,Weaker,"**Slay the Spire → Balatro** *(one feature, added late: the Stake difficulty ladder; the section 3 note that he hadn't played it still holds for the core design)* — LocalThunk's own timeline: ""May 2023 I downloaded Slay the Spire and played it for the first time. Holy shit. now that is a game… Thank goodness I avoided playing it until now"", then on the 1.0 content: ""The biggest addition is the inclusion of a sort of 'ascension' system. This is from Slay the Spire (see? Told you I'd steal from it)"" — [localthunk.com](https://localthunk.com/blog/balatro-timeline-3aarh)",https://localthunk.com/blog/balatro-timeline-3aarh,Weaker,on sheet,,,con-slay-the-spire--balatro
Risk of Rain 2,Beat Blast,,,Weaker,"**Risk of Rain 2 → Beat Blast** *(no connections today; one UI decision)* — ""Also we are removing exact stat numbers from passive descriptions, similar to how Risk of Rain 2 does it."" — [Steam dev post](https://steamcommunity.com/games/1072640/announcements/detail/2900836612645372764)",https://steamcommunity.com/games/1072640/announcements/detail/2900836612645372764,Weaker,to review,,,con-risk-of-rain-2--beat-blast
Ancient Domains of Mystery,CastlevaniaRL,,,Weaker,"**Ancient Domains of Mystery → CastlevaniaRL** *(said of the 2024 sequel, CvRL2, not the 2005 game)* — Slashie describes CvRL2 as ""a retelling of the classic Castlevania 2 for the NES, in a format heavily inspired by ADoM"". CastlevaniaRL's own README says only ""inspired on the Castlevania Series"", and his RogueTemple interview names what he liked in ADOM (""the variety of classes and races""). Add it only if you'd count the series. — [CvRL2 on Slashie's blog](https://blog.slashie.net/2024/04/04/cvrl2-ghostly-canvas-0-0-6/), [RogueTemple interview](https://blog.roguetemple.com/interviews/slashie-roguetemple/)","https://blog.slashie.net/2024/04/04/cvrl2-ghostly-canvas-0-0-6/
https://blog.roguetemple.com/interviews/slashie-roguetemple/",Weaker,to review,,,con-ancient-domains-of-mystery--castlevaniarl
Slay the Spire 2,Chaos Zero Nightmare,,,Weaker,"**Slay the Spire 2 → Chaos Zero Nightmare** *(one mode; backwards by the chart's years, which date Chaos Zero Nightmare 2025 and Slay the Spire 2 2026: the multiplayer came in an update)* — Choi Seung-hyun (live director): ""As you said, it is true that we are preparing multiplayer by being inspired by the multi-mode of Slay the Spire 2."" *(both games are degree 1)* — [Inven Global](https://www.invenglobal.com/articles/21302/chaos-zero-nightmare-at-half-year-mark-an-inflection-point-for-strengthening-core-gameplay-and-expanding-ip)",https://www.invenglobal.com/articles/21302/chaos-zero-nightmare-at-half-year-mark-an-inflection-point-for-strengthening-core-gameplay-and-expanding-ip,Weaker,to review,,,con-slay-the-spire-2--chaos-zero-nightmare
Diablo,Conquest Dark,,,Weaker,"**Diablo → Conquest Dark** *(one feature; said of Diablo II, and the chart has the first Diablo)* — Irmstoi (Eldritch Sword Games), its solo developer, introducing the Runewords system: ""As many of you can probably guess it takes heavy inspiration from Diablo 2’s runeword system while adding its own unique twist to it."" — [Steam dev post, ""Monthly Development Update - August 2026""](https://steamcommunity.com/ogg/3238670/announcements/detail/674001920444073971)",https://steamcommunity.com/ogg/3238670/announcements/detail/674001920444073971,Weaker,to review,,,con-diablo--conquest-dark
Death Must Die,Conquest Dark,,,Weaker,"**Death Must Die → Conquest Dark**, **Halls of Torment → Conquest Dark** *(unconfirmed: the developer and publisher's press release)* — the Early Access launch release (Eldritch Sword Games and Mad Mushroom, 30 April 2025), as quoted by two separate searches: the game ""is inspired by titles like Vampire Survivors, Death Must Die, and Halls of Torment"". Games Press, its host, refuses fetching from here (401, and 404 on its other address), so read it yourself before adding. The same line would source the sheet's Vampire Survivors → Conquest Dark row, which says `check folder` — [Games Press](https://www.gamespress.com/Conquest-Dark---the-New-Sword-Sorcery-Horde-Survivor-Title---Now-Avail)",https://www.gamespress.com/Conquest-Dark---the-New-Sword-Sorcery-Horde-Survivor-Title---Now-Avail,Weaker,to review,,,con-death-must-die--conquest-dark
Halls of Torment,Conquest Dark,,,Weaker,"**Death Must Die → Conquest Dark**, **Halls of Torment → Conquest Dark** *(unconfirmed: the developer and publisher's press release)* — the Early Access launch release (Eldritch Sword Games and Mad Mushroom, 30 April 2025), as quoted by two separate searches: the game ""is inspired by titles like Vampire Survivors, Death Must Die, and Halls of Torment"". Games Press, its host, refuses fetching from here (401, and 404 on its other address), so read it yourself before adding. The same line would source the sheet's Vampire Survivors → Conquest Dark row, which says `check folder` — [Games Press](https://www.gamespress.com/Conquest-Dark---the-New-Sword-Sorcery-Horde-Survivor-Title---Now-Avail)",https://www.gamespress.com/Conquest-Dark---the-New-Sword-Sorcery-Horde-Survivor-Title---Now-Avail,Weaker,to review,,,con-halls-of-torment--conquest-dark
The Binding of Isaac,Crown Trick,,,Weaker,"**The Binding of Isaac → Crown Trick**, **Crypt of the NecroDancer → Crown Trick** *(comparisons, in the same devlog as the Shiren line in section 1)* — ""Our game differs from the big map setting of Shiren The Wanderer. Instead, our game is similar to The Binding of Isaac: Rebirth with an underground labyrinth of rooms as the setting."" and ""The well-known music battle game Crypt of the NecroDancer also uses a similar combat system."" — [Steam dev post](https://steamcommunity.com/games/1000010/announcements/detail/1712958942358263915)",https://steamcommunity.com/games/1000010/announcements/detail/1712958942358263915,Weaker,to review,,,con-the-binding-of-isaac--crown-trick
Crypt of the NecroDancer,Crown Trick,,,Weaker,"**The Binding of Isaac → Crown Trick**, **Crypt of the NecroDancer → Crown Trick** *(comparisons, in the same devlog as the Shiren line in section 1)* — ""Our game differs from the big map setting of Shiren The Wanderer. Instead, our game is similar to The Binding of Isaac: Rebirth with an underground labyrinth of rooms as the setting."" and ""The well-known music battle game Crypt of the NecroDancer also uses a similar combat system."" — [Steam dev post](https://steamcommunity.com/games/1000010/announcements/detail/1712958942358263915)",https://steamcommunity.com/games/1000010/announcements/detail/1712958942358263915,Weaker,to review,,,con-crypt-of-the-necrodancer--crown-trick
Death Must Die,Curse of Pirates,,,Weaker,"**Death Must Die → Curse of Pirates** *(the publisher's words, not the developer's)* — HeroCraft PC's demo press release, of Funky Parrot: ""Drawing inspiration from Hades, Death Must Die, and the eerie charm of Pirates of the Caribbean, the team blends tight gameplay with high-seas adventure."" *(Hades and Vampire Survivors are its two rows today, from the store page's ""inspired by Vampire Survivors and Hades"".)* — [Games Press](https://www.gamespress.com/Test-Your-Sea-Legs-in-the-Curse-of-Pirates-Demo-the-Chaotic-Action-Rog)",https://www.gamespress.com/Test-Your-Sea-Legs-in-the-Curse-of-Pirates-Demo-the-Chaotic-Action-Rog,Weaker,on sheet,,,con-death-must-die--curse-of-pirates
Dead Cells,Curse of the Dead Gods,,,Weaker,"**Dead Cells → Curse of the Dead Gods** (feature) — ""Vault rooms (Cursed Chests in Dead Cells): A new room type inspired by the Cursed Chest in Dead Cells!"" — [Steam dev post](https://steamcommunity.com/games/1123770/announcements/detail/3046097994804047794)",https://steamcommunity.com/games/1123770/announcements/detail/3046097994804047794,Weaker,to review,,,con-dead-cells--curse-of-the-dead-gods
Luck be a Landlord,Dice A Million,,,Weaker,"**Luck be a Landlord → Dice A Million** *(the publisher's words, not the developer's)* — the launch press release, issued by 2 Left Thumbs: ""Inspired by other ""big number"" roguelikes like Luck Be A Landlord and Balatro, this game looks to give a fresh and innovative new take on the growing subgenre."" *(The same sentence is the first written word on the sheet's Balatro → Dice A Million row, now `look at it`.)* — [Games Press](https://www.gamespress.com/New-Big-Number-Roguelike-Dice-A-Million-is-Out-Now)",https://www.gamespress.com/New-Big-Number-Roguelike-Dice-A-Million-is-Out-Now,Weaker,to review,,,con-luck-be-a-landlord--dice-a-million
The Binding of Isaac,Dimensionals,,,Weaker,"**The Binding of Isaac → Dimensionals** *(why they chose the genre, not a design source)* — Mino Games, announcing the Steam page: ""It didn't take long to decide what genre we wanted to build. Since the Binding of Isaac and Slay the Spire, roguelikes have a special place in my heart. I love stacking up insane combos, replaying endlessly, and the deep strategy and tactics"". *(The same line is the first first-hand word on the sheet's Slay the Spire → Dimensionals row, now `check folder`; see section 4. Pokémon, the main series, is the other influence the post names; it isn't on the chart.)* — [Steam dev post](https://steamcommunity.com/games/2856450/announcements/detail/5819285948079731016)",https://steamcommunity.com/games/2856450/announcements/detail/5819285948079731016,Weaker,to review,,,con-the-binding-of-isaac--dimensionals
Slay the Spire,Drop Duchy,,,Weaker,"**Slay the Spire → Drop Duchy**, **Dicey Dungeons → Drop Duchy** *(journalists only)* — Digital Trends: ""Drop Duchy takes some immediate notes from a much different game: Slay the Spire""; Polygon: ""not unlike Dicey Dungeons or Balatro"". The developer's 16 devlogs name only Balatro. — [Digital Trends](https://www.digitaltrends.com/gaming/drop-duchy-puzzle-game-preview/)",https://www.digitaltrends.com/gaming/drop-duchy-puzzle-game-preview/,Weaker,to review,,,con-slay-the-spire--drop-duchy
Dicey Dungeons,Drop Duchy,,,Weaker,"**Slay the Spire → Drop Duchy**, **Dicey Dungeons → Drop Duchy** *(journalists only)* — Digital Trends: ""Drop Duchy takes some immediate notes from a much different game: Slay the Spire""; Polygon: ""not unlike Dicey Dungeons or Balatro"". The developer's 16 devlogs name only Balatro. — [Digital Trends](https://www.digitaltrends.com/gaming/drop-duchy-puzzle-game-preview/)",https://www.digitaltrends.com/gaming/drop-duchy-puzzle-game-preview/,Weaker,to review,,,con-dicey-dungeons--drop-duchy
Hoplite,Fights in Tight Spaces,,,Weaker,"**Hoplite → Fights in Tight Spaces** *(the first pitch)* — James Parker (Ground Shatter): ""The very first pitch that I sent to Paul [Kilduff-Taylor of Mode 7] said 'Are you interested in Fights in Tight Spaces: it's Into the Breach/Hoplite meets a Jason Statham film?' and it hasn't changed much since then."" *(Into the Breach is already a row.)* — [Film Stories preview](https://filmstories.co.uk/gaming/fights-in-tight-spaces-fights-in-spaces-which-are-tight/)",https://filmstories.co.uk/gaming/fights-in-tight-spaces-fights-in-spaces-which-are-tight/,Weaker,to review,,,con-hoplite--fights-in-tight-spaces
Hades,Godbreakers,,,Weaker,**Hades → Godbreakers** — same as **Risk of Rain 2 → Godbreakers**,,Weaker,to review,,,con-hades--godbreakers
Risk of Rain 2,Godbreakers,,,Weaker,"**Risk of Rain 2 → Godbreakers** — journalist relaying the devs' presentation: ""To The Sky also gave specific shoutouts to Risk Of Rain 2, and of course, Hades."" — [DualShockers](https://www.dualshockers.com/godbreakers-hands-on-preview-reveal/)",https://www.dualshockers.com/godbreakers-hands-on-preview-reveal/,Weaker,to review,,,con-risk-of-rain-2--godbreakers
Downwell,Gunlocked 2,,,Weaker,"**Downwell → Gunlocked 2** *(a nickname the developer adopts)* — ""finally add that roguelike-inspired mode to properly earn the ""Reverse Downwell"" comparison (sort of)."" — [Steam dev post](https://steamcommunity.com/games/3492830/announcements/detail/768552869317051448)",https://steamcommunity.com/games/3492830/announcements/detail/768552869317051448,Weaker,to review,,,con-downwell--gunlocked-2
Spelunky,Heat Signature,,,Weaker,"**Spelunky → Heat Signature** — ""a Story Generator … the common thread between my love for Deus Ex, Spelunky and Invisible Inc."" — [pentadact](https://www.pentadact.com/2017-09-27-heat-signatures-launch-and-first-player-legend/)",https://www.pentadact.com/2017-09-27-heat-signatures-launch-and-first-player-legend/,Weaker,to review,,,con-spelunky--heat-signature
Darkest Dungeon,How Many Dudes?,,,Weaker,"**Darkest Dungeon → How Many Dudes?**, **He is Coming → How Many Dudes?** *(the camera angle only)* — Sam and Seth Coster (Butterscotch Shenanigans), on the studio blog: ""After a brief discussion we unanimously went with How Many Dudes, then dug up some references for the vantage point from TABS, Darkest Dungeon, and He is Coming (a small roguelike we'd recently played for fun)."" *(TABS, the game the Kotaku interview pairs with Balatro, isn't on the chart.)* — [bscotch.net](https://blog.bscotch.net/post/indie-game-dev-timeline-for-how-many-dudes/)",https://blog.bscotch.net/post/indie-game-dev-timeline-for-how-many-dudes/,Weaker,to review,,,con-darkest-dungeon--how-many-dudes
He is Coming,How Many Dudes?,,,Weaker,"**Darkest Dungeon → How Many Dudes?**, **He is Coming → How Many Dudes?** *(the camera angle only)* — Sam and Seth Coster (Butterscotch Shenanigans), on the studio blog: ""After a brief discussion we unanimously went with How Many Dudes, then dug up some references for the vantage point from TABS, Darkest Dungeon, and He is Coming (a small roguelike we'd recently played for fun)."" *(TABS, the game the Kotaku interview pairs with Balatro, isn't on the chart.)* — [bscotch.net](https://blog.bscotch.net/post/indie-game-dev-timeline-for-how-many-dudes/)",https://blog.bscotch.net/post/indie-game-dev-timeline-for-how-many-dudes/,Weaker,to review,,,con-he-is-coming--how-many-dudes
Vampire Survivors,How Many Dudes?,,,Weaker,"**Vampire Survivors → How Many Dudes?** *(one of the hits they studied, not named as a model)* — same post as **Darkest Dungeon → How Many Dudes?**: ""There were all kinds of hit games like Brotato, Balatro, Peak, and Vampire Survivors. These games didn't focus on any of the things we had been focusing on in Crashlands 2. … They were all about pick-up-and-play mechanics with a ton of variety and replayability."" *(Brotato and Balatro are its two rows today; see section 4.)* — [bscotch.net](https://blog.bscotch.net/post/indie-game-dev-timeline-for-how-many-dudes/)",https://blog.bscotch.net/post/indie-game-dev-timeline-for-how-many-dudes/,Weaker,to review,,,con-vampire-survivors--how-many-dudes
Rogue Legacy,In Celebration of Violence,,,Weaker,"**Rogue Legacy → In Celebration of Violence**, **The Binding of Isaac → In Celebration of Violence** *(a pitch comparison, not worded as inspiration)* — Julian Edison, on the store page: ""This is like if The Binding of Isaac and Dark Souls got smushed together. And Rogue Legacy is is there too. And Hammerwatch."" — [Steam](https://store.steampowered.com/app/509570)",https://store.steampowered.com/app/509570,Weaker,to review,,,con-rogue-legacy--in-celebration-of-violence
The Binding of Isaac,In Celebration of Violence,,,Weaker,"**Rogue Legacy → In Celebration of Violence**, **The Binding of Isaac → In Celebration of Violence** *(a pitch comparison, not worded as inspiration)* — Julian Edison, on the store page: ""This is like if The Binding of Isaac and Dark Souls got smushed together. And Rogue Legacy is is there too. And Hammerwatch."" — [Steam](https://store.steampowered.com/app/509570)",https://store.steampowered.com/app/509570,Weaker,to review,,,con-the-binding-of-isaac--in-celebration-of-violence
The Binding of Isaac,In Celebration of Violence,,,Weaker,"**The Binding of Isaac → In Celebration of Violence**, **Rogue Legacy → In Celebration of Violence** *(the publisher's words, not the developer's)* — Dolores Entertainment's Switch announcement: ""inspired by great games such as The Binding of Isaac, Dark Souls, Rogue Legacy and even Hammerwatch"". Julian Edison's own page names only ""Hammerwatch, Risk of Rain, and Dark Souls"" (Risk of Rain is on the sheet already). — [Nintendo Everything, relaying the announcement](https://nintendoeverything.com/fantasy-action-roguelike-in-celebration-of-violence-announced-for-switch-this-month/), [Edison's page](https://www.julianedisonart.com/icov)","https://nintendoeverything.com/fantasy-action-roguelike-in-celebration-of-violence-announced-for-switch-this-month/
https://www.julianedisonart.com/icov",Weaker,to review,,,con-the-binding-of-isaac--in-celebration-of-violence-2
Rogue Legacy,In Celebration of Violence,,,Weaker,"**The Binding of Isaac → In Celebration of Violence**, **Rogue Legacy → In Celebration of Violence** *(the publisher's words, not the developer's)* — Dolores Entertainment's Switch announcement: ""inspired by great games such as The Binding of Isaac, Dark Souls, Rogue Legacy and even Hammerwatch"". Julian Edison's own page names only ""Hammerwatch, Risk of Rain, and Dark Souls"" (Risk of Rain is on the sheet already). — [Nintendo Everything, relaying the announcement](https://nintendoeverything.com/fantasy-action-roguelike-in-celebration-of-violence-announced-for-switch-this-month/), [Edison's page](https://www.julianedisonart.com/icov)","https://nintendoeverything.com/fantasy-action-roguelike-in-celebration-of-violence-announced-for-switch-this-month/
https://www.julianedisonart.com/icov",Weaker,to review,,,con-rogue-legacy--in-celebration-of-violence-2
Ancient Domains of Mystery,Iter Vehemens Ad Necem,,,Weaker,"**Ancient Domains of Mystery → Iter Vehemens Ad Necem** *(the engine and a few features, in the original team's internal notes)* — ""The tick based event engine copied from Adom should be replaced…"" and ""Weapon skills should affect attack AP costs as in ADOM."" — [Doc/Work/Great Jobs.txt](https://github.com/Attnam/ivan/blob/master/Doc/Work/Great%20Jobs.txt)",https://github.com/Attnam/ivan/blob/master/Doc/Work/Great%20Jobs.txt,Weaker,to review,,,con-ancient-domains-of-mystery--iter-vehemens-ad-necem
Cogmind,Jupiter Hell,,,Weaker,"**Cogmind → Jupiter Hell** — ""a new general purpose level generator (inspired by the awesome roguelike Cogmind)"" — [Steam dev post](https://steamcommunity.com/games/811320/announcements/detail/1610515908993060550)",https://steamcommunity.com/games/811320/announcements/detail/1610515908993060550,Weaker,to review,,,con-cogmind--jupiter-hell
Diablo,Keeper's Toll,,,Weaker,"**Diablo → Keeper's Toll** *(a comparison)* — ""Our character classes are akin to those found in classic RPGs like Diablo, each boasting a distinctive play style."" — [Steam dev post](https://steamcommunity.com/games/2002220/announcements/detail/6055700197101811842)",https://steamcommunity.com/games/2002220/announcements/detail/6055700197101811842,Weaker,to review,,,con-diablo--keeper-s-toll
Azure Dreams,Labyrinth of Legendary Loot,,,Weaker,"**Azure Dreams → Labyrinth of Legendary Loot** *(and the Pokémon Mystery Dungeon series, if you pick an entry for it)* — omegazion, its developer, asked what games inspired it: ""I was mainly inspired by Tales of Maj'Eyal, Brogue, and the Pokemon Mystery Dungeon series. There's also this old PS game called Azure Dreams which not a lot of people know about."" — [Reddit](https://www.reddit.com/r/AndroidGaming/comments/jyfdyo/dev_labyrinth_of_legendary_loot_a_traditional/gdbln46/)",https://www.reddit.com/r/AndroidGaming/comments/jyfdyo/dev_labyrinth_of_legendary_loot_a_traditional/gdbln46/,Weaker,on sheet,,,con-azure-dreams--labyrinth-of-legendary-loot
Moria,LambdaRogue: The Book of Stars,,,Weaker,"**Moria → LambdaRogue: The Book of Stars** — Mario Donick, its developer, in a 2008 comment: ""in mouse-only RPGs like Diablo or Sacred (which are the main influences I have, combined with lots of Angband and Moria) you manage inventory and other menus with the mouse, too."" — [Temple of the Roguelike](https://blog.roguetemple.com/2008/05/24/lambdarogue-development-goes-strong/)",https://blog.roguetemple.com/2008/05/24/lambdarogue-development-goes-strong/,Weaker,on sheet,,,con-moria--lambdarogue-the-book-of-stars
Hack,Larn,,,Weaker,"**Hack → Larn** *(a comparison)* — Noah Morgan's 1986 README: ""Larn is an adventure/action game similar in concept to rogue or hack, but with a much different feel."" — [games/larn/README](https://github.com/NetBSD/src/blob/trunk/games/larn/README)",https://github.com/NetBSD/src/blob/trunk/games/larn/README,Weaker,to review,,,con-hack--larn
Rogue,Linley's Dungeon Crawl,,,Weaker,"**Rogue → Linley's Dungeon Crawl**, **Hack → Linley's Dungeon Crawl**, **Moria → Linley's Dungeon Crawl** *(a genre lineage: ""in the grand tradition of"", not ""based on"")* — Linley Henzell, the first line of his own manual for Crawl 3.x: ""Crawl is a fun game in the grand tradition of games like Rogue, Hack and Moria."" The Stone Soup team's later history goes further (""Linley based Crawl on popular roguelikes of the time, namely Moria, Hack, and NetHack""). — [crawl.txt, Linley's 1997-99 manual](https://github.com/crawl/crawl/blob/673bdae75485d14f759af597c3c62b99601f9a43/trunk/docs/crawl.txt)",https://github.com/crawl/crawl/blob/673bdae75485d14f759af597c3c62b99601f9a43/trunk/docs/crawl.txt,Weaker,to review,,,con-rogue--linley-s-dungeon-crawl
Hack,Linley's Dungeon Crawl,,,Weaker,"**Rogue → Linley's Dungeon Crawl**, **Hack → Linley's Dungeon Crawl**, **Moria → Linley's Dungeon Crawl** *(a genre lineage: ""in the grand tradition of"", not ""based on"")* — Linley Henzell, the first line of his own manual for Crawl 3.x: ""Crawl is a fun game in the grand tradition of games like Rogue, Hack and Moria."" The Stone Soup team's later history goes further (""Linley based Crawl on popular roguelikes of the time, namely Moria, Hack, and NetHack""). — [crawl.txt, Linley's 1997-99 manual](https://github.com/crawl/crawl/blob/673bdae75485d14f759af597c3c62b99601f9a43/trunk/docs/crawl.txt)",https://github.com/crawl/crawl/blob/673bdae75485d14f759af597c3c62b99601f9a43/trunk/docs/crawl.txt,Weaker,to review,,,con-hack--linley-s-dungeon-crawl
Moria,Linley's Dungeon Crawl,,,Weaker,"**Rogue → Linley's Dungeon Crawl**, **Hack → Linley's Dungeon Crawl**, **Moria → Linley's Dungeon Crawl** *(a genre lineage: ""in the grand tradition of"", not ""based on"")* — Linley Henzell, the first line of his own manual for Crawl 3.x: ""Crawl is a fun game in the grand tradition of games like Rogue, Hack and Moria."" The Stone Soup team's later history goes further (""Linley based Crawl on popular roguelikes of the time, namely Moria, Hack, and NetHack""). — [crawl.txt, Linley's 1997-99 manual](https://github.com/crawl/crawl/blob/673bdae75485d14f759af597c3c62b99601f9a43/trunk/docs/crawl.txt)",https://github.com/crawl/crawl/blob/673bdae75485d14f759af597c3c62b99601f9a43/trunk/docs/crawl.txt,Weaker,to review,,,con-moria--linley-s-dungeon-crawl
Hack,Spelunky Classic,,,Weaker,"**Hack → Spelunky Classic** *(random generation)* — Derek Yu, asked why he favoured procedural levels: ""I've always been a big fan of random-generation in games, starting with Hack and Nethack. As a player, it feels more exciting when you know you're not playing by a script."" — [Game Developer](https://www.gamedeveloper.com/game-platforms/interview-i-aquaria-i-s-derek-yu-on-indie-the-pit-of-death)",https://www.gamedeveloper.com/game-platforms/interview-i-aquaria-i-s-derek-yu-on-indie-the-pit-of-death,Weaker,to review,,,con-hack--spelunky-classic
Darkest Dungeon,The Last Spell,,,Weaker,"**Darkest Dungeon → The Last Spell** *(the art's mood only)* — Ishtar Games, on the game's concept art: ""As for the inspirations, we could mention 3 main ones for the pixel art of the game: Into The Breach for the readability aspect Stoneshard for the very nice high res sprites! Obviously, Final Fantasy Tactics! In terms of ""mood/atmosphere"", Darkest Dungeon definitely comes to mind!"" *(Into the Breach and Stoneshard are already rows; this is a first-hand source for both.)* — [Steam dev post, ""The concept arts of The Last Spell""](https://store.steampowered.com/news/app/1105670/view/4032396530940803324)",https://store.steampowered.com/news/app/1105670/view/4032396530940803324,Weaker,to review,,,con-darkest-dungeon--the-last-spell
Hades,Lone Ruin,,,Weaker,"**Hades → Lone Ruin**, **Slay the Spire → Lone Ruin** *(the map: Slay the Spire's first, then Hades's)* — its developer, asked in Game Rant's interview whether Hades played a part: ""It's hard to escape comparisons to Hades when making an action-roguelike. Its inspiration on Lone Ruin probably came in a bit later, with us moving from a Slay the Spire-style map to Hades-style 'pick your exit' pathing."" *(The interview the sheet already cites for its Downwell, Nuclear Throne and SNKRX rows. Hyper Light Drifter, which he says ""left a huge mark"", isn't on the chart.)* — [Game Rant](https://gamerant.com/lone-ruin-interview-roguelike-indie-game-design-inspirations-visuals-coding/)",https://gamerant.com/lone-ruin-interview-roguelike-indie-game-design-inspirations-visuals-coding/,Weaker,to review,,,con-hades--lone-ruin
Slay the Spire,Lone Ruin,,,Weaker,"**Hades → Lone Ruin**, **Slay the Spire → Lone Ruin** *(the map: Slay the Spire's first, then Hades's)* — its developer, asked in Game Rant's interview whether Hades played a part: ""It's hard to escape comparisons to Hades when making an action-roguelike. Its inspiration on Lone Ruin probably came in a bit later, with us moving from a Slay the Spire-style map to Hades-style 'pick your exit' pathing."" *(The interview the sheet already cites for its Downwell, Nuclear Throne and SNKRX rows. Hyper Light Drifter, which he says ""left a huge mark"", isn't on the chart.)* — [Game Rant](https://gamerant.com/lone-ruin-interview-roguelike-indie-game-design-inspirations-visuals-coding/)",https://gamerant.com/lone-ruin-interview-roguelike-indie-game-design-inspirations-visuals-coding/,Weaker,to review,,,con-slay-the-spire--lone-ruin
Diablo,Lost For Swords,,,Weaker,"**Diablo → Lost For Swords** *(one hero; said of Diablo II, and the chart has the first Diablo)* — Max (MaxBytes), revealing the Warlock: ""Warlock is the result of me exploring a darker, more malevolent side of a player character. I've always loved playing Necromancer in Diablo 2, and summoning minions that do your bidding is such a flavorful mechanic I've always wanted to explore."" — [Steam dev post, ""Hero Reveal - Warlock""](https://store.steampowered.com/news/app/2638050/view/1816849002019502)",https://store.steampowered.com/news/app/2638050/view/1816849002019502,Weaker,to review,,,con-diablo--lost-for-swords
Hades,Magicraft,,,Weaker,"**Hades → Magicraft** *(the first idea, which Noita then replaced)* — Shujian (its designer), asked what the game's defining feature came from: 「《哈迪斯》里面有一个「锤子」选项，每次选它之后，角色的能力都会发生极大改变。在我看来，游戏完全可以把这个作为战斗核心去拓展。但游戏并没有这么做，于是我就想，要不我来按照这样的想法做一个游戏。」 (""Hades has a 'hammer' option that changes the character's abilities drastically each time you take it. To me the game could have built its combat around that, but it didn't, so I thought: why don't I make a game on that idea."") He goes on: 「但后来在机缘巧合之下，我玩了《Noita》，突然就明白过来游戏该怎么做了。」 (""But then I happened to play Noita, and suddenly understood how the game should be made."") *(The same interview is the source of the sheet's Isaac and Slay the Spire rows; Noita → Magicraft is already on the chart. Found in the owner's own Magicraft proof screenshot.)* — [Sohu / 游戏葡萄 interview](https://www.sohu.com/a/740136808_204824)",https://www.sohu.com/a/740136808_204824,Weaker,to review,,,con-hades--magicraft
Shiren the Wanderer: The Tower of Fortune and the Dice of Fate,Mystery Chronicle: One Way Heroics,,yes,Weaker,"**Shiren the Wanderer: The Tower of Fortune and the Dice of Fate → Mystery Chronicle: One Way Heroics** *(Dev/Series Relation; pick the Shiren row)* — Spike Chunsoft made it as a Mystery Dungeon spin-off of One Way Heroics. Their store page: it adds ""some well-loved characters from other IPs such as Danganronpa and Shiren the Wanderer""; and to Operation Rainfall: ""it's like a rouge-like dungeon crawler... kinda like Shiren the Wanderer"" and ""It's very close to the heart [of our company] when you look at past games we've done, like Mysterious Dungeon type games."" — [Steam store page](https://store.steampowered.com/app/409000/), [Operation Rainfall](https://operationrainfall.com/2016/06/22/one-way-heroics-interview/)","https://store.steampowered.com/app/409000/
https://operationrainfall.com/2016/06/22/one-way-heroics-interview/",Weaker,to review,,,con-shiren-the-wanderer-the-tower-of-fortune-and-the-dice-of-fate--mystery-chronicle-one-way-heroics
20 Minutes Till Dawn,Nordic Ashes: Survivors of Ragnarok,,,Weaker,"**20 Minutes Till Dawn → Nordic Ashes: Survivors of Ragnarok** *(a comparison; the post writes ""20 Seconds till Dawn"")* — Noxfall Studios, on moving from roguelite to roguelike: ""inspired by top games like The Binding of Isaac and Rogue Legacy among others, but not forgetting that fun part of Survivor games: the pressure of waves and the satisfaction of defeating many enemies at once, like in Vampire Survivors or 20 Seconds till Dawn."" — [Steam dev post, ""Major Update - v0.5.0""](https://store.steampowered.com/news/app/2068280/view/6258337460546996779)",https://store.steampowered.com/news/app/2068280/view/6258337460546996779,Weaker,to review,,,con-20-minutes-till-dawn--nordic-ashes-survivors-of-ragnarok
Into the Breach,Obsidian Prince,,,Weaker,"**Into the Breach → Obsidian Prince** *(the pitch)* — its store page: ""If you enjoyed Into the Breach and Final Fantasy Tactics, you'll love the grid-based challenges in Obsidian Prince."" — [Steam store page](https://store.steampowered.com/app/1373260/)",https://store.steampowered.com/app/1373260/,Weaker,to review,,,con-into-the-breach--obsidian-prince
Hades,The Ouroboros King,,,Weaker,"**Hades → The Ouroboros King** *(a comparison, one feature: the difficulty ladder)* — Oriol Cosp, its developer, in the Reddit post the sheet already cites: ""Runs are organized into 3 stages like other roguelikes like Slay the Spire, and once you've beaten the base game you can make it increasingly difficult like in Hades."" — [Reddit](https://www.reddit.com/r/Games/comments/10uappd/the_ouroboros_king_oriol_cosp_chess_based/)",https://www.reddit.com/r/Games/comments/10uappd/the_ouroboros_king_oriol_cosp_chess_based/,Weaker,to review,,,con-hades--the-ouroboros-king
Nuclear Throne,Paper Animal Adventure,,,Weaker,"**Nuclear Throne → Paper Animal Adventure** *(one character)* — ""Fish now uses the Pew skill instead of the default Tackle skill. This makes him feel a bit more like in Nuclear Throne:)"" — [Steam dev post](https://steamcommunity.com/games/1982120/announcements/detail/4685522407036138977)",https://steamcommunity.com/games/1982120/announcements/detail/4685522407036138977,Weaker,to review,,,con-nuclear-throne--paper-animal-adventure
Hades,Pathogenic,,,Weaker,"**Hades → Pathogenic** *(the interviewer's paraphrase)* — Adventure Gamers, of its developer Matt (Aberrant Labs): ""Stating that the conceit of the game was a 'deeper first stage of Spore, as a roguelike,' adding that he was inspired by games such as The Binding of Isaac and Hades."" *(Isaac is a row today. Tech Times and Wikipedia repeat it from here.)* — [Adventure Gamers](https://adventuregamers.com/article/pathogenic-explained)",https://adventuregamers.com/article/pathogenic-explained,Weaker,to review,,,con-hades--pathogenic
Hoplite,Pawnbarian,,,Weaker,"**Hoplite → Pawnbarian** *(a comparison, the same sentence the Into the Breach row comes from)* — its developer, in the Reddit post the sheet cites: ""Pawnbarian plays like a tight tactical roguelike in the vein of Into the Breach or Hoplite, with some chess and Slay the Spire mixed in."" — [r/Games](https://www.reddit.com/r/Games/comments/vftn02/pawnbarian_j4nw_a_chessinspired_tactical_puzzle/)",https://www.reddit.com/r/Games/comments/vftn02/pawnbarian_j4nw_a_chessinspired_tactical_puzzle/,Weaker,to review,,,con-hoplite--pawnbarian
Die in the Dungeon,Peglin,,,Weaker,"**Die in the Dungeon → Peglin** *(backwards by the chart's years: the sheet dates Die in the Dungeon 2025 and Peglin 2022. The post is a later Peglin update crediting Die in the Dungeon's early-access version, so it only fits if you're happy with an edge running back in time)* — ""Die in the Dungeon: (inspired 2 of the new relics :) )"" — [Steam dev post](https://steamcommunity.com/games/1296610/announcements/detail/3639508760838054968)",https://steamcommunity.com/games/1296610/announcements/detail/3639508760838054968,Weaker,to review,,,con-die-in-the-dungeon--peglin
Nuclear Throne,Picayune Dreams,,,Weaker,**Nuclear Throne → Picayune Dreams** — same as **The Binding of Isaac → Picayune Dreams**,,Weaker,to review,,,con-nuclear-throne--picayune-dreams
The Binding of Isaac,Picayune Dreams,,,Weaker,"**The Binding of Isaac → Picayune Dreams** — ""Schism had similar inspirations as Picayune Dreams, following … The Binding of Isaac and Nuclear Throne."" — [Steam post](https://steamcommunity.com/games/2088840/announcements/detail/3685688504882617185)",https://steamcommunity.com/games/2088840/announcements/detail/3685688504882617185,Weaker,to review,,,con-the-binding-of-isaac--picayune-dreams
The Binding of Isaac,RAM: Random Access Mayhem,,,Weaker,"**The Binding of Isaac → RAM: Random Access Mayhem**, **Risk of Rain 2 → RAM: Random Access Mayhem** *(where the body-swap idea came from)* — Cunningham (Xylem Studios), asked what drew them to the body-swap: ""the most engaging roguelike experiences often come from risky play – Grazing past enemies to hit them with the Cube of Meat in The Binding of Isaac, stacking Shaped Glass in Risk of Rain 2 until both you and the enemies die in one hit … it often doesn't translate into a viable playstyle in typical roguelikes where death is so punishing."" *(On powerups, they say they use neither the ""Isaac"" nor the ""Risk of Rain"" approach.)* — [Game Developer](https://www.gamedeveloper.com/design/ram-random-access-mayhem-s-body-swapping-mechanic-was-born-from-challenges-playing-roguelikes)",https://www.gamedeveloper.com/design/ram-random-access-mayhem-s-body-swapping-mechanic-was-born-from-challenges-playing-roguelikes,Weaker,to review,,,con-the-binding-of-isaac--ram-random-access-mayhem
Risk of Rain 2,RAM: Random Access Mayhem,,,Weaker,"**The Binding of Isaac → RAM: Random Access Mayhem**, **Risk of Rain 2 → RAM: Random Access Mayhem** *(where the body-swap idea came from)* — Cunningham (Xylem Studios), asked what drew them to the body-swap: ""the most engaging roguelike experiences often come from risky play – Grazing past enemies to hit them with the Cube of Meat in The Binding of Isaac, stacking Shaped Glass in Risk of Rain 2 until both you and the enemies die in one hit … it often doesn't translate into a viable playstyle in typical roguelikes where death is so punishing."" *(On powerups, they say they use neither the ""Isaac"" nor the ""Risk of Rain"" approach.)* — [Game Developer](https://www.gamedeveloper.com/design/ram-random-access-mayhem-s-body-swapping-mechanic-was-born-from-challenges-playing-roguelikes)",https://www.gamedeveloper.com/design/ram-random-access-mayhem-s-body-swapping-mechanic-was-born-from-challenges-playing-roguelikes,Weaker,to review,,,con-risk-of-rain-2--ram-random-access-mayhem
Diablo,Rogue Wizards,,,Weaker,"**Diablo → Rogue Wizards** *(a quest named after Diablo's, and a lifelong favourite)* — Colin Day (Spellbind Studios), asked whether the ""Den of Evil"" is a Diablo reference: ""Yep, the ""Den of Evil"" is definitely a nod to Diablo, one of my favorite series and that has been a part of my gaming DNA for a really long time."" *(He worked on Diablo 3 at Blizzard North. Its two rows today are Dungeons of Dredmor and Sword of Fargoal, from the same interview.)* — [GameSkinny](https://www.gameskinny.com/culture/interview-with-colin-day-creator-of-rogue-wizards-and-founder-of-spellbind-studios/)",https://www.gameskinny.com/culture/interview-with-colin-day-creator-of-rogue-wizards-and-founder-of-spellbind-studios/,Weaker,to review,,,con-diablo--rogue-wizards
Hades,Shape Shifter: Formations,,,Weaker,"**Hades → Shape Shifter: Formations** *(one feature: the difficulty modifiers)* — Castec Studios, in the Reddit post its two rows already cite: ""We also have a customizable difficulty system with many different modifiers, somewhat similar to the heat system seen in Hades"". — [r/Games](https://www.reddit.com/r/Games/comments/16x0fkk/shape_shifter_formations_castec_studios_an_action/)",https://www.reddit.com/r/Games/comments/16x0fkk/shape_shifter_formations_castec_studios_an_action/,Weaker,to review,,,con-hades--shape-shifter-formations
Heretic's Fork,Slime 3K: Rise Against Despot,,,Weaker,"**Heretic's Fork → Slime 3K: Rise Against Despot** — ""a new ability that pays tribute to Heretic's Fork"" — [Steam dev post](https://steamcommunity.com/games/2348610/announcements/detail/4025723667734553082)",https://steamcommunity.com/games/2348610/announcements/detail/4025723667734553082,Weaker,to review,,,con-heretic-s-fork--slime-3k-rise-against-despot
Balatro,Slots & Daggers,,,Weaker,"**Balatro → Slots & Daggers** — ""I had thought about gambling and casino-style mechanics, and how they have inspired very successful recent titles like Balatro or Vampire Survivors."" — [indiegames.wtf interview](https://indiegames.wtf/interviews/slots-daggers-the-roguelite-between-luck-and-strategy/)",https://indiegames.wtf/interviews/slots-daggers-the-roguelite-between-luck-and-strategy/,Weaker,to review,,,con-balatro--slots-and-daggers
Vampire Survivors,Slots & Daggers,,,Weaker,**Vampire Survivors → Slots & Daggers** — same as **Balatro → Slots & Daggers**,,Weaker,to review,,,con-vampire-survivors--slots-and-daggers
Soulstone Survivors,The Spell Brigade,,,Weaker,"**Soulstone Survivors → The Spell Brigade** *(what they were playing when they picked the genre)* — Bolt Blaster Games, in a Q&A: ""Around that time, we were all playing a lot of games like Vampire Survivors and Soulstone Survivors, and we were very hyped for Deep Rock Galactic: Survivor. We really felt that space had a lot of potential, especially for co-op."" — [Steam dev post, ""Q&A with the Dev Team""](https://store.steampowered.com/news/app/2904000/view/1823191198616201)",https://store.steampowered.com/news/app/2904000/view/1823191198616201,Weaker,to review,,,con-soulstone-survivors--the-spell-brigade
FTL,Spiritfall,,,Weaker,"**FTL → Spiritfall** *(the map)* — Gentle Giant, asked which roguelikes inspired it: ""Games with a map that allow you to make quick but long-term decisions also come to mind, like Slay the Spire or FTL."" *(The same answer is the first first-hand source for its Hades and Slay the Spire rows; see section 4.)* — [Game Developer](https://www.gamedeveloper.com/design/how-i-spiritfall-i-brings-platform-fighters-into-the-roguelike-boom)",https://www.gamedeveloper.com/design/how-i-spiritfall-i-brings-platform-fighters-into-the-roguelike-boom,Weaker,to review,,,con-ftl--spiritfall
Enter the Gungeon,Streets of Rogue,,,Weaker,"**Enter the Gungeon → Streets of Rogue** *(a pitch comparison)* — Matt Dabrowski, asked to sum the game up: ""Streets of Rogue is kind of like a mini Deus Ex meets Enter the Gungeon."" *(Its rows are Isaac, Nuclear Throne and Spelunky Classic; see section 4.)* — [Nerdly](https://www.nerdly.co.uk/2019/08/30/interview-streets-of-rogue-developer-matt-dabrowski/)",https://www.nerdly.co.uk/2019/08/30/interview-streets-of-rogue-developer-matt-dabrowski/,Weaker,to review,,,con-enter-the-gungeon--streets-of-rogue
Diablo,SULFUR,,,Weaker,"**Diablo → SULFUR** *(UI only)* — Perfect Random: ""When we updated the UI for the Steam Deck, we had taken inspiration from games like Diablo, Escape from Tarkov, and thankfully Resident Evil 4."" — ""How We Make SULFUR Feel at Home on Steam Deck"", Steam announcement, Oct 2024 *(its page no longer opens, so it looks removed; the text is still in Steam's [news feed](https://api.steampowered.com/ISteamNews/GetNewsForApp/v2/?appid=2124120&count=100&maxlength=0), search it for ""Diablo"")*",https://api.steampowered.com/ISteamNews/GetNewsForApp/v2/?appid=2124120&count=100&maxlength=0,Weaker,to review,,,con-diablo--sulfur
Dwarf Fortress,Switchcars,,,Weaker,"**Dwarf Fortress → Switchcars** *(the kind of game he wants it to join)* — Slobodan (its developer), asked what sets Switchcars apart: ""I also love games that deal with unpredictable, emergent systems, such as Spelunky, Dwarf Fortress, and even DayZ or Project Reality, in which the player must constantly improvise … I wish Switchars would contribute to that type of games"". *(The interview its three rows cite; see section 4.)* — [EmuGlx](https://www.emuglx.org/reportaze/interview/exclusive-switchcars-interview/)",https://www.emuglx.org/reportaze/interview/exclusive-switchcars-interview/,Weaker,to review,,,con-dwarf-fortress--switchcars
Nuclear Throne,Synthetik: Legion Rising,,,Weaker,"**Nuclear Throne → Synthetik: Legion Rising** *(a comparison, one feature)* — Flow Fire Games, in the Reddit AMA its Risk of Rain row cites: ""the game offers 8 classes with unprecedented customization, each class having 15 different modules (a bit like COD / Nuclear throne perks but crazier) … where a game like gungeon gives you 1 perk and 1 pistol."" — [r/IAmA](https://www.reddit.com/r/IAmA/comments/9m53vr/after_a_failed_kickstarter_and_3_years_of_working/)",https://www.reddit.com/r/IAmA/comments/9m53vr/after_a_failed_kickstarter_and_3_years_of_working/,Weaker,to review,,,con-nuclear-throne--synthetik-legion-rising
Sil,Tangledeep,,,Weaker,"**Sil → Tangledeep** — one job ""Inspired by the roguelike Sil"" — [Steam dev post](https://steamcommunity.com/games/628770/announcements/detail/1464092108240056336)",https://steamcommunity.com/games/628770/announcements/detail/1464092108240056336,Weaker,to review,,,con-sil--tangledeep
Neophyte,Tiny Rogues,,,Weaker,"**Neophyte → Tiny Rogues** *(an homage item)* — Tiny Rogues patch notes, ""Homages to awesome games!"": ""Neophyte is a mini topdown action roguelike. I played this game even before it was available on Steam and immediately fell in love with it! I asked the developer RegalPigeon about some secret Neophyte lore that I could use to get inspiration for a good reference."" Same post, on Revita: ""The lead developer BenStar has been an inspiration for myself ever since I caught my first glimpse of Revita."" *(Revita → Tiny Rogues is already on the sheet; this is a first-hand source for it.)* — [Steam dev post](https://steamcommunity.com/games/2088570/announcements/detail/6770639657665738311)",https://steamcommunity.com/games/2088570/announcements/detail/6770639657665738311,Weaker,to review,,,con-neophyte--tiny-rogues
Rogue Tower,Tower Factory,,,Weaker,"**Rogue Tower → Tower Factory** *(the pitch)* — Gius Caminiti, its sole developer: ""Honestly, I think if you like management games like Factorio or Satisfactory and tower defenses, like Rogue Tower, you're going to love this game!"" *(Both of its rows today are `check folder`.)* — [Steam dev post](https://steamcommunity.com/games/2707490/announcements/detail/7862791756729059697)",https://steamcommunity.com/games/2707490/announcements/detail/7862791756729059697,Weaker,to review,,,con-rogue-tower--tower-factory
Astral Ascent,Voin,,,Weaker,"**Astral Ascent → Voin** — forge mechanic ""pretty much inspired by The Forge from Astral Ascent"" — [Steam dev post](https://steamcommunity.com/games/2464530/announcements/detail/3860212413410895582)",https://steamcommunity.com/games/2464530/announcements/detail/3860212413410895582,Weaker,to review,,,con-astral-ascent--voin
Ultima Ratio Regum,Wayward,,,Weaker,"**Ultima Ratio Regum → Wayward** *(one feature, world generation)* — Vaughn Royko, on reworking Wayward's world generator: ""This world generation from the upcoming roguelike, Ultima Ratio Regum is also quite beautiful. Kind of like a nicer, more biome-realistic version of Dwarf Fortress."" — [Unlok blog](https://www.unlok.ca/wayward/inspiration-time-world-building/)",https://www.unlok.ca/wayward/inspiration-time-world-building/,Weaker,on sheet,,,con-ultima-ratio-regum--wayward
Darkest Dungeon,Winnie's Hole,,,Weaker,"**Darkest Dungeon → Winnie's Hole** *(the art's tone)* — Simon Boxer (Twice Different): ""I wanted to get a bit more Brother's Grimm, sort of a dark edge to it … Between Darkest Dungeon and a Nickelodeon cartoon vibe."" *(The same piece says the team was ""inspired by the success of titles like Hades"" to adapt a public-domain character, but that's the writer's line, not his.)* — [ScreenHub](https://www.screenhub.com.au/news/features/winnies-hole-interview-2691602/)",https://www.screenhub.com.au/news/features/winnies-hole-interview-2691602/,Weaker,to review,,,con-darkest-dungeon--winnie-s-hole
Darkest Dungeon,Witch's Apocalyptic Journey,,,Weaker,"**Darkest Dungeon → Witch's Apocalyptic Journey** *(main menu only)* — ""Option A: Illustrated Main Menu Inspired by the composition style of games like Darkest Dungeon"" — [Steam dev post](https://steamcommunity.com/games/3709430/announcements/detail/708899744197379051)",https://steamcommunity.com/games/3709430/announcements/detail/708899744197379051,Weaker,to review,,,con-darkest-dungeon--witch-s-apocalyptic-journey
NetHack,ZMAngband,,,Weaker,"**NetHack → ZMAngband**, **Ancient Domains of Mystery → ZMAngband**, **Dwarf Fortress → ZMAngband** *(a thank-you in a patch note, no feature named)* — Jose Machete, its developer, in the V.9 devlog: ""Thank you to Mr Biskup, the NetHack Dev Team and DCSS Dev Team, for the endless inspiration. Heck, thank you too to Tarn Adams for the endless source of items and stories that I hope transpire when you play my Variant."" (Mr Biskup is ADOM's author.) — [itch.io devlog](https://jose-machete.itch.io/zmangband-med/devlog/1518914/last-version-v9)",https://jose-machete.itch.io/zmangband-med/devlog/1518914/last-version-v9,Weaker,to review,,,con-nethack--zmangband
Ancient Domains of Mystery,ZMAngband,,,Weaker,"**NetHack → ZMAngband**, **Ancient Domains of Mystery → ZMAngband**, **Dwarf Fortress → ZMAngband** *(a thank-you in a patch note, no feature named)* — Jose Machete, its developer, in the V.9 devlog: ""Thank you to Mr Biskup, the NetHack Dev Team and DCSS Dev Team, for the endless inspiration. Heck, thank you too to Tarn Adams for the endless source of items and stories that I hope transpire when you play my Variant."" (Mr Biskup is ADOM's author.) — [itch.io devlog](https://jose-machete.itch.io/zmangband-med/devlog/1518914/last-version-v9)",https://jose-machete.itch.io/zmangband-med/devlog/1518914/last-version-v9,Weaker,to review,,,con-ancient-domains-of-mystery--zmangband
Dwarf Fortress,ZMAngband,,,Weaker,"**NetHack → ZMAngband**, **Ancient Domains of Mystery → ZMAngband**, **Dwarf Fortress → ZMAngband** *(a thank-you in a patch note, no feature named)* — Jose Machete, its developer, in the V.9 devlog: ""Thank you to Mr Biskup, the NetHack Dev Team and DCSS Dev Team, for the endless inspiration. Heck, thank you too to Tarn Adams for the endless source of items and stories that I hope transpire when you play my Variant."" (Mr Biskup is ADOM's author.) — [itch.io devlog](https://jose-machete.itch.io/zmangband-med/devlog/1518914/last-version-v9)",https://jose-machete.itch.io/zmangband-med/devlog/1518914/last-version-v9,Weaker,to review,,,con-dwarf-fortress--zmangband
Hades,Cursemark,,,Strong,"**Hades → Cursemark**, **Diablo → Cursemark** — Casey Clyde's own press release: ""Independent developer Casey Clyde, creator of Into the Necrovale, is proud to announce the launch of the demo for Cursemark, a dark fantasy action roguelike inspired by Diablo, Blasphemous, and Hades."" *(The Early Access coverage adds Noita and Wizard of Legend, but the wording found was the press's, not his.)* — [Games Press](https://www.gamespress.com/Cursemark-Demo-Now-Available)",https://www.gamespress.com/Cursemark-Demo-Now-Available,Strong,waiting for game row,,,con-hades--cursemark
Diablo,Cursemark,,,Strong,"**Hades → Cursemark**, **Diablo → Cursemark** — Casey Clyde's own press release: ""Independent developer Casey Clyde, creator of Into the Necrovale, is proud to announce the launch of the demo for Cursemark, a dark fantasy action roguelike inspired by Diablo, Blasphemous, and Hades."" *(The Early Access coverage adds Noita and Wizard of Legend, but the wording found was the press's, not his.)* — [Games Press](https://www.gamespress.com/Cursemark-Demo-Now-Available)",https://www.gamespress.com/Cursemark-Demo-Now-Available,Strong,waiting for game row,,,con-diablo--cursemark
Rabbit and Steel,Nullpoint Protocol,,,Strong,"**Rabbit and Steel → Nullpoint Protocol** — ""One game that came across our desk as a source of inspiration was Rabbit and Steel, which is a bullet hell boss rush multiplayer game."" *(Rabbit and Steel is on the sheet, but has no connections yet; 4f has a candidate for it.)* — [Steam dev post](https://steamcommunity.com/games/3520420/announcements/detail/496091347752584206)",https://steamcommunity.com/games/3520420/announcements/detail/496091347752584206,Strong,waiting for game row,,,con-rabbit-and-steel--nullpoint-protocol
Balatro,RentPoly,,,Strong,"**Balatro → RentPoly** — Sunpeak Games' own announcement: ""Sunpeak Games LLC announced the development of its second title, RentPoly, a roguelike city-builder inspired by Balatro and Monopoly."" — [Games Press](https://www.gamespress.com/RENTPOLY-New-Indie-Roguelike-Board-Game-in-Development-from-Sunpeak-Ga)",https://www.gamespress.com/RENTPOLY-New-Indie-Roguelike-Board-Game-in-Development-from-Sunpeak-Ga,Strong,waiting for game row,,,con-balatro--rentpoly
Sunless Sea,Sunless Skies,,yes,Strong,"**Sunless Sea → Sunless Skies** *(Dev/Series Relation)* — Failbetter: ""Something we especially hoped to improve on from SUNLESS SEA was the abrupt nature of the game's opening"" — [Steam dev post](https://steamcommunity.com/games/596970/announcements/detail/1707322465249384959)",https://steamcommunity.com/games/596970/announcements/detail/1707322465249384959,Strong,waiting for game row,,,con-sunless-sea--sunless-skies
Enter the Gungeon,Enter the Chronosphere,,,Weaker,"**Enter the Gungeon → Enter the Chronosphere** *(the pitch)* — ""If you like the idea of Super Hot x Enter the Gungeon, this is the game you want."" — [Steam dev post](https://steamcommunity.com/games/1969810/announcements/detail/4352251596708535361)",https://steamcommunity.com/games/1969810/announcements/detail/4352251596708535361,Weaker,waiting for game row,,,con-enter-the-gungeon--enter-the-chronosphere
Balatro,Infinity Sweeper,,,Weaker,"**Balatro → Infinity Sweeper** *(a named reference, and they accept ""Balatro-like"")* — the developers, on the game's Easter eggs: ""The oldest one probably was the name of the permanent upgrade: ""This ain't Balatro"" (since the genre has been coined Balatro-like), which disables you from using cards."" — [Steam dev post](https://steamcommunity.com/games/3161400/announcements/detail/680750978144666151)",https://steamcommunity.com/games/3161400/announcements/detail/680750978144666151,Weaker,waiting for game row,,,con-balatro--infinity-sweeper
Slay the Spire,Match Morphosis,,,Weaker,"**Slay the Spire → Match Morphosis** *(the pitch)* — store page: ""What do you get when Candy Crush meets Slay The Spire?"" — [Steam store page](https://store.steampowered.com/app/4133530/)",https://store.steampowered.com/app/4133530/,Weaker,waiting for game row,,,con-slay-the-spire--match-morphosis
Risk of Rain,Relic Hunters Zero,,,Weaker,"**Risk of Rain → Relic Hunters Zero** *(one mode, added in the Remix)* — Rogue Snail: ""I have been having a lot of fun with Risk of Rain recently, so I looked at Relic Hunters Zero and thought ""hey, I could totally make a RoR-inspired gameplay work in here""... it is still a heartfelt tribute"" — [Steam dev post](https://steamcommunity.com/games/382490/announcements/detail/1618392861326871789)",https://steamcommunity.com/games/382490/announcements/detail/1618392861326871789,Weaker,waiting for game row,,,con-risk-of-rain--relic-hunters-zero
POWDER,Smart Kobold,,yes,Weaker,"**POWDER → Smart Kobold** *(Dev/Series Relation only: both by Jeff Lait)* — his Smart Kobold page: ""If you are looking for a more traditional roguelike, I can't help but recommend POWDER."" — [zincland.com](http://www.zincland.com/7drl/kobold/)",http://www.zincland.com/7drl/kobold/,Weaker,waiting for game row,,,con-powder--smart-kobold
,,,,,"**Malleus Goblinficarium / Dungeons of Aether**: same designer (Nikita ""ampersandbear"" Belorusov, per Dungeons of Aether's store page and his itch.io), so they'd be a Dev/Series pair once both are on the sheet. Neither is connected to anything already on the chart.",,"Leads, not sources yet",lead,,,con-lead-malleus-goblinficarium-dungeons-of-a
,,,,,"**Echoes of Mystralia**: Borealys Games also made Lunchbreak Tactics (on the sheet). The Hades comparisons are the press's; Louis-Félix Cauchon only says ""the quicker action play mechanic of popular roguelites"". Its predecessor Mages of Mystralia isn't on the chart.",,"Leads, not sources yet",lead,,,con-lead-echoes-of-mystralia-borealys-games
,,,,,"**Sorcery Saga: Curse of the Great Curry God**: Compile Heart's Madou Monogatari reboot. Wikipedia says it plays like Waku Waku Puyo Puyo Dungeon (on the sheet), but nobody first-hand says so.",,"Leads, not sources yet",lead,,,con-lead-sorcery-saga-curse-of-the-great-curry
,,,,,"**Pokémon Mystery Dungeon: Let's Go! Tempest Adventure Squad**: one of the WiiWare Pokémon Mystery Dungeon games, so a series edge to the PMD games already on the sheet, but no source was found.",,"Leads, not sources yet",lead,,,con-lead-pok-mon-mystery-dungeon-let-s-go-tem
,,,,,"**Bloons Blitz**: Ninja Kiwi's, like Bloons TD 6: Rogue Legends (on the sheet). A same-studio pair once it's added, but nothing says one shaped the other.",,"Leads, not sources yet",lead,,,con-lead-bloons-blitz-ninja-kiwi-s-like-blo
,,,,,"**Meta Ghost: Breaking Show** is sold in a bundle with Genome Guardian 2 (on the sheet). A bundle, not an influence.",,"Leads, not sources yet",lead,,,con-lead-meta-ghost-breaking-show-is-sold-in
,,,,,"**Touhou ~Red Empress Devil** *is* on Steam (the ""~"" broke the first lookup). ""Heavily inspired by titles such as Enter the Gungeon and The Binding of Isaac"" is QooApp's description, not STUDIO POCO's; nothing first-hand was found.",,"Leads, not sources yet",lead,,,con-lead-touhou-red-empress-devil-is-on-st
,,,,,**Arknights**: the raccoon/cluckmech interview you mentioned didn't turn up under any search; a link would let it be checked.,,"Leads, not sources yet",lead,,,con-lead-arknights-the-raccoon-cluckmech-int
,,,,,"**StarCraft 2 roguelike**: there are several (Inferno Force – Roguelike, Rogue Star, …). Which one did you mean?",,"Leads, not sources yet",lead,,,con-lead-starcraft-2-roguelike-there-are-sev
,,,,,"**Realm of Advent** and **Relief** have ""if you love any of the following titles"" lists on their store pages (Realm of Advent: Slay the Spire, Monster Train, The Bazaar, Balatro; Relief: Slay the Spire, Monster Train, Griftlands, Inscryption, Chrono Ark). That's marketing, not influence, but it's the developer's own text if you want an edge anyway.",,"Leads, not sources yet",lead,,,con-lead-realm-of-advent-and-relief-have
Vampire Survivors,Death by Scrolling,,,,"**Vampire Survivors → Death by Scrolling** — Ron Gilbert: ""I love Vampire Survivors, but no."" — [grumpygamer](https://www.grumpygamer.com/dbs_history/)",https://www.grumpygamer.com/dbs_history/,The developer says no,not an influence,,,con-vampire-survivors--death-by-scrolling
,,Blue Prince,,,**Blue Prince** — Tonda Ros says no roguelike or deckbuilder influence on the core design — [Thinky Games](https://thinkygames.com/features/interview-how-myst-riven-and-tabletop-games-built-the-foundation-of-blue-prince/),https://thinkygames.com/features/interview-how-myst-riven-and-tabletop-games-built-the-foundation-of-blue-prince/,The developer says no,not an influence,,,con-not-an-influence-blue-prince
,,Loop Hero,,,"**Loop Hero** — devs say no specific game inspired it — [Game Rant](https://gamerant.com/loop-hero-interview/) Also in DTF's Russian interview, asked for their sources of inspiration: «Трудно назвать конкретные примеры. Много всего, и ничего конкретного… Но их, правда, нет.» (""Hard to name concrete examples. A lot of things, and nothing specific… But there really aren't any."") — [DTF](https://dtf.ru/gamedev/660318)","https://gamerant.com/loop-hero-interview/
https://dtf.ru/gamedev/660318",The developer says no,not an influence,,,con-not-an-influence-loop-hero
Slay the Spire,Balatro,,,,"**Balatro ← Slay the Spire**: LocalThunk had never played it and ""cut myself off from the genre at that point intentionally"". — [GamesRadar](https://www.gamesradar.com/astonishingly-balatros-creator-had-never-even-played-slay-the-spire-and-intentionally-cut-myself-off-from-roguelikes-to-create-the-best-game-possible/)",https://www.gamesradar.com/astonishingly-balatros-creator-had-never-even-played-slay-the-spire-and-intentionally-cut-myself-off-from-roguelikes-to-create-the-best-game-possible/,The developer says no,not an influence,,,con-slay-the-spire--balatro-2
Slay the Spire,Dicey Dungeons,,,,**Dicey Dungeons ← Slay the Spire**: Terry Cavanagh avoided playing it because the two games explore the same design space; both come from Dream Quest. — [Wireframe](https://wireframe.raspberrypi.com/articles/dicey-dungeons-terry-cavanagh-interview),https://wireframe.raspberrypi.com/articles/dicey-dungeons-terry-cavanagh-interview,The developer says no,not an influence,,,con-slay-the-spire--dicey-dungeons
,,,,,**Cogmind ← Paradroid**: Josh Ge had never heard of it before release. Cogmind came from Battletech and a forum post. — [@Play interview](https://www.gamedeveloper.com/design/-play-87-interview-with-josh-ge-creator-of-cogmind),https://www.gamedeveloper.com/design/-play-87-interview-with-josh-ge-creator-of-cogmind,The developer says no,not an influence,,,con-not-an-influence-cogmind-paradroid-josh-ge-had-nev
Balatro,Dungeons & Degenerate Gamblers,,,,"**Dungeons & Degenerate Gamblers ← Balatro**: asked on itch.io ""inspired by balatro?"", the developer replied ""Nope!"" and linked LocalThunk's own tweet noting it was announced before Balatro. — [itch.io](https://purplemosscollectors.itch.io/dndg), [Mental Health Gaming interview](https://www.mentalhealthgaming.com/interview-with-a-degenerate/)","https://purplemosscollectors.itch.io/dndg
https://www.mentalhealthgaming.com/interview-with-a-degenerate/",The developer says no,not an influence,,,con-balatro--dungeons-and-degenerate-gamblers
,,Loop Hero,,,"**Loop Hero**: Russian interviews also say no specific inspiration (""Трудно назвать конкретные примеры"", ""Hard to name specific examples""), and the artist had never heard of Eador, the game players compare it to. — [DTF](https://dtf.ru/gamedev/660318-igrok-dolzhen-iskat-uyazvimosti-i-brat-ih-na-vooruzhenie-beseda-s-avtorami-loop-hero), [Skillbox](https://skillbox.ru/media/gamedev/intervyu_s_avtorami_loop_hero_geymdzhemy_rabota_s_krupnym_izdatelem_i_sovety_novichkam/)","https://dtf.ru/gamedev/660318-igrok-dolzhen-iskat-uyazvimosti-i-brat-ih-na-vooruzhenie-beseda-s-avtorami-loop-hero
https://skillbox.ru/media/gamedev/intervyu_s_avtorami_loop_hero_geymdzhemy_rabota_s_krupnym_izdatelem_i_sovety_novichkam/",The developer says no,not an influence,,,con-not-an-influence-loop-hero-2
,,,,,"**Million Depth ← SUPERHOT**: αPop says he hadn't heard of it when he built the time-stop system, and has avoided playing it. — [AUTOMATON](https://automaton-media.com/articles/interviewsjp/million-depth-20251010-361085/)",https://automaton-media.com/articles/interviewsjp/million-depth-20251010-361085/,The developer says no,not an influence,,,con-not-an-influence-million-depth-superhot-pop-says
Dome Keeper,Drill Core,,,,"**Dome Keeper → Drill Core**: the press compares the two constantly, and a player asked outright whether Drill Core plagiarises it. Its developer (Hummer, developer badge) answered: ""To be honest, I was more inspired by the KINGDOM and Craft The World games. But Dome keeper is also a great game!"" (Kingdom: New Lands → Drill Core is already on the sheet from this reply; Craft The World isn't on the chart.) — [Steam forum](https://steamcommunity.com/app/2821800/discussions/0/4346617656894336061/#c4346617656897843847)",https://steamcommunity.com/app/2821800/discussions/0/4346617656894336061/#c4346617656897843847,"Looked like an influence, isn't",not an influence,,,con-dome-keeper--drill-core
Risk of Rain,Dome Keeper,,,,"**Risk of Rain → Dome Keeper**, and Motherload and SteamWorld Dig if they are ever added: René Habermann, asked how he came up with Dome Keeper, says players compared it ""to a ton of different games, most of which I hadn't played before: Motherload, Steamworld Dig, Missile Command, Risk of Rain, Dig Dug."" — [Game Developer, Road to the IGF](https://www.gamedeveloper.com/road-to-igf-2023/how-dome-keeper-focuses-on-systems-that-feed-into-one-another)",https://www.gamedeveloper.com/road-to-igf-2023/how-dome-keeper-focuses-on-systems-that-feed-into-one-another,"Looked like an influence, isn't",not an influence,,,con-risk-of-rain--dome-keeper
Azure Dreams,Dungeon Drafters,,,,"**Azure Dreams → Dungeon Drafters**: in the Discord message that proves its Shiren and Monster Gate rows, Bressan calls the likeness a coincidence: ""I would say it's a coincidence that you saw some aspects of azure dreams on drafters, considering that mostly of japanese roguelike games are inspired by the original mystery dungeon."" (The proof screenshot, `mystery_dungeon_2_shiren_the_wanderer---dungeon_drafters.png`.)",,"Looked like an influence, isn't",not an influence,,,con-azure-dreams--dungeon-drafters
FTL,Cobalt Core,,,,"**FTL → Cobalt Core**: the developers wave the comparison off: ""Everyone compares us to FTL. I see what they're saying, pixel-art, rogue-like, spaceship game, sure. But we were really inspired by Into The Breach"". — [Turn Based Lovers](https://turnbasedlovers.com/10-turns-interview/with-cobalt-core-devs/)",https://turnbasedlovers.com/10-turns-interview/with-cobalt-core-devs/,"Looked like an influence, isn't",not an influence,,,con-ftl--cobalt-core
Crypt of the NecroDancer,Quest of Dungeons,,,,"**Crypt of the NecroDancer → Quest of Dungeons**: an update added a Necrodancer class, ""a homage (with permission) of Cadence from Crypt of the Necrodancer"". A cameo, not an influence. — [Steam dev post](https://steamcommunity.com/games/questofdungeons/announcements/detail/907844117150041190)",https://steamcommunity.com/games/questofdungeons/announcements/detail/907844117150041190,"Looked like an influence, isn't",not an influence,,,con-crypt-of-the-necrodancer--quest-of-dungeons
,,,,,"**Skul**: ""Dead Cells became the benchmark"" is about sales targets, not design. — [Inven](https://www.inven.co.kr/webzine/news/?news=302719)",https://www.inven.co.kr/webzine/news/?news=302719,"Looked like an influence, isn't",not an influence,,,con-not-an-influence-skul-dead-cells-became-the-benchma
,,,,,**Juicy Realm ← Isaac / Nuclear Throne / Gungeon**: only a news write-up says so. SpaceCan's own dev log and the Gcores feature name no games.,,"Looked like an influence, isn't",not an influence,,,con-not-an-influence-juicy-realm-isaac-nuclear-throne
,,,,,"*Slay the Spire → Drapline was checked and isn't sourced.* KANAWO's own list of influences (the Drapline line in section 1) doesn't include it, and neither do the game's Steam page or announcements. The only comparison (""Slay the Spire とか学園アイドルマスターとか、そういった感じだ"", ""it's like Slay the Spire or Gakuen Idolmaster"") is from a player's note.com write-up. — [note.com](https://note.com/ipusiro/n/n3a8ffeb83ef8)",https://note.com/ipusiro/n/n3a8ffeb83ef8,"Looked like an influence, isn't",not an influence,,,con-not-an-influence-slay-the-spire-drapline-was-checked-a
,,,,,"**Monster Train 2 / Balatro, Inscryption**: those are a crossover event (the Wonderous Boxes post), not influences.",,"Looked like an influence, isn't",not an influence,,,con-not-an-influence-monster-train-2-balatro-inscryption
,,,,,"**Pyrene / Slay the Spire**: named as what the team set out *not* to make (""Pyrene is a far cry from that, which was our intention from the start"").",,"Looked like an influence, isn't",not an influence,,,con-not-an-influence-pyrene-slay-the-spire-named-as-wh
,,,,,"**Curious Expedition 2 / Spelunky**: the shout-out to Spelunky and Darius Kazemi's generator lessons is in a post about the studio's next game, Mother Machine, which isn't on the chart.",,"Looked like an influence, isn't",not an influence,,,con-not-an-influence-curious-expedition-2-spelunky-the
,,,,,"**Slay the Spire 2 / Balatro**: Casey Yano compares endless modes (""games like Balatro do a better job""), not an influence.",,"Looked like an influence, isn't",not an influence,,,con-not-an-influence-slay-the-spire-2-balatro-casey-ya
,,Windblown,,,"**Windblown**: ""The initial inspiration was to create a game like Ragnarok Online"". That's the MMO, not the chart's Ragnarok.",,"Looked like an influence, isn't",not an influence,,,con-not-an-influence-windblown
,,,,,"**Death Road to Canada / Wayward**: ""previous games I've done like Wayward Souls"" is Rocketcat's own earlier game. The chart's Wayward is a different game.",,"Looked like an influence, isn't",not an influence,,,con-not-an-influence-death-road-to-canada-wayward-pre
,,TerraTech Legion,,,"**TerraTech Legion**: its ""We think you'll love TerraTech Legion if you enjoy…"" list (Vampire Survivors, Brotato, Halls of Torment and a dozen more) is marketing, not influence.",,"Looked like an influence, isn't",not an influence,,,con-not-an-influence-terratech-legion
,,,,,"**Dice Legends / Balatro**: shares Balatro's composer, nothing more. **Kill the Brickman / Vampire Survivors**: poncle publishes it.",,"Looked like an influence, isn't",not an influence,,,con-not-an-influence-dice-legends-balatro-shares-balat
Nuclear Throne,Ogre Chambers 2222,,,,**Nuclear Throne → Ogre Chambers 2222** and **Scourgebringer → Ogre Chambers 2222**: the cited tweet was **deleted by its author**. The rows need a new source. — https://x.com/AntennaGames/status/2062052913199956449,https://x.com/AntennaGames/status/2062052913199956449,"From `python3 tools/influence_research.py xsources`, which reads the sheet's 82 X/Twitter sources",source check,,,con-nuclear-throne--ogre-chambers-2222
Scourgebringer,Ogre Chambers 2222,,,,**Nuclear Throne → Ogre Chambers 2222** and **Scourgebringer → Ogre Chambers 2222**: the cited tweet was **deleted by its author**. The rows need a new source. — https://x.com/AntennaGames/status/2062052913199956449,https://x.com/AntennaGames/status/2062052913199956449,"From `python3 tools/influence_research.py xsources`, which reads the sheet's 82 X/Twitter sources",source check,,,con-scourgebringer--ogre-chambers-2222
Dead Cells,Galactic Glitch,,,,"**Dead Cells → Galactic Glitch** and **Enter the Gungeon → Galactic Glitch**: posted by **JF Games, a PR agency**, not the developer (Crunchy Leaf Games). The wording (""Inspired by Dead Cells, Enter the Gungeon and the classic browser game Bubble Tanks"") reads like the studio's own marketing copy, so the influence is probably right, but a developer source would be better. — https://x.com/JFGamesPR/status/1803711115047625170",https://x.com/JFGamesPR/status/1803711115047625170,"From `python3 tools/influence_research.py xsources`, which reads the sheet's 82 X/Twitter sources",source check,,,con-dead-cells--galactic-glitch
Enter the Gungeon,Galactic Glitch,,,,"**Dead Cells → Galactic Glitch** and **Enter the Gungeon → Galactic Glitch**: posted by **JF Games, a PR agency**, not the developer (Crunchy Leaf Games). The wording (""Inspired by Dead Cells, Enter the Gungeon and the classic browser game Bubble Tanks"") reads like the studio's own marketing copy, so the influence is probably right, but a developer source would be better. — https://x.com/JFGamesPR/status/1803711115047625170",https://x.com/JFGamesPR/status/1803711115047625170,"From `python3 tools/influence_research.py xsources`, which reads the sheet's 82 X/Twitter sources",source check,,,con-enter-the-gungeon--galactic-glitch
The Binding of Isaac,Dead Estate,,,,"**The Binding of Isaac → Dead Estate**: posted by **2 Left Thumbs, the publisher**, not the developer (Milkbar Lads): ""Dead Estate was largely inspired by Isaac!"" — https://x.com/2_left_thumbs/status/1625686255093813249",https://x.com/2_left_thumbs/status/1625686255093813249,"From `python3 tools/influence_research.py xsources`, which reads the sheet's 82 X/Twitter sources",source check,,,con-the-binding-of-isaac--dead-estate
,,,,,The other 77 are the game's own developer or studio account.,,"From `python3 tools/influence_research.py xsources`, which reads the sheet's 82 X/Twitter sources",source check,,,con-source-check-the-other-77-are-the-game-s-own-develope
Dead Cells,Aethermancer,,,,"**Dead Cells → Aethermancer**: nothing from Moi Rai Games names Dead Cells; the studio's devlogs, interviews and store page compare it only to their own Monster Sanctuary.",,"From the group-2 hand search, rows with no first-hand source found",source check,,,con-dead-cells--aethermancer
Hades,Yasha: Legends of the Demon Blade,,,,"**Hades → Yasha: Legends of the Demon Blade**: only reviewers say 7QUARK wanted ""their own version of Hades""; nothing from the studio was found in English, Korean or Japanese.",,"From the group-2 hand search, rows with no first-hand source found",source check,,,con-hades--yasha-legends-of-the-demon-blade
Rogue,Hack,,,,"**Rogue → Hack** (sheet: no source): Jay Fenlason, on playing Rogue at Berkeley: ""I think I got a little bit obsessed then, and like any obsessed person who'd been cut off, I decided to build my own."" The name meant ""a quick [computer] hack because I don't have access to Rogue"". — [Dungeon Hacks ch. 5, Game Developer](https://www.gamedeveloper.com/design/dungeon-hacks-chapter-5-when-the-inmates-run-the-asylum---hack-ing-at-lincoln-sudbury-high-school)",https://www.gamedeveloper.com/design/dungeon-hacks-chapter-5-when-the-inmates-run-the-asylum---hack-ing-at-lincoln-sudbury-high-school,"From the early-classics pass (October 2026), first-hand sources for rows the sheet sources to RogueBasin, Wikipedia or nothing",source check,,,con-rogue--hack
Rogue,Torneko's Great Adventure: Mystery Dungeon,,,,"**Rogue → Torneko's Great Adventure: Mystery Dungeon** (sheet: Wikipedia): Koichi Nakamura: Seiichiro Nagahata ""loved Rogue and used to play it all day long. I remember when he showed me Rogue: 'Look at how fun this game is! Let's make a game like this next!'"" — [shmuplations, Chunsoft 30th anniversary](https://shmuplations.com/chunsoft30th/)",https://shmuplations.com/chunsoft30th/,"From the early-classics pass (October 2026), first-hand sources for rows the sheet sources to RogueBasin, Wikipedia or nothing",source check,,,con-rogue--torneko-s-great-adventure-mystery-dungeon
Hack,Ancient Domains of Mystery,,,,**Hack → Ancient Domains of Mystery** (sheet: RogueBasin): the @Play 86 quote that already sources Rogue → ADOM and NetHack → ADOM names Hack too. — [Game Developer](https://www.gamedeveloper.com/design/-play-86-interview-with-adom-creator-dr-thomas-biskup),https://www.gamedeveloper.com/design/-play-86-interview-with-adom-creator-dr-thomas-biskup,"From the early-classics pass (October 2026), first-hand sources for rows the sheet sources to RogueBasin, Wikipedia or nothing",source check,,,con-hack--ancient-domains-of-mystery
Hack,Dwarf Fortress,,,,"**Hack → Dwarf Fortress** (sheet: RogueBasin): nothing in text. Roguelike Radio episode 49 is Tarn Adams on ""influences from classic games"", and its notes list Hack, Moria and Larn. Audio: listen for it. — [Roguelike Radio ep. 49](http://www.roguelikeradio.com/2012/10/episode-49-interview-with-tarn-adams.html)",http://www.roguelikeradio.com/2012/10/episode-49-interview-with-tarn-adams.html,"From the early-classics pass (October 2026), first-hand sources for rows the sheet sources to RogueBasin, Wikipedia or nothing",source check,,,con-hack--dwarf-fortress
Rogue,Brogue,,,,"**Rogue → Brogue** (sheet: RogueBasin): nothing in text found. Brian Walker on The Secret Lives of Games ep. 18 discusses ""the lessons he took from Rogue (and those he didn't)"". Audio. — [episode page](https://eggplant.show/18-exploring-brogue-with-brian-walker)",https://eggplant.show/18-exploring-brogue-with-brian-walker,"From the early-classics pass (October 2026), first-hand sources for rows the sheet sources to RogueBasin, Wikipedia or nothing",source check,,,con-rogue--brogue
Rogue,Mission: Thunderbolt,,,,"**Rogue → Mission: Thunderbolt** (sheet: ""look at it""): nothing from Dave Scheifler found; the ""modelled along the lines of Rogue, Hack, and Larn"" line some sites carry has no source.",,"From the early-classics pass (October 2026), first-hand sources for rows the sheet sources to RogueBasin, Wikipedia or nothing",source check,,,con-rogue--mission-thunderbolt
Rogue,Torneko's Great Adventure: Mystery Dungeon,,,,"**Rogue → Torneko's Great Adventure: Mystery Dungeon**, in Nakamura's own English: ""We wanted to approach Rogue in a similar way, make a more understandable, more easy-to-play version of Rogue, which was the Mystery Dungeon series. Torneko's Big Adventure was the first title that we put out in the series."" — [1UP interview, transcribed on the Mystery Dungeon wiki](https://mysterydungeonwiki.com/wiki/Meta:Koichi_Nakamura_Interview:_On_the_Birth_of_the_Console_RPG)",https://mysterydungeonwiki.com/wiki/Meta:Koichi_Nakamura_Interview:_On_the_Birth_of_the_Console_RPG,"From the early-classics pass (October 2026), first-hand sources for rows the sheet sources to RogueBasin, Wikipedia or nothing",source check,,,con-rogue--torneko-s-great-adventure-mystery-dungeon-2
Rogue,ToeJam & Earl,,,,"**Rogue → ToeJam & Earl** (sheet: Wikipedia): Greg Johnson: ""the design of TJ&E was really based on an old favorite game of mine called Rogue. I used to stay up till 4:00 am regularly playing that on the mainframe computer at college."" — [Sega-16 interview, 2005](https://www.sega-16.com/2005/02/interview-greg-johnson/)",https://www.sega-16.com/2005/02/interview-greg-johnson/,"From the early-classics pass (October 2026), first-hand sources for rows the sheet sources to RogueBasin, Wikipedia or nothing",source check,,,con-rogue--toejam-and-earl
Torneko's Great Adventure: Mystery Dungeon,Baroque,,,,"**Torneko's Great Adventure: Mystery Dungeon → Baroque** (sheet: Wikipedia's footnote): Yonemitsu's own words, in the **Rogue → Baroque** line in section 1. — [Nerve Tower](https://nervetower.neocities.org/int_yonemitsu_ps)",https://nervetower.neocities.org/int_yonemitsu_ps,"From the early-classics pass (October 2026), first-hand sources for rows the sheet sources to RogueBasin, Wikipedia or nothing",source check,,,con-torneko-s-great-adventure-mystery-dungeon--baroque
Rogue,Baroque,,,,"**Torneko's Great Adventure: Mystery Dungeon → Baroque** (sheet: Wikipedia's footnote): Yonemitsu's own words, in the **Rogue → Baroque** line in section 1. — [Nerve Tower](https://nervetower.neocities.org/int_yonemitsu_ps)",https://nervetower.neocities.org/int_yonemitsu_ps,"From the early-classics pass (October 2026), first-hand sources for rows the sheet sources to RogueBasin, Wikipedia or nothing",source check,,,con-rogue--baroque
NetHack,Slash'EM,,yes,,"**NetHack → Slash'EM** (sheet: RogueBasin): its own homepage, after a history running Rogue → Hack → NetHack: ""people began making their own versions of Nethack to tide themselves between magical releases. SLASH'EM is the (continuing) saga of one such variant..."" It's a fork, so this row may want `Yes` under Dev/Series Relation, as the Cataclysm forks get. — [slashem.org](http://www.slashem.org/)",http://www.slashem.org/,"From the early-classics pass (October 2026), first-hand sources for rows the sheet sources to RogueBasin, Wikipedia or nothing",source check,,,con-nethack--slash-em
NetHack,Pathos: Nethack Codex,,,,"**NetHack → Pathos: Nethack Codex** (sheet: RogueBasin): Callan Hodgskin's App Store page: ""Pathos is a roguelike adventure game inspired by the rule set from Nethack."" — [App Store](https://apps.apple.com/us/app/pathos-nethack-codex/id1045848120)",https://apps.apple.com/us/app/pathos-nethack-codex/id1045848120,"From the early-classics pass (October 2026), first-hand sources for rows the sheet sources to RogueBasin, Wikipedia or nothing",source check,,,con-nethack--pathos-nethack-codex
NetHack,Dragonslayer,,,,"**NetHack → Dragonslayer** (sheet: RogueBasin): Walter D. Pullen's own page for Daedalus, the maze program Dragonslayer ships inside: ""Dragonslayer: A Dungeons & Dragons type game similar to Nethack, but from a first person view."" *(A comparison in the author's own words; first-hand, which RogueBasin isn't.)* — [astrolog.org, Daedalus](https://www.astrolog.org/labyrnth/daedalus.htm)",https://www.astrolog.org/labyrnth/daedalus.htm,"From the one-connection pass (October 2026), on the rows those twelve games hang on",source check,,,con-nethack--dragonslayer
Kingdom: New Lands,Drill Core,,,,"**Kingdom: New Lands → Drill Core**: the cited forum comment is from a badged developer and says ""KINGDOM"", the series. The row is sound. See section 3 for Dome Keeper.",,"From the one-connection pass (October 2026), on the rows those twelve games hang on",source check,,,con-kingdom-new-lands--drill-core
Zangband,Cthangband,,,,"**Zangband → Cthangband** (sheet: RogueBasin): the Amiga port's readme says ""Cthangband is a variant of Zangband, but has all of the Amber elements removed and is based around HP Lovecraft's Cthulhu mythos"". That's its porter (Bablos) writing, not Dean Anderson, so only a little better than RogueBasin. — [Aminet](https://aminet.net/package/game/role/cthangband)",https://aminet.net/package/game/role/cthangband,"From the one-connection pass (October 2026), on the rows those twelve games hang on",source check,,,con-zangband--cthangband
Vampire Survivors,Nimrods,,,,"**No first-hand source found** for **Vampire Survivors → Nimrods** (sheet: `check folder`; designer Talonos says only ""When I played my first bullet heaven…"", and Vampire Survivors is Digital Trends's word — [Digital Trends](https://www.digitaltrends.com/gaming/nimrods-guncraft-survivor-steam-demo-impressions/)), **DemonCrawl → BroomSweeper** (`check folder`; BroomSweeper's tagline ""Minesweeper gone Rogue(like)"" echoes DemonCrawl's, which isn't a source), **Torneko's Great Adventure → Dungeon of Windaria** (`look at it`; Compile Heart's 2008 announcement mentions only auto-generated dungeons — [Game Watch](https://game.watch.impress.co.jp/docs/20080313/windaria.htm)), **Vampire Survivors → Bioprototype** (`look at it`; only the press), and **ToeJam & Earl → Baldi's Basics Plus** (a fan wiki; the wiki's own citation page returns 403, so mystman12's words weren't found).","https://www.digitaltrends.com/gaming/nimrods-guncraft-survivor-steam-demo-impressions/
https://game.watch.impress.co.jp/docs/20080313/windaria.htm","From the one-connection pass (October 2026), on the rows those twelve games hang on",source check,,,con-vampire-survivors--nimrods
Balatro,The Loopler,,,,"**Balatro → The Loopler** (sheet: `check folder`): confirmed. The developer (Mheep Dev, developer badge), replying on the GMTK Game Jam page: ""Yes it is inspired by Balatro and other such games :)"" — [itch.io jam page](https://itch.io/jam/gmtk-2025/rate/3765512)",https://itch.io/jam/gmtk-2025/rate/3765512,From the rest of the one-connection games (October 2026),source check,,,con-balatro--the-loopler
Dead Cells,Oblivion Override,,,,"**Dead Cells → Oblivion Override** (sheet: `look at it`): confirmed. Humble Mill's first dev blog, ""sharing some of our thoughts and inspirations"": ""Side-scrollers like the Castlevania series, Hollow Knight, and Dead Cells are some of our favorites, and we've always dreamed of making our own game in this space."" — [Steam dev post](https://steamcommunity.com/games/1952370/announcements/detail/6926004339894588766)",https://steamcommunity.com/games/1952370/announcements/detail/6926004339894588766,From the rest of the one-connection games (October 2026),source check,,,con-dead-cells--oblivion-override
Slay the Spire,Dimensionals,,,,"**Slay the Spire → Dimensionals** (sheet: `check folder`): the studio's own line is about choosing the genre (""Since the Binding of Isaac and Slay the Spire, roguelikes have a special place in my heart""), so it supports the row loosely. The Isaac half is a new line in section 1.",,From the rest of the one-connection games (October 2026),source check,,,con-slay-the-spire--dimensionals
Hades,[Redacted],,,,"**Hades → [Redacted]** (sheet: `look at it`): **the only first-hand word is a contrast.** Asked what they wanted to steer clear of, CEO Steve Papoutsis: ""we really love Hades—it's just an awesome game … While we admire and respect what Hades was able to accomplish, that wasn't our goal … We kind of went the other way with it. … we wanted to deliver a different experience"". Worth deciding whether the row stays. — [Game Rant](https://gamerant.com/redacted-interview-callisto-protocol-punk-rock-roguelike/)",https://gamerant.com/redacted-interview-callisto-protocol-punk-rock-roguelike/,From the rest of the one-connection games (October 2026),source check,,,con-hades--redacted
CloverPit,Don't Let It Starve,,,,"**No first-hand source found** for these rows, each sourced `check folder` or `look at it` today: **CloverPit → Don't Let It Starve** (Rogueliker and Bloody Disgusting compare them; the developer's pages name no game), **Dungeon Clawler → Roulette Dungeon** (the two are sold in a Steam bundle, which isn't a source), **Slay the Spire → A la Card** (its press kit says only ""our love of deckbuilders""), **Torneko's Great Adventure → HoloDungeon** (the publisher's releases say ""roguelike""; 不思議なダンジョン is a player tag), **Backpack Battles → Toy Smash Kaboom!** (reviewers), **Inscryption → My Card Is Better Than Your Card!** (Thinky Games: ""It reminds me of Inscryption, a little bit"", the writer's words), **Slay the Spire → Into The Grid** (Rogueliker's headline; the store page says ""Roguelike Deckbuilder and a Tabletop Boardgame""), **Balatro → Drop Pockets**, **Hades → Nigate Tale** (press), **Slay the Spire → Meme Mayhem** (the sheet's note is an in-game card resemblance), and **Vampire Survivors →** Sea of Survivors, Goobies, Mobmania (its store page: ""Inspired by games of a similar design""), Let Him Cook and Hunter X Hunter: Nen X Survivor (press). **Risk of Rain 2 → TerRoguelike** (a Discord note) couldn't be checked: the mod's Workshop page was rate-limited, and players say it was taken down.",,From the rest of the one-connection games (October 2026),source check,,,con-cloverpit--don-t-let-it-starve
Dungeon Clawler,Roulette Dungeon,,,,"**No first-hand source found** for these rows, each sourced `check folder` or `look at it` today: **CloverPit → Don't Let It Starve** (Rogueliker and Bloody Disgusting compare them; the developer's pages name no game), **Dungeon Clawler → Roulette Dungeon** (the two are sold in a Steam bundle, which isn't a source), **Slay the Spire → A la Card** (its press kit says only ""our love of deckbuilders""), **Torneko's Great Adventure → HoloDungeon** (the publisher's releases say ""roguelike""; 不思議なダンジョン is a player tag), **Backpack Battles → Toy Smash Kaboom!** (reviewers), **Inscryption → My Card Is Better Than Your Card!** (Thinky Games: ""It reminds me of Inscryption, a little bit"", the writer's words), **Slay the Spire → Into The Grid** (Rogueliker's headline; the store page says ""Roguelike Deckbuilder and a Tabletop Boardgame""), **Balatro → Drop Pockets**, **Hades → Nigate Tale** (press), **Slay the Spire → Meme Mayhem** (the sheet's note is an in-game card resemblance), and **Vampire Survivors →** Sea of Survivors, Goobies, Mobmania (its store page: ""Inspired by games of a similar design""), Let Him Cook and Hunter X Hunter: Nen X Survivor (press). **Risk of Rain 2 → TerRoguelike** (a Discord note) couldn't be checked: the mod's Workshop page was rate-limited, and players say it was taken down.",,From the rest of the one-connection games (October 2026),source check,,,con-dungeon-clawler--roulette-dungeon
Slay the Spire,A la Card,,,,"**No first-hand source found** for these rows, each sourced `check folder` or `look at it` today: **CloverPit → Don't Let It Starve** (Rogueliker and Bloody Disgusting compare them; the developer's pages name no game), **Dungeon Clawler → Roulette Dungeon** (the two are sold in a Steam bundle, which isn't a source), **Slay the Spire → A la Card** (its press kit says only ""our love of deckbuilders""), **Torneko's Great Adventure → HoloDungeon** (the publisher's releases say ""roguelike""; 不思議なダンジョン is a player tag), **Backpack Battles → Toy Smash Kaboom!** (reviewers), **Inscryption → My Card Is Better Than Your Card!** (Thinky Games: ""It reminds me of Inscryption, a little bit"", the writer's words), **Slay the Spire → Into The Grid** (Rogueliker's headline; the store page says ""Roguelike Deckbuilder and a Tabletop Boardgame""), **Balatro → Drop Pockets**, **Hades → Nigate Tale** (press), **Slay the Spire → Meme Mayhem** (the sheet's note is an in-game card resemblance), and **Vampire Survivors →** Sea of Survivors, Goobies, Mobmania (its store page: ""Inspired by games of a similar design""), Let Him Cook and Hunter X Hunter: Nen X Survivor (press). **Risk of Rain 2 → TerRoguelike** (a Discord note) couldn't be checked: the mod's Workshop page was rate-limited, and players say it was taken down.",,From the rest of the one-connection games (October 2026),source check,,,con-slay-the-spire--a-la-card
Backpack Battles,Toy Smash Kaboom!,,,,"**No first-hand source found** for these rows, each sourced `check folder` or `look at it` today: **CloverPit → Don't Let It Starve** (Rogueliker and Bloody Disgusting compare them; the developer's pages name no game), **Dungeon Clawler → Roulette Dungeon** (the two are sold in a Steam bundle, which isn't a source), **Slay the Spire → A la Card** (its press kit says only ""our love of deckbuilders""), **Torneko's Great Adventure → HoloDungeon** (the publisher's releases say ""roguelike""; 不思議なダンジョン is a player tag), **Backpack Battles → Toy Smash Kaboom!** (reviewers), **Inscryption → My Card Is Better Than Your Card!** (Thinky Games: ""It reminds me of Inscryption, a little bit"", the writer's words), **Slay the Spire → Into The Grid** (Rogueliker's headline; the store page says ""Roguelike Deckbuilder and a Tabletop Boardgame""), **Balatro → Drop Pockets**, **Hades → Nigate Tale** (press), **Slay the Spire → Meme Mayhem** (the sheet's note is an in-game card resemblance), and **Vampire Survivors →** Sea of Survivors, Goobies, Mobmania (its store page: ""Inspired by games of a similar design""), Let Him Cook and Hunter X Hunter: Nen X Survivor (press). **Risk of Rain 2 → TerRoguelike** (a Discord note) couldn't be checked: the mod's Workshop page was rate-limited, and players say it was taken down.",,From the rest of the one-connection games (October 2026),source check,,,con-backpack-battles--toy-smash-kaboom
Inscryption,My Card Is Better Than Your Card!,,,,"**No first-hand source found** for these rows, each sourced `check folder` or `look at it` today: **CloverPit → Don't Let It Starve** (Rogueliker and Bloody Disgusting compare them; the developer's pages name no game), **Dungeon Clawler → Roulette Dungeon** (the two are sold in a Steam bundle, which isn't a source), **Slay the Spire → A la Card** (its press kit says only ""our love of deckbuilders""), **Torneko's Great Adventure → HoloDungeon** (the publisher's releases say ""roguelike""; 不思議なダンジョン is a player tag), **Backpack Battles → Toy Smash Kaboom!** (reviewers), **Inscryption → My Card Is Better Than Your Card!** (Thinky Games: ""It reminds me of Inscryption, a little bit"", the writer's words), **Slay the Spire → Into The Grid** (Rogueliker's headline; the store page says ""Roguelike Deckbuilder and a Tabletop Boardgame""), **Balatro → Drop Pockets**, **Hades → Nigate Tale** (press), **Slay the Spire → Meme Mayhem** (the sheet's note is an in-game card resemblance), and **Vampire Survivors →** Sea of Survivors, Goobies, Mobmania (its store page: ""Inspired by games of a similar design""), Let Him Cook and Hunter X Hunter: Nen X Survivor (press). **Risk of Rain 2 → TerRoguelike** (a Discord note) couldn't be checked: the mod's Workshop page was rate-limited, and players say it was taken down.",,From the rest of the one-connection games (October 2026),source check,,,con-inscryption--my-card-is-better-than-your-card
Slay the Spire,Into The Grid,,,,"**No first-hand source found** for these rows, each sourced `check folder` or `look at it` today: **CloverPit → Don't Let It Starve** (Rogueliker and Bloody Disgusting compare them; the developer's pages name no game), **Dungeon Clawler → Roulette Dungeon** (the two are sold in a Steam bundle, which isn't a source), **Slay the Spire → A la Card** (its press kit says only ""our love of deckbuilders""), **Torneko's Great Adventure → HoloDungeon** (the publisher's releases say ""roguelike""; 不思議なダンジョン is a player tag), **Backpack Battles → Toy Smash Kaboom!** (reviewers), **Inscryption → My Card Is Better Than Your Card!** (Thinky Games: ""It reminds me of Inscryption, a little bit"", the writer's words), **Slay the Spire → Into The Grid** (Rogueliker's headline; the store page says ""Roguelike Deckbuilder and a Tabletop Boardgame""), **Balatro → Drop Pockets**, **Hades → Nigate Tale** (press), **Slay the Spire → Meme Mayhem** (the sheet's note is an in-game card resemblance), and **Vampire Survivors →** Sea of Survivors, Goobies, Mobmania (its store page: ""Inspired by games of a similar design""), Let Him Cook and Hunter X Hunter: Nen X Survivor (press). **Risk of Rain 2 → TerRoguelike** (a Discord note) couldn't be checked: the mod's Workshop page was rate-limited, and players say it was taken down.",,From the rest of the one-connection games (October 2026),source check,,,con-slay-the-spire--into-the-grid
Balatro,Drop Pockets,,,,"**No first-hand source found** for these rows, each sourced `check folder` or `look at it` today: **CloverPit → Don't Let It Starve** (Rogueliker and Bloody Disgusting compare them; the developer's pages name no game), **Dungeon Clawler → Roulette Dungeon** (the two are sold in a Steam bundle, which isn't a source), **Slay the Spire → A la Card** (its press kit says only ""our love of deckbuilders""), **Torneko's Great Adventure → HoloDungeon** (the publisher's releases say ""roguelike""; 不思議なダンジョン is a player tag), **Backpack Battles → Toy Smash Kaboom!** (reviewers), **Inscryption → My Card Is Better Than Your Card!** (Thinky Games: ""It reminds me of Inscryption, a little bit"", the writer's words), **Slay the Spire → Into The Grid** (Rogueliker's headline; the store page says ""Roguelike Deckbuilder and a Tabletop Boardgame""), **Balatro → Drop Pockets**, **Hades → Nigate Tale** (press), **Slay the Spire → Meme Mayhem** (the sheet's note is an in-game card resemblance), and **Vampire Survivors →** Sea of Survivors, Goobies, Mobmania (its store page: ""Inspired by games of a similar design""), Let Him Cook and Hunter X Hunter: Nen X Survivor (press). **Risk of Rain 2 → TerRoguelike** (a Discord note) couldn't be checked: the mod's Workshop page was rate-limited, and players say it was taken down.",,From the rest of the one-connection games (October 2026),source check,,,con-balatro--drop-pockets
Hades,Nigate Tale,,,,"**No first-hand source found** for these rows, each sourced `check folder` or `look at it` today: **CloverPit → Don't Let It Starve** (Rogueliker and Bloody Disgusting compare them; the developer's pages name no game), **Dungeon Clawler → Roulette Dungeon** (the two are sold in a Steam bundle, which isn't a source), **Slay the Spire → A la Card** (its press kit says only ""our love of deckbuilders""), **Torneko's Great Adventure → HoloDungeon** (the publisher's releases say ""roguelike""; 不思議なダンジョン is a player tag), **Backpack Battles → Toy Smash Kaboom!** (reviewers), **Inscryption → My Card Is Better Than Your Card!** (Thinky Games: ""It reminds me of Inscryption, a little bit"", the writer's words), **Slay the Spire → Into The Grid** (Rogueliker's headline; the store page says ""Roguelike Deckbuilder and a Tabletop Boardgame""), **Balatro → Drop Pockets**, **Hades → Nigate Tale** (press), **Slay the Spire → Meme Mayhem** (the sheet's note is an in-game card resemblance), and **Vampire Survivors →** Sea of Survivors, Goobies, Mobmania (its store page: ""Inspired by games of a similar design""), Let Him Cook and Hunter X Hunter: Nen X Survivor (press). **Risk of Rain 2 → TerRoguelike** (a Discord note) couldn't be checked: the mod's Workshop page was rate-limited, and players say it was taken down.",,From the rest of the one-connection games (October 2026),source check,,,con-hades--nigate-tale
Slay the Spire,Meme Mayhem,,,,"**No first-hand source found** for these rows, each sourced `check folder` or `look at it` today: **CloverPit → Don't Let It Starve** (Rogueliker and Bloody Disgusting compare them; the developer's pages name no game), **Dungeon Clawler → Roulette Dungeon** (the two are sold in a Steam bundle, which isn't a source), **Slay the Spire → A la Card** (its press kit says only ""our love of deckbuilders""), **Torneko's Great Adventure → HoloDungeon** (the publisher's releases say ""roguelike""; 不思議なダンジョン is a player tag), **Backpack Battles → Toy Smash Kaboom!** (reviewers), **Inscryption → My Card Is Better Than Your Card!** (Thinky Games: ""It reminds me of Inscryption, a little bit"", the writer's words), **Slay the Spire → Into The Grid** (Rogueliker's headline; the store page says ""Roguelike Deckbuilder and a Tabletop Boardgame""), **Balatro → Drop Pockets**, **Hades → Nigate Tale** (press), **Slay the Spire → Meme Mayhem** (the sheet's note is an in-game card resemblance), and **Vampire Survivors →** Sea of Survivors, Goobies, Mobmania (its store page: ""Inspired by games of a similar design""), Let Him Cook and Hunter X Hunter: Nen X Survivor (press). **Risk of Rain 2 → TerRoguelike** (a Discord note) couldn't be checked: the mod's Workshop page was rate-limited, and players say it was taken down.",,From the rest of the one-connection games (October 2026),source check,,,con-slay-the-spire--meme-mayhem
Risk of Rain 2,TerRoguelike,,,,"**No first-hand source found** for these rows, each sourced `check folder` or `look at it` today: **CloverPit → Don't Let It Starve** (Rogueliker and Bloody Disgusting compare them; the developer's pages name no game), **Dungeon Clawler → Roulette Dungeon** (the two are sold in a Steam bundle, which isn't a source), **Slay the Spire → A la Card** (its press kit says only ""our love of deckbuilders""), **Torneko's Great Adventure → HoloDungeon** (the publisher's releases say ""roguelike""; 不思議なダンジョン is a player tag), **Backpack Battles → Toy Smash Kaboom!** (reviewers), **Inscryption → My Card Is Better Than Your Card!** (Thinky Games: ""It reminds me of Inscryption, a little bit"", the writer's words), **Slay the Spire → Into The Grid** (Rogueliker's headline; the store page says ""Roguelike Deckbuilder and a Tabletop Boardgame""), **Balatro → Drop Pockets**, **Hades → Nigate Tale** (press), **Slay the Spire → Meme Mayhem** (the sheet's note is an in-game card resemblance), and **Vampire Survivors →** Sea of Survivors, Goobies, Mobmania (its store page: ""Inspired by games of a similar design""), Let Him Cook and Hunter X Hunter: Nen X Survivor (press). **Risk of Rain 2 → TerRoguelike** (a Discord note) couldn't be checked: the mod's Workshop page was rate-limited, and players say it was taken down.",,From the rest of the one-connection games (October 2026),source check,,,con-risk-of-rain-2--terroguelike
Hades,Spiritfall,,,,"**Hades → Spiritfall** and **Slay the Spire → Spiritfall** (both `check folder`): confirmed. Gentle Giant: ""When it comes to roguelikes, one of the clearer influences is Hades. We felt that the way [it] grouped various power-ups into more predictable ""pools"" was very compelling … Games with a map that allow you to make quick but long-term decisions also come to mind, like Slay the Spire or FTL."" — [Game Developer](https://www.gamedeveloper.com/design/how-i-spiritfall-i-brings-platform-fighters-into-the-roguelike-boom)",https://www.gamedeveloper.com/design/how-i-spiritfall-i-brings-platform-fighters-into-the-roguelike-boom,"From the two-connection games, first batch (October 2026)",source check,,,con-hades--spiritfall
Slay the Spire,Spiritfall,,,,"**Hades → Spiritfall** and **Slay the Spire → Spiritfall** (both `check folder`): confirmed. Gentle Giant: ""When it comes to roguelikes, one of the clearer influences is Hades. We felt that the way [it] grouped various power-ups into more predictable ""pools"" was very compelling … Games with a map that allow you to make quick but long-term decisions also come to mind, like Slay the Spire or FTL."" — [Game Developer](https://www.gamedeveloper.com/design/how-i-spiritfall-i-brings-platform-fighters-into-the-roguelike-boom)",https://www.gamedeveloper.com/design/how-i-spiritfall-i-brings-platform-fighters-into-the-roguelike-boom,"From the two-connection games, first batch (October 2026)",source check,,,con-slay-the-spire--spiritfall
Kingdom: New Lands,Ratropolis,,,,"**Kingdom: New Lands → Ratropolis** and **Slay the Spire → Ratropolis** (both `look at it`): confirmed, in Korean. 황성진 (Cassel Games) opens his Inven interview calling it 「재밌게 했던 '슬레이 더 스파이'와 '킹덤: 뉴 랜드'를 어느 정도 오마쥬한 작품」 (""a work that pays some homage to Slay the Spire and Kingdom: New Lands, which I enjoyed playing""). In a later interview he says it began as Slay the Spire plus Civilization, which was too slow, until 「<킹덤>이라는 또 다른 게임을 참고해 실시간 전투나 디펜스를 참고해 조합했더니」 (""we took another game, Kingdom, as a reference for real-time combat and defence""). — [Inven](https://www.inven.co.kr/webzine/news/?news=219990&site=indie), [Game Generation](https://www.gamegeneration.or.kr/article/a8194adb-5b2e-402b-ba0d-f4d63761282a)","https://www.inven.co.kr/webzine/news/?news=219990&site=indie
https://www.gamegeneration.or.kr/article/a8194adb-5b2e-402b-ba0d-f4d63761282a","From the two-connection games, first batch (October 2026)",source check,,,con-kingdom-new-lands--ratropolis
Slay the Spire,Ratropolis,,,,"**Kingdom: New Lands → Ratropolis** and **Slay the Spire → Ratropolis** (both `look at it`): confirmed, in Korean. 황성진 (Cassel Games) opens his Inven interview calling it 「재밌게 했던 '슬레이 더 스파이'와 '킹덤: 뉴 랜드'를 어느 정도 오마쥬한 작품」 (""a work that pays some homage to Slay the Spire and Kingdom: New Lands, which I enjoyed playing""). In a later interview he says it began as Slay the Spire plus Civilization, which was too slow, until 「<킹덤>이라는 또 다른 게임을 참고해 실시간 전투나 디펜스를 참고해 조합했더니」 (""we took another game, Kingdom, as a reference for real-time combat and defence""). — [Inven](https://www.inven.co.kr/webzine/news/?news=219990&site=indie), [Game Generation](https://www.gamegeneration.or.kr/article/a8194adb-5b2e-402b-ba0d-f4d63761282a)","https://www.inven.co.kr/webzine/news/?news=219990&site=indie
https://www.gamegeneration.or.kr/article/a8194adb-5b2e-402b-ba0d-f4d63761282a","From the two-connection games, first batch (October 2026)",source check,,,con-slay-the-spire--ratropolis
DoomRL,Quasimorph,,,,"**DoomRL → Quasimorph** has a second first-hand source: ""We looked at the DoomRL game as our main reference most of all."" — [Game Dev Journey](https://www.gamedevjourney.co.uk/home/developer-diaries/unity-diaries/quasimorph)",https://www.gamedevjourney.co.uk/home/developer-diaries/unity-diaries/quasimorph,"From the two-connection games, first batch (October 2026)",source check,,,con-doomrl--quasimorph
Vampire Survivors,Wanderburg,,,,"**Vampire Survivors → Wanderburg**: **the cited article argues against it.** It says the studio's trailer-first approach ""was particularly important in differentiating Wanderburg from other roguelike titles and avoiding comparisons to more familiar formulas, such as Vampire Survivors."" Its **Bad North** row comes from the same article, where Bad North was part of an earlier, different prototype (""a card-based city-building prototype combining elements of Stronghold, Bad North, and Stacklands""). Both rows are worth a second look. — [games.gg](https://games.gg/news/wanderburg-trailers-drive-150k-steam-wishlists/)",https://games.gg/news/wanderburg-trailers-drive-150k-steam-wishlists/,"From the two-connection games, first batch (October 2026)",source check,,,con-vampire-survivors--wanderburg
Slay the Spire,Breachway,,,,"**Slay the Spire → Breachway**: a caveat. Game Developer, paraphrasing lead developer Victor Rubinstein: ""Rubinstein said he hadn't heard of Slay the Spire until he was well into developing Breachway … it was FTL that was the team's greater inspiration when they pivoted to single-player."" The studio's own TIGSource devlog is titled ""Space combat card game inspired by FTL and Slay the Spire"", but TIGSource blocks this container, so it couldn't be read. — [Game Developer](https://www.gamedeveloper.com/pc/breachway-s-beautiful-ship-designs-were-honed-by-architectural-expertise)",https://www.gamedeveloper.com/pc/breachway-s-beautiful-ship-designs-were-honed-by-architectural-expertise,"From the two-connection games, first batch (October 2026)",source check,,,con-slay-the-spire--breachway
Rogue Tower,Nordhold,,,,"**Rogue Tower → Nordhold** (`check folder`): asked whether it was by Rogue Tower's developers, Nando (StunForge, developer badge): ""No, Rogue Tower is a great game - but we are someone else :-D apart from the map generation also I think in the game design of the banners, how they build on each other, the eco, the design of the meta then recognizable"". A resemblance granted, not an influence claimed. — [Steam forum](https://steamcommunity.com/app/3028310/discussions/0/592892734740693096/)",https://steamcommunity.com/app/3028310/discussions/0/592892734740693096/,"From the two-connection games, first batch (October 2026)",source check,,,con-rogue-tower--nordhold
,,,,,"**No first-hand source found** for these placeholder rows: Mortal Sin (Slay the Spire, Vampire Survivors), Tower Escape (Monster Train, Slay the Spire), Decktamer (Slay the Spire, Wildfrost), Inkshade (Hand of Fate, Inscryption), Zet Zillions (Hades, Slay the Spire), SpellRogue (Dicey Dungeons, Slay the Spire), Lost Flame (NetHack, Isaac; its store page says only ""classical roguelikes""), Talented (Realm of the Mad God, Isaac), BloodDome99, Disfigure, Stackflow, Tower Factory, Reality Break. Each is compared to those games by the press, and nothing from its developer names them.",,"From the two-connection games, first batch (October 2026)",source check,,,con-source-check-no-first-hand-source-found-for-these
Into the Breach,Arc Seed,,,,"**Into the Breach → Arc Seed** (`look at it`): confirmed, in Portuguese. Gonçalo Monteiro (Massive Galaxy Studios): ""Into the Breach é uma das inspirações principais, com o mesmo conjunto de géneros"" (""Into the Breach is one of the main inspirations, with the same set of genres""). He also names the original XCOM and the anime Evangelion and Gundam, all off the chart. — [Rubber Chicken Games](https://rubberchickengames.com/2024/05/24/entrevista-com-goncalo-monteiro-criador-de-arc-seed/)",https://rubberchickengames.com/2024/05/24/entrevista-com-goncalo-monteiro-criador-de-arc-seed/,"From the two-connection games, placeholder rows (October 2026)",source check,,,con-into-the-breach--arc-seed
Brotato,How Many Dudes?,,,,"**Brotato → How Many Dudes?** (`check folder`): supported, loosely. The studio blog names Brotato first among the hits they studied before starting, and singles it out: ""In Brotato, why am I a potato? Why do I have 6 guns? Why am I a ""Bro""? As it turns out, none of this matters and nobody cares. The game has the confidence to just do something, and that something works."" The new lines it gives are in section 1. — [bscotch.net](https://blog.bscotch.net/post/indie-game-dev-timeline-for-how-many-dudes/)",https://blog.bscotch.net/post/indie-game-dev-timeline-for-how-many-dudes/,"From the two-connection games, placeholder rows (October 2026)",source check,,,con-brotato--how-many-dudes
Balatro,Dice A Million,,,,"**Balatro → Dice A Million** (`look at it`): the launch press release says ""Inspired by other ""big number"" roguelikes like Luck Be A Landlord and Balatro"", but it's the publisher's (2 Left Thumbs) release, not countlessnights'. The Isaac row's note (""the dev's favorite roguelike"") wasn't found in writing. — [Games Press](https://www.gamespress.com/New-Big-Number-Roguelike-Dice-A-Million-is-Out-Now)",https://www.gamespress.com/New-Big-Number-Roguelike-Dice-A-Million-is-Out-Now,"From the two-connection games, placeholder rows (October 2026)",source check,,,con-balatro--dice-a-million
Vampire Survivors,Hand of Fate: Hordes,,,,"**Vampire Survivors → Hand of Fate: Hordes** and **Deep Rock Galactic: Survivor → Hand of Fate: Hordes** (`check folder`): a search engine summarises a Gamers Heroes interview with Cade Franklin as saying a programmer pitched it after playing Vampire Survivors and Deep Rock Galactic, and that DRG: Survivor shaped the bridges in its levels. The page renders empty to every fetcher tried, so the words weren't read and this isn't a source yet. Rogueliker's ""a bullet heaven inspired by Vampire Survivors"" is the writer's. — [Gamers Heroes](https://www.gamersheroes.com/features/hordes-of-fate-a-hand-of-fate-adventure-interview-cade-franklin-talks-genre-shift-fan-community-and-more/)",https://www.gamersheroes.com/features/hordes-of-fate-a-hand-of-fate-adventure-interview-cade-franklin-talks-genre-shift-fan-community-and-more/,"From the two-connection games, placeholder rows (October 2026)",source check,,,con-vampire-survivors--hand-of-fate-hordes
Deep Rock Galactic: Survivor,Hand of Fate: Hordes,,,,"**Vampire Survivors → Hand of Fate: Hordes** and **Deep Rock Galactic: Survivor → Hand of Fate: Hordes** (`check folder`): a search engine summarises a Gamers Heroes interview with Cade Franklin as saying a programmer pitched it after playing Vampire Survivors and Deep Rock Galactic, and that DRG: Survivor shaped the bridges in its levels. The page renders empty to every fetcher tried, so the words weren't read and this isn't a source yet. Rogueliker's ""a bullet heaven inspired by Vampire Survivors"" is the writer's. — [Gamers Heroes](https://www.gamersheroes.com/features/hordes-of-fate-a-hand-of-fate-adventure-interview-cade-franklin-talks-genre-shift-fan-community-and-more/)",https://www.gamersheroes.com/features/hordes-of-fate-a-hand-of-fate-adventure-interview-cade-franklin-talks-genre-shift-fan-community-and-more/,"From the two-connection games, placeholder rows (October 2026)",source check,,,con-deep-rock-galactic-survivor--hand-of-fate-hordes
Realm of the Mad God,33 Immortals,,,,"**No first-hand source found** for these placeholder rows: **Realm of the Mad God → 33 Immortals** (Thunder Lotus name only Dante's Divine Comedy), **Slay the Spire → As We Descend** (Kevin Chang aims to be ""more tactical"" than it, in a journalist's paraphrase), **Vampire Survivors → Asgard's Fall** (the only ""inspired by Vampire Survivors"" on its itch page is a player's; the developer names the pixel artists Angrysnail and NOP), **Isaac and Gungeon → Asterogues**, **Slay the Spire → Brawl Tactics: Origins** (a reviewer's ""map screen of Slay the Spire or FTL""), **Cult of the Lamb and Hades → Cinderia** (MyACG's Inven interview names no game), **Slay the Spire → Hive Blight**, **Vampire Survivors → Rhythm Witch: Beat Death**, **Balatro and Vampire Survivors → Rogue Factory**, **Vampire Survivors → Runic Survivor**, **Enter the Gungeon → Sephiria** (its interview names Hades, Noita and Diablo instead, now in section 1), **Bad North → Tabletop Tavern** (the press compare it to Total War, Slay the Spire and FTL), **Slay the Spire → The Spirit Lift** (its Rogueliker interview names only films: Scream, The Faculty, Blair Witch), **Slay the Spire → Voice of Belldona** (reviewers), **Crypt of the NecroDancer → Guidus** (reviewers). Slay the Spire → Bella Wants Blood is GamingOnLinux's ""a Slay the Spire style path system"", not Sonderland's.",,"From the two-connection games, placeholder rows (October 2026)",source check,,,con-realm-of-the-mad-god--33-immortals
Slay the Spire,As We Descend,,,,"**No first-hand source found** for these placeholder rows: **Realm of the Mad God → 33 Immortals** (Thunder Lotus name only Dante's Divine Comedy), **Slay the Spire → As We Descend** (Kevin Chang aims to be ""more tactical"" than it, in a journalist's paraphrase), **Vampire Survivors → Asgard's Fall** (the only ""inspired by Vampire Survivors"" on its itch page is a player's; the developer names the pixel artists Angrysnail and NOP), **Isaac and Gungeon → Asterogues**, **Slay the Spire → Brawl Tactics: Origins** (a reviewer's ""map screen of Slay the Spire or FTL""), **Cult of the Lamb and Hades → Cinderia** (MyACG's Inven interview names no game), **Slay the Spire → Hive Blight**, **Vampire Survivors → Rhythm Witch: Beat Death**, **Balatro and Vampire Survivors → Rogue Factory**, **Vampire Survivors → Runic Survivor**, **Enter the Gungeon → Sephiria** (its interview names Hades, Noita and Diablo instead, now in section 1), **Bad North → Tabletop Tavern** (the press compare it to Total War, Slay the Spire and FTL), **Slay the Spire → The Spirit Lift** (its Rogueliker interview names only films: Scream, The Faculty, Blair Witch), **Slay the Spire → Voice of Belldona** (reviewers), **Crypt of the NecroDancer → Guidus** (reviewers). Slay the Spire → Bella Wants Blood is GamingOnLinux's ""a Slay the Spire style path system"", not Sonderland's.",,"From the two-connection games, placeholder rows (October 2026)",source check,,,con-slay-the-spire--as-we-descend
Slay the Spire,Brawl Tactics: Origins,,,,"**No first-hand source found** for these placeholder rows: **Realm of the Mad God → 33 Immortals** (Thunder Lotus name only Dante's Divine Comedy), **Slay the Spire → As We Descend** (Kevin Chang aims to be ""more tactical"" than it, in a journalist's paraphrase), **Vampire Survivors → Asgard's Fall** (the only ""inspired by Vampire Survivors"" on its itch page is a player's; the developer names the pixel artists Angrysnail and NOP), **Isaac and Gungeon → Asterogues**, **Slay the Spire → Brawl Tactics: Origins** (a reviewer's ""map screen of Slay the Spire or FTL""), **Cult of the Lamb and Hades → Cinderia** (MyACG's Inven interview names no game), **Slay the Spire → Hive Blight**, **Vampire Survivors → Rhythm Witch: Beat Death**, **Balatro and Vampire Survivors → Rogue Factory**, **Vampire Survivors → Runic Survivor**, **Enter the Gungeon → Sephiria** (its interview names Hades, Noita and Diablo instead, now in section 1), **Bad North → Tabletop Tavern** (the press compare it to Total War, Slay the Spire and FTL), **Slay the Spire → The Spirit Lift** (its Rogueliker interview names only films: Scream, The Faculty, Blair Witch), **Slay the Spire → Voice of Belldona** (reviewers), **Crypt of the NecroDancer → Guidus** (reviewers). Slay the Spire → Bella Wants Blood is GamingOnLinux's ""a Slay the Spire style path system"", not Sonderland's.",,"From the two-connection games, placeholder rows (October 2026)",source check,,,con-slay-the-spire--brawl-tactics-origins
Slay the Spire,Hive Blight,,,,"**No first-hand source found** for these placeholder rows: **Realm of the Mad God → 33 Immortals** (Thunder Lotus name only Dante's Divine Comedy), **Slay the Spire → As We Descend** (Kevin Chang aims to be ""more tactical"" than it, in a journalist's paraphrase), **Vampire Survivors → Asgard's Fall** (the only ""inspired by Vampire Survivors"" on its itch page is a player's; the developer names the pixel artists Angrysnail and NOP), **Isaac and Gungeon → Asterogues**, **Slay the Spire → Brawl Tactics: Origins** (a reviewer's ""map screen of Slay the Spire or FTL""), **Cult of the Lamb and Hades → Cinderia** (MyACG's Inven interview names no game), **Slay the Spire → Hive Blight**, **Vampire Survivors → Rhythm Witch: Beat Death**, **Balatro and Vampire Survivors → Rogue Factory**, **Vampire Survivors → Runic Survivor**, **Enter the Gungeon → Sephiria** (its interview names Hades, Noita and Diablo instead, now in section 1), **Bad North → Tabletop Tavern** (the press compare it to Total War, Slay the Spire and FTL), **Slay the Spire → The Spirit Lift** (its Rogueliker interview names only films: Scream, The Faculty, Blair Witch), **Slay the Spire → Voice of Belldona** (reviewers), **Crypt of the NecroDancer → Guidus** (reviewers). Slay the Spire → Bella Wants Blood is GamingOnLinux's ""a Slay the Spire style path system"", not Sonderland's.",,"From the two-connection games, placeholder rows (October 2026)",source check,,,con-slay-the-spire--hive-blight
Vampire Survivors,Rhythm Witch: Beat Death,,,,"**No first-hand source found** for these placeholder rows: **Realm of the Mad God → 33 Immortals** (Thunder Lotus name only Dante's Divine Comedy), **Slay the Spire → As We Descend** (Kevin Chang aims to be ""more tactical"" than it, in a journalist's paraphrase), **Vampire Survivors → Asgard's Fall** (the only ""inspired by Vampire Survivors"" on its itch page is a player's; the developer names the pixel artists Angrysnail and NOP), **Isaac and Gungeon → Asterogues**, **Slay the Spire → Brawl Tactics: Origins** (a reviewer's ""map screen of Slay the Spire or FTL""), **Cult of the Lamb and Hades → Cinderia** (MyACG's Inven interview names no game), **Slay the Spire → Hive Blight**, **Vampire Survivors → Rhythm Witch: Beat Death**, **Balatro and Vampire Survivors → Rogue Factory**, **Vampire Survivors → Runic Survivor**, **Enter the Gungeon → Sephiria** (its interview names Hades, Noita and Diablo instead, now in section 1), **Bad North → Tabletop Tavern** (the press compare it to Total War, Slay the Spire and FTL), **Slay the Spire → The Spirit Lift** (its Rogueliker interview names only films: Scream, The Faculty, Blair Witch), **Slay the Spire → Voice of Belldona** (reviewers), **Crypt of the NecroDancer → Guidus** (reviewers). Slay the Spire → Bella Wants Blood is GamingOnLinux's ""a Slay the Spire style path system"", not Sonderland's.",,"From the two-connection games, placeholder rows (October 2026)",source check,,,con-vampire-survivors--rhythm-witch-beat-death
Vampire Survivors,Runic Survivor,,,,"**No first-hand source found** for these placeholder rows: **Realm of the Mad God → 33 Immortals** (Thunder Lotus name only Dante's Divine Comedy), **Slay the Spire → As We Descend** (Kevin Chang aims to be ""more tactical"" than it, in a journalist's paraphrase), **Vampire Survivors → Asgard's Fall** (the only ""inspired by Vampire Survivors"" on its itch page is a player's; the developer names the pixel artists Angrysnail and NOP), **Isaac and Gungeon → Asterogues**, **Slay the Spire → Brawl Tactics: Origins** (a reviewer's ""map screen of Slay the Spire or FTL""), **Cult of the Lamb and Hades → Cinderia** (MyACG's Inven interview names no game), **Slay the Spire → Hive Blight**, **Vampire Survivors → Rhythm Witch: Beat Death**, **Balatro and Vampire Survivors → Rogue Factory**, **Vampire Survivors → Runic Survivor**, **Enter the Gungeon → Sephiria** (its interview names Hades, Noita and Diablo instead, now in section 1), **Bad North → Tabletop Tavern** (the press compare it to Total War, Slay the Spire and FTL), **Slay the Spire → The Spirit Lift** (its Rogueliker interview names only films: Scream, The Faculty, Blair Witch), **Slay the Spire → Voice of Belldona** (reviewers), **Crypt of the NecroDancer → Guidus** (reviewers). Slay the Spire → Bella Wants Blood is GamingOnLinux's ""a Slay the Spire style path system"", not Sonderland's.",,"From the two-connection games, placeholder rows (October 2026)",source check,,,con-vampire-survivors--runic-survivor
Enter the Gungeon,Sephiria,,,,"**No first-hand source found** for these placeholder rows: **Realm of the Mad God → 33 Immortals** (Thunder Lotus name only Dante's Divine Comedy), **Slay the Spire → As We Descend** (Kevin Chang aims to be ""more tactical"" than it, in a journalist's paraphrase), **Vampire Survivors → Asgard's Fall** (the only ""inspired by Vampire Survivors"" on its itch page is a player's; the developer names the pixel artists Angrysnail and NOP), **Isaac and Gungeon → Asterogues**, **Slay the Spire → Brawl Tactics: Origins** (a reviewer's ""map screen of Slay the Spire or FTL""), **Cult of the Lamb and Hades → Cinderia** (MyACG's Inven interview names no game), **Slay the Spire → Hive Blight**, **Vampire Survivors → Rhythm Witch: Beat Death**, **Balatro and Vampire Survivors → Rogue Factory**, **Vampire Survivors → Runic Survivor**, **Enter the Gungeon → Sephiria** (its interview names Hades, Noita and Diablo instead, now in section 1), **Bad North → Tabletop Tavern** (the press compare it to Total War, Slay the Spire and FTL), **Slay the Spire → The Spirit Lift** (its Rogueliker interview names only films: Scream, The Faculty, Blair Witch), **Slay the Spire → Voice of Belldona** (reviewers), **Crypt of the NecroDancer → Guidus** (reviewers). Slay the Spire → Bella Wants Blood is GamingOnLinux's ""a Slay the Spire style path system"", not Sonderland's.",,"From the two-connection games, placeholder rows (October 2026)",source check,,,con-enter-the-gungeon--sephiria
Bad North,Tabletop Tavern,,,,"**No first-hand source found** for these placeholder rows: **Realm of the Mad God → 33 Immortals** (Thunder Lotus name only Dante's Divine Comedy), **Slay the Spire → As We Descend** (Kevin Chang aims to be ""more tactical"" than it, in a journalist's paraphrase), **Vampire Survivors → Asgard's Fall** (the only ""inspired by Vampire Survivors"" on its itch page is a player's; the developer names the pixel artists Angrysnail and NOP), **Isaac and Gungeon → Asterogues**, **Slay the Spire → Brawl Tactics: Origins** (a reviewer's ""map screen of Slay the Spire or FTL""), **Cult of the Lamb and Hades → Cinderia** (MyACG's Inven interview names no game), **Slay the Spire → Hive Blight**, **Vampire Survivors → Rhythm Witch: Beat Death**, **Balatro and Vampire Survivors → Rogue Factory**, **Vampire Survivors → Runic Survivor**, **Enter the Gungeon → Sephiria** (its interview names Hades, Noita and Diablo instead, now in section 1), **Bad North → Tabletop Tavern** (the press compare it to Total War, Slay the Spire and FTL), **Slay the Spire → The Spirit Lift** (its Rogueliker interview names only films: Scream, The Faculty, Blair Witch), **Slay the Spire → Voice of Belldona** (reviewers), **Crypt of the NecroDancer → Guidus** (reviewers). Slay the Spire → Bella Wants Blood is GamingOnLinux's ""a Slay the Spire style path system"", not Sonderland's.",,"From the two-connection games, placeholder rows (October 2026)",source check,,,con-bad-north--tabletop-tavern
Slay the Spire,The Spirit Lift,,,,"**No first-hand source found** for these placeholder rows: **Realm of the Mad God → 33 Immortals** (Thunder Lotus name only Dante's Divine Comedy), **Slay the Spire → As We Descend** (Kevin Chang aims to be ""more tactical"" than it, in a journalist's paraphrase), **Vampire Survivors → Asgard's Fall** (the only ""inspired by Vampire Survivors"" on its itch page is a player's; the developer names the pixel artists Angrysnail and NOP), **Isaac and Gungeon → Asterogues**, **Slay the Spire → Brawl Tactics: Origins** (a reviewer's ""map screen of Slay the Spire or FTL""), **Cult of the Lamb and Hades → Cinderia** (MyACG's Inven interview names no game), **Slay the Spire → Hive Blight**, **Vampire Survivors → Rhythm Witch: Beat Death**, **Balatro and Vampire Survivors → Rogue Factory**, **Vampire Survivors → Runic Survivor**, **Enter the Gungeon → Sephiria** (its interview names Hades, Noita and Diablo instead, now in section 1), **Bad North → Tabletop Tavern** (the press compare it to Total War, Slay the Spire and FTL), **Slay the Spire → The Spirit Lift** (its Rogueliker interview names only films: Scream, The Faculty, Blair Witch), **Slay the Spire → Voice of Belldona** (reviewers), **Crypt of the NecroDancer → Guidus** (reviewers). Slay the Spire → Bella Wants Blood is GamingOnLinux's ""a Slay the Spire style path system"", not Sonderland's.",,"From the two-connection games, placeholder rows (October 2026)",source check,,,con-slay-the-spire--the-spirit-lift
Slay the Spire,Voice of Belldona,,,,"**No first-hand source found** for these placeholder rows: **Realm of the Mad God → 33 Immortals** (Thunder Lotus name only Dante's Divine Comedy), **Slay the Spire → As We Descend** (Kevin Chang aims to be ""more tactical"" than it, in a journalist's paraphrase), **Vampire Survivors → Asgard's Fall** (the only ""inspired by Vampire Survivors"" on its itch page is a player's; the developer names the pixel artists Angrysnail and NOP), **Isaac and Gungeon → Asterogues**, **Slay the Spire → Brawl Tactics: Origins** (a reviewer's ""map screen of Slay the Spire or FTL""), **Cult of the Lamb and Hades → Cinderia** (MyACG's Inven interview names no game), **Slay the Spire → Hive Blight**, **Vampire Survivors → Rhythm Witch: Beat Death**, **Balatro and Vampire Survivors → Rogue Factory**, **Vampire Survivors → Runic Survivor**, **Enter the Gungeon → Sephiria** (its interview names Hades, Noita and Diablo instead, now in section 1), **Bad North → Tabletop Tavern** (the press compare it to Total War, Slay the Spire and FTL), **Slay the Spire → The Spirit Lift** (its Rogueliker interview names only films: Scream, The Faculty, Blair Witch), **Slay the Spire → Voice of Belldona** (reviewers), **Crypt of the NecroDancer → Guidus** (reviewers). Slay the Spire → Bella Wants Blood is GamingOnLinux's ""a Slay the Spire style path system"", not Sonderland's.",,"From the two-connection games, placeholder rows (October 2026)",source check,,,con-slay-the-spire--voice-of-belldona
Crypt of the NecroDancer,Guidus,,,,"**No first-hand source found** for these placeholder rows: **Realm of the Mad God → 33 Immortals** (Thunder Lotus name only Dante's Divine Comedy), **Slay the Spire → As We Descend** (Kevin Chang aims to be ""more tactical"" than it, in a journalist's paraphrase), **Vampire Survivors → Asgard's Fall** (the only ""inspired by Vampire Survivors"" on its itch page is a player's; the developer names the pixel artists Angrysnail and NOP), **Isaac and Gungeon → Asterogues**, **Slay the Spire → Brawl Tactics: Origins** (a reviewer's ""map screen of Slay the Spire or FTL""), **Cult of the Lamb and Hades → Cinderia** (MyACG's Inven interview names no game), **Slay the Spire → Hive Blight**, **Vampire Survivors → Rhythm Witch: Beat Death**, **Balatro and Vampire Survivors → Rogue Factory**, **Vampire Survivors → Runic Survivor**, **Enter the Gungeon → Sephiria** (its interview names Hades, Noita and Diablo instead, now in section 1), **Bad North → Tabletop Tavern** (the press compare it to Total War, Slay the Spire and FTL), **Slay the Spire → The Spirit Lift** (its Rogueliker interview names only films: Scream, The Faculty, Blair Witch), **Slay the Spire → Voice of Belldona** (reviewers), **Crypt of the NecroDancer → Guidus** (reviewers). Slay the Spire → Bella Wants Blood is GamingOnLinux's ""a Slay the Spire style path system"", not Sonderland's.",,"From the two-connection games, placeholder rows (October 2026)",source check,,,con-crypt-of-the-necrodancer--guidus
FTL,Road Not Taken,,,,"**FTL → Road Not Taken** and **Don't Starve → Road Not Taken** (sheet: Wikipedia): **the source Wikipedia cites is a pitch, not an influence.** Wikipedia says David Edery ""cited recent games FTL: Faster Than Light and Don't Starve as inspirations"", but his PlayStation Blog post says: ""There have been some really fantastic roguelikes that have been released in the past few years. Games like FTL and Don't Starve, for example. We're hoping that Road Not Taken appeals to the people who loved those games, but also to people who really enjoy thinking through a tricky puzzle"". Kill Screen says the same: Edery brought up Don't Starve ""as a point of comparison"". Worth deciding whether the rows stay. — [PlayStation Blog](https://blog.playstation.com/2013/08/30/roguelike-puzzle-game-road-not-taken-coming-to-ps4-ps-vita-in-2014/), [Kill Screen](https://www.killscreen.com/behind-road-not-taken-spry-foxs-labyrinthine-successor-triple-town/)","https://blog.playstation.com/2013/08/30/roguelike-puzzle-game-road-not-taken-coming-to-ps4-ps-vita-in-2014/
https://www.killscreen.com/behind-road-not-taken-spry-foxs-labyrinthine-successor-triple-town/","From the two-connection games, fourth batch (October 2026)",source check,,,con-ftl--road-not-taken
Don't Starve,Road Not Taken,,,,"**FTL → Road Not Taken** and **Don't Starve → Road Not Taken** (sheet: Wikipedia): **the source Wikipedia cites is a pitch, not an influence.** Wikipedia says David Edery ""cited recent games FTL: Faster Than Light and Don't Starve as inspirations"", but his PlayStation Blog post says: ""There have been some really fantastic roguelikes that have been released in the past few years. Games like FTL and Don't Starve, for example. We're hoping that Road Not Taken appeals to the people who loved those games, but also to people who really enjoy thinking through a tricky puzzle"". Kill Screen says the same: Edery brought up Don't Starve ""as a point of comparison"". Worth deciding whether the rows stay. — [PlayStation Blog](https://blog.playstation.com/2013/08/30/roguelike-puzzle-game-road-not-taken-coming-to-ps4-ps-vita-in-2014/), [Kill Screen](https://www.killscreen.com/behind-road-not-taken-spry-foxs-labyrinthine-successor-triple-town/)","https://blog.playstation.com/2013/08/30/roguelike-puzzle-game-road-not-taken-coming-to-ps4-ps-vita-in-2014/
https://www.killscreen.com/behind-road-not-taken-spry-foxs-labyrinthine-successor-triple-town/","From the two-connection games, fourth batch (October 2026)",source check,,,con-don-t-starve--road-not-taken
Dead Cells,Battle Shapers,,,,"**Dead Cells → Battle Shapers** and **Hades → Battle Shapers** have a second first-hand source. Asked ""What were your key influences?"", the co-founders: ""we hold a strong admiration for recent Roguelites like Dead Cells and Hades, and we deeply appreciate how these games have pushed the roguelite meta-progression experience further"". They also name Doom (2016) and the Mega Man X series, both off the chart. — [God is a Geek](https://godisageek.com/2023/09/battle-shapers-interview-were-developing-with-a-premium-game-mindset/)",https://godisageek.com/2023/09/battle-shapers-interview-were-developing-with-a-premium-game-mindset/,"From the two-connection games, fourth batch (October 2026)",source check,,,con-dead-cells--battle-shapers
Hades,Battle Shapers,,,,"**Dead Cells → Battle Shapers** and **Hades → Battle Shapers** have a second first-hand source. Asked ""What were your key influences?"", the co-founders: ""we hold a strong admiration for recent Roguelites like Dead Cells and Hades, and we deeply appreciate how these games have pushed the roguelite meta-progression experience further"". They also name Doom (2016) and the Mega Man X series, both off the chart. — [God is a Geek](https://godisageek.com/2023/09/battle-shapers-interview-were-developing-with-a-premium-game-mindset/)",https://godisageek.com/2023/09/battle-shapers-interview-were-developing-with-a-premium-game-mindset/,"From the two-connection games, fourth batch (October 2026)",source check,,,con-hades--battle-shapers
Dwarf Fortress,Ultima Ratio Regum,,,,"**Dwarf Fortress → Ultima Ratio Regum** has a written first-hand source (the sheet's is a video). Mark Johnson: ""Oh yeah, I mean DF is certainly a big inspiration, even if I'm now careening madly away towards uncharted lands."" — [The Game Bastion, 2013](https://thegamebastion.wordpress.com/2013/02/03/interview-with-mark-johnson-of-ultima-ratio-regum/)",https://thegamebastion.wordpress.com/2013/02/03/interview-with-mark-johnson-of-ultima-ratio-regum/,"From the two-connection games, fourth batch (October 2026)",source check,,,con-dwarf-fortress--ultima-ratio-regum
Ancient Domains of Mystery,Soulash,,,,"**Ancient Domains of Mystery → Soulash** and **UnReal World → Soulash** have a second first-hand source, and **Dwarf Fortress → Soulash 2** a written one. Artur Śmiarowski: ""For Soulash my main inspirations were ADOM and UnReal World, which to some degree I kept in the sequel, and now I've expanded the scope to add a little bit of Dwarf Fortress Adventure and Mount & Blade into the cauldron."" Under the sequel rule this is exactly the sheet's shape: ADOM and UnReal World on Soulash, Dwarf Fortress on Soulash 2. — [Sassy Gamers](https://sassygamers.com/gamedev-interview-artur-smiarowski)",https://sassygamers.com/gamedev-interview-artur-smiarowski,"From the two-connection games, fifth batch (October 2026)",source check,,,con-ancient-domains-of-mystery--soulash
UnReal World,Soulash,,,,"**Ancient Domains of Mystery → Soulash** and **UnReal World → Soulash** have a second first-hand source, and **Dwarf Fortress → Soulash 2** a written one. Artur Śmiarowski: ""For Soulash my main inspirations were ADOM and UnReal World, which to some degree I kept in the sequel, and now I've expanded the scope to add a little bit of Dwarf Fortress Adventure and Mount & Blade into the cauldron."" Under the sequel rule this is exactly the sheet's shape: ADOM and UnReal World on Soulash, Dwarf Fortress on Soulash 2. — [Sassy Gamers](https://sassygamers.com/gamedev-interview-artur-smiarowski)",https://sassygamers.com/gamedev-interview-artur-smiarowski,"From the two-connection games, fifth batch (October 2026)",source check,,,con-unreal-world--soulash
Dwarf Fortress,Soulash 2,,,,"**Ancient Domains of Mystery → Soulash** and **UnReal World → Soulash** have a second first-hand source, and **Dwarf Fortress → Soulash 2** a written one. Artur Śmiarowski: ""For Soulash my main inspirations were ADOM and UnReal World, which to some degree I kept in the sequel, and now I've expanded the scope to add a little bit of Dwarf Fortress Adventure and Mount & Blade into the cauldron."" Under the sequel rule this is exactly the sheet's shape: ADOM and UnReal World on Soulash, Dwarf Fortress on Soulash 2. — [Sassy Gamers](https://sassygamers.com/gamedev-interview-artur-smiarowski)",https://sassygamers.com/gamedev-interview-artur-smiarowski,"From the two-connection games, fifth batch (October 2026)",source check,,,con-dwarf-fortress--soulash-2
Downwell,Riptale,,,,"**Downwell → Riptale**: the cited thread's reply carries Steam's developer badge (Super God): ""Downwell is an excellent game and the graphics of Riptale were heavily inspired by it."" Sound, and about the art. **Riptale → Scourgebringer** (`check folder`) has no source: nothing from Flying Oak names Riptale.",,"From the two-connection games, fifth batch (October 2026)",source check,,,con-downwell--riptale
Riptale,Scourgebringer,,,,"**Downwell → Riptale**: the cited thread's reply carries Steam's developer badge (Super God): ""Downwell is an excellent game and the graphics of Riptale were heavily inspired by it."" Sound, and about the art. **Riptale → Scourgebringer** (`check folder`) has no source: nothing from Flying Oak names Riptale.",,"From the two-connection games, fifth batch (October 2026)",source check,,,con-riptale--scourgebringer
Enter the Gungeon,NecroBouncer,,,,"**Enter the Gungeon → NecroBouncer** and **Nuclear Throne → NecroBouncer**: in the cited AMA the answer comes from megaF1KUS, not the post's own account: ""So mostly, I took visual and game feel inspiration, and mostly just the two games, Enter the Gungeon and Nuclear Throne"". It reads like the developer answering a player who raised Gungeon, but the account isn't the studio's; worth a look.",,"From the two-connection games, fifth batch (October 2026)",source check,,,con-enter-the-gungeon--necrobouncer
Nuclear Throne,NecroBouncer,,,,"**Enter the Gungeon → NecroBouncer** and **Nuclear Throne → NecroBouncer**: in the cited AMA the answer comes from megaF1KUS, not the post's own account: ""So mostly, I took visual and game feel inspiration, and mostly just the two games, Enter the Gungeon and Nuclear Throne"". It reads like the developer answering a player who raised Gungeon, but the account isn't the studio's; worth a look.",,"From the two-connection games, fifth batch (October 2026)",source check,,,con-nuclear-throne--necrobouncer
The Binding of Isaac,Beyond the Long Night,,,,"**The Binding of Isaac → Beyond the Long Night**: the row's source is a web.archive.org copy that doesn't load here, but the developer's own announcement says it outright: ""Taking inspiration from The Binding of Isaac's combat, The Outer Wilds time loop and Undertale's dialogue"". A better source than the archive. — [noisyheadgames.com](https://noisyheadgames.com/charming-roguelike-adventure-beyond-the-long-night-announced-for-pc/)",https://noisyheadgames.com/charming-roguelike-adventure-beyond-the-long-night-announced-for-pc/,"From the two-connection games, sixth batch (October 2026)",source check,,,con-the-binding-of-isaac--beyond-the-long-night
Slay the Spire,Archon Soul,,,,"**Slay the Spire → Archon Soul** and **Dicey Dungeons → Archon Soul**: the studio's press kit tells the same story as the cited Reddit post, about its founder Thomas Griffin: ""Thomas was playing a LOT of Slay the Spire at the time (as one does) and had recently played Dicey Dungeons as well."" — [PolyGryph press kit](https://www.polygryph.com/archon-soul-press-kit)",https://www.polygryph.com/archon-soul-press-kit,"From the two-connection games, sixth batch (October 2026)",source check,,,con-slay-the-spire--archon-soul
Dicey Dungeons,Archon Soul,,,,"**Slay the Spire → Archon Soul** and **Dicey Dungeons → Archon Soul**: the studio's press kit tells the same story as the cited Reddit post, about its founder Thomas Griffin: ""Thomas was playing a LOT of Slay the Spire at the time (as one does) and had recently played Dicey Dungeons as well."" — [PolyGryph press kit](https://www.polygryph.com/archon-soul-press-kit)",https://www.polygryph.com/archon-soul-press-kit,"From the two-connection games, sixth batch (October 2026)",source check,,,con-dicey-dungeons--archon-soul
Balatro,Driving Rogue,,,,"**Sheet tidiness, not influence**: four games have the same influencer on two rows, so they count as two connections when they have one: **Balatro → Driving Rogue**, **Balatro → Insider Trading**, **Balatro → Lexispell** and **Baroque → Kernel Hearts**, each twice with the same source. `data/` already folds them into one link. And **Luck Be a Landlord → Combolands** spells the game with a capital B, where the `games` sheet has `Luck be a Landlord`; the importer matches case-blind, so it works, but the sheet is inconsistent.",,"From the two-connection games, sixth batch (October 2026)",source check,,,con-balatro--driving-rogue
Balatro,Insider Trading,,,,"**Sheet tidiness, not influence**: four games have the same influencer on two rows, so they count as two connections when they have one: **Balatro → Driving Rogue**, **Balatro → Insider Trading**, **Balatro → Lexispell** and **Baroque → Kernel Hearts**, each twice with the same source. `data/` already folds them into one link. And **Luck Be a Landlord → Combolands** spells the game with a capital B, where the `games` sheet has `Luck be a Landlord`; the importer matches case-blind, so it works, but the sheet is inconsistent.",,"From the two-connection games, sixth batch (October 2026)",source check,,,con-balatro--insider-trading
Balatro,Lexispell,,,,"**Sheet tidiness, not influence**: four games have the same influencer on two rows, so they count as two connections when they have one: **Balatro → Driving Rogue**, **Balatro → Insider Trading**, **Balatro → Lexispell** and **Baroque → Kernel Hearts**, each twice with the same source. `data/` already folds them into one link. And **Luck Be a Landlord → Combolands** spells the game with a capital B, where the `games` sheet has `Luck be a Landlord`; the importer matches case-blind, so it works, but the sheet is inconsistent.",,"From the two-connection games, sixth batch (October 2026)",source check,,,con-balatro--lexispell
Baroque,Kernel Hearts,,,,"**Sheet tidiness, not influence**: four games have the same influencer on two rows, so they count as two connections when they have one: **Balatro → Driving Rogue**, **Balatro → Insider Trading**, **Balatro → Lexispell** and **Baroque → Kernel Hearts**, each twice with the same source. `data/` already folds them into one link. And **Luck Be a Landlord → Combolands** spells the game with a capital B, where the `games` sheet has `Luck be a Landlord`; the importer matches case-blind, so it works, but the sheet is inconsistent.",,"From the two-connection games, sixth batch (October 2026)",source check,,,con-baroque--kernel-hearts
Dungeons of Dredmor,I Am Overburdened,,,,"**Dungeons of Dredmor → I Am Overburdened** and **Lost Labyrinth → I Am Overburdened** (sheet: RogueBasin): Spidi's own postmortem names Tower of the Sorcerer, Desktop Dungeons and The Enchanted Cave, not these two. RogueBasin's influence list (Enchanted Cave, Lost Labyrinth, Dungeons of Dredmor, DungeonUp) may come from somewhere he said it, but nothing first-hand was found. Desktop Dungeons is a new line in section 1.",,"From the two-connection games, seventh batch (October 2026)",source check,,,con-dungeons-of-dredmor--i-am-overburdened
Lost Labyrinth,I Am Overburdened,,,,"**Dungeons of Dredmor → I Am Overburdened** and **Lost Labyrinth → I Am Overburdened** (sheet: RogueBasin): Spidi's own postmortem names Tower of the Sorcerer, Desktop Dungeons and The Enchanted Cave, not these two. RogueBasin's influence list (Enchanted Cave, Lost Labyrinth, Dungeons of Dredmor, DungeonUp) may come from somewhere he said it, but nothing first-hand was found. Desktop Dungeons is a new line in section 1.",,"From the two-connection games, seventh batch (October 2026)",source check,,,con-lost-labyrinth--i-am-overburdened
Risk of Rain,Synthetik: Legion Rising,,,,"**Risk of Rain → Synthetik: Legion Rising**: the cited AMA, read through the Arctic Shift archive, doesn't name Risk of Rain anywhere in the post or the archived replies; it names Nuclear Throne and Gungeon instead (section 1). A reply may have been edited or not archived, but as it stands the source doesn't show the row.",,"From the two-connection games, seventh batch (October 2026)",source check,,,con-risk-of-rain--synthetik-legion-rising
Dungeon Crawl Stone Soup,Rift Wizard,,,,"**Dungeon Crawl Stone Soup → Rift Wizard**: GROGPOD's 2026 interview has a chapter titled ""Dungeon Crawl Stone Soup as Primary Design Inspiration"" (2:49). Audio, so a listen would make it a source. — [GROGPOD](http://grogpod.zone/2026-06-10-dylan-white/)",http://grogpod.zone/2026-06-10-dylan-white/,"From the two-connection games, seventh batch (October 2026)",source check,,,con-dungeon-crawl-stone-soup--rift-wizard
Miracle Chou Party: Sanae to Tenshi no Gensou Labyrinth,Touhou Genso Wanderer: Lotus Labyrinth R,,,,"**Miracle Chou Party: Sanae to Tenshi no Gensou Labyrinth → Touhou Genso Wanderer: Lotus Labyrinth R** (Dev/Series, no source): first-hand now. 4Gamer asked AQUASTYLE's JUNYA about Lotus Labyrinth's big-party play, 「以前PC向けにリリースされたミニゲーム「みらくる超パーティー 早苗と天子の幻想迷宮」で初めて採用された」 (""first adopted in the PC mini-game Miracle Chou Party""), and he answers 「東方Projectのキャラクターをダンジョンへたくさん連れていきたい，と思ったのが最初のきっかけです」 (""It started with wanting to take lots of Touhou characters into the dungeon""). — [4Gamer, 2018](https://www.4gamer.net/games/434/G043455/20181017071/)",https://www.4gamer.net/games/434/G043455/20181017071/,"From the two-connection games, the last series entries (October 2026)",source check,,,con-miracle-chou-party-sanae-to-tenshi-no-gensou-labyrinth--touhou-genso-wanderer-lotus-labyrinth-r
FTL,One Step From Eden,,,,"**FTL → One Step From Eden**, **Nuclear Throne → One Step From Eden** and **Slay the Spire → One Step From Eden** (sheet: Wikipedia): first-hand. The interview Wikipedia cites: ""A lot of great, punchy roguelites like FTL, Nuclear Throne, and Slay the Spire were all great games to learn from and inspired me while I was working on One Step From Eden."" Its press kit: ""I was also a huge fan of Faster than Light, Nuclear Throne, and other great roguelikes."" — [Indie Game Website](https://www.indiegamewebsite.com/2020/05/13/talking-world-design-with-the-one-step-from-eden/), [press kit](https://onestepfromeden.com/presskit/)","https://www.indiegamewebsite.com/2020/05/13/talking-world-design-with-the-one-step-from-eden/
https://onestepfromeden.com/presskit/","From the three-connection games, first batch (October 2026)",source check,,,con-ftl--one-step-from-eden
Nuclear Throne,One Step From Eden,,,,"**FTL → One Step From Eden**, **Nuclear Throne → One Step From Eden** and **Slay the Spire → One Step From Eden** (sheet: Wikipedia): first-hand. The interview Wikipedia cites: ""A lot of great, punchy roguelites like FTL, Nuclear Throne, and Slay the Spire were all great games to learn from and inspired me while I was working on One Step From Eden."" Its press kit: ""I was also a huge fan of Faster than Light, Nuclear Throne, and other great roguelikes."" — [Indie Game Website](https://www.indiegamewebsite.com/2020/05/13/talking-world-design-with-the-one-step-from-eden/), [press kit](https://onestepfromeden.com/presskit/)","https://www.indiegamewebsite.com/2020/05/13/talking-world-design-with-the-one-step-from-eden/
https://onestepfromeden.com/presskit/","From the three-connection games, first batch (October 2026)",source check,,,con-nuclear-throne--one-step-from-eden
Slay the Spire,One Step From Eden,,,,"**FTL → One Step From Eden**, **Nuclear Throne → One Step From Eden** and **Slay the Spire → One Step From Eden** (sheet: Wikipedia): first-hand. The interview Wikipedia cites: ""A lot of great, punchy roguelites like FTL, Nuclear Throne, and Slay the Spire were all great games to learn from and inspired me while I was working on One Step From Eden."" Its press kit: ""I was also a huge fan of Faster than Light, Nuclear Throne, and other great roguelikes."" — [Indie Game Website](https://www.indiegamewebsite.com/2020/05/13/talking-world-design-with-the-one-step-from-eden/), [press kit](https://onestepfromeden.com/presskit/)","https://www.indiegamewebsite.com/2020/05/13/talking-world-design-with-the-one-step-from-eden/
https://onestepfromeden.com/presskit/","From the three-connection games, first batch (October 2026)",source check,,,con-slay-the-spire--one-step-from-eden
Spelunky Classic,Streets of Rogue,,,,"**Spelunky Classic → Streets of Rogue** and **The Binding of Isaac → Streets of Rogue** (sheet: Wikipedia, whose sentence has no citation): first-hand. Dabrowski, quoted by Squareblind: ""My goal was to create a 2D immersive sim that allowed you to do a bunch of town-based RPG quests using wildly varying approaches. Spelunky and Binding of Isaac inspired the rogue-lite aspects of the game."" The store page also says ""takes inspiration from fast-paced top-down rogue-lites like Binding of Isaac and Nuclear Throne"". He says Spelunky, which by 2013 could be the HD remake; the sheet's Spelunky Classic is a choice. — [Squareblind](https://squareblind.wordpress.com/2020/08/30/streets-of-rogue-a-very-modern-quest-to-build-a-complex-chaotic-2d-open-world/), [Steam](https://store.steampowered.com/app/512900/)","https://squareblind.wordpress.com/2020/08/30/streets-of-rogue-a-very-modern-quest-to-build-a-complex-chaotic-2d-open-world/
https://store.steampowered.com/app/512900/","From the three-connection games, first batch (October 2026)",source check,,,con-spelunky-classic--streets-of-rogue
The Binding of Isaac,Streets of Rogue,,,,"**Spelunky Classic → Streets of Rogue** and **The Binding of Isaac → Streets of Rogue** (sheet: Wikipedia, whose sentence has no citation): first-hand. Dabrowski, quoted by Squareblind: ""My goal was to create a 2D immersive sim that allowed you to do a bunch of town-based RPG quests using wildly varying approaches. Spelunky and Binding of Isaac inspired the rogue-lite aspects of the game."" The store page also says ""takes inspiration from fast-paced top-down rogue-lites like Binding of Isaac and Nuclear Throne"". He says Spelunky, which by 2013 could be the HD remake; the sheet's Spelunky Classic is a choice. — [Squareblind](https://squareblind.wordpress.com/2020/08/30/streets-of-rogue-a-very-modern-quest-to-build-a-complex-chaotic-2d-open-world/), [Steam](https://store.steampowered.com/app/512900/)","https://squareblind.wordpress.com/2020/08/30/streets-of-rogue-a-very-modern-quest-to-build-a-complex-chaotic-2d-open-world/
https://store.steampowered.com/app/512900/","From the three-connection games, first batch (October 2026)",source check,,,con-the-binding-of-isaac--streets-of-rogue
NetHack,KeeperRL,,,,"**NetHack → KeeperRL** and **Ancient Domains of Mystery → KeeperRL** (both `check folder`): first-hand. Michał Brzozowski, in the Alpha 30 press release: ""When creating KeeperRL in 2013, I was inspired by roguelikes like Nethack and ADOM. After discovering Dwarf Fortress, I experimented with adding a real-time dungeon building mode"". — [Novy Unlimited](https://novyunlimited.com/project/keeperrl/)",https://novyunlimited.com/project/keeperrl/,"From the three-connection games, first batch (October 2026)",source check,,,con-nethack--keeperrl
Ancient Domains of Mystery,KeeperRL,,,,"**NetHack → KeeperRL** and **Ancient Domains of Mystery → KeeperRL** (both `check folder`): first-hand. Michał Brzozowski, in the Alpha 30 press release: ""When creating KeeperRL in 2013, I was inspired by roguelikes like Nethack and ADOM. After discovering Dwarf Fortress, I experimented with adding a real-time dungeon building mode"". — [Novy Unlimited](https://novyunlimited.com/project/keeperrl/)",https://novyunlimited.com/project/keeperrl/,"From the three-connection games, first batch (October 2026)",source check,,,con-ancient-domains-of-mystery--keeperrl
Noita,CleanFall,,,,"**Noita → CleanFall** (sheet: ""dev is a noita fan also look at it""): first-hand. HumanYoyo's own Next Fest release: ""The game is inspired by by titles like Spelunky, Noita, Terraria, Rainworld, Dig or Die and Dome Keeper."" — [EIN Presswire](https://www.einpresswire.com/article/786762146/cleanfall-unveils-bold-new-features-at-upcoming-steam-next-fest-a-unique-survival-roguelite-experience)",https://www.einpresswire.com/article/786762146/cleanfall-unveils-bold-new-features-at-upcoming-steam-next-fest-a-unique-survival-roguelite-experience,"From the three-connection games, first batch (October 2026)",source check,,,con-noita--cleanfall
Nuclear Throne,Blazing Beaks,,,,"**Nuclear Throne → Blazing Beaks** (`check folder`): first-hand. Applava, asked ""Was there another GameMaker game which inspired you?"": ""Firstly, Nuclear Throne."" In the same answer **Spelunky Classic** (also `check folder`) is named only as proof GameMaker could do it (""when we saw that Risk of Rain and Spelunky Classic were also made on the platform, it told us that GameMaker had everything we needed""), and **Isaac** isn't named at all. — [GameMaker blog](https://gamemaker.io/en/blog/applava-blazing-beaks)",https://gamemaker.io/en/blog/applava-blazing-beaks,"From the three-connection games, first batch (October 2026)",source check,,,con-nuclear-throne--blazing-beaks
The Binding of Isaac,Lake of Creatures,,,,"**The Binding of Isaac → Lake of Creatures** (`check folder`): its store page calls it ""Isaac-like roguelike gameplay made by 1 Isaac fan"". Gungeon, its other row, isn't named.",,"From the three-connection games, first batch (October 2026)",source check,,,con-the-binding-of-isaac--lake-of-creatures
Risk of Rain 2,PokéRogue,,,,"**Risk of Rain 2 → PokéRogue** (`check folder`): Trill Mag quotes its creator Samuel: it came from Risk of Rain 2 and an old Pokémon project of his, ""Something caused me to just put them together in my head and it just grew from there"", and the game's own splash texts say ""RoR2-influenced"". The article returns 403 here, so the quote is a search engine's reading. — [Trill Mag](https://www.trillmag.com/entertainment/gaming/pokerogue-the-fangame-that-hooked-players-immediately/)",https://www.trillmag.com/entertainment/gaming/pokerogue-the-fangame-that-hooked-players-immediately/,"From the three-connection games, first batch (October 2026)",source check,,,con-risk-of-rain-2--pok-rogue
The Bazaar,Batomon Showdown,,,,"**The Bazaar → Batomon Showdown**: the cited Reddit post's own title, from the developer: ""A Casual Autobattler inspired by Pokemon and The Bazaar"". Its Oaken Tower and Teamfight Tactics rows (`check folder`) weren't found anywhere.",,"From the three-connection games, first batch (October 2026)",source check,,,con-the-bazaar--batomon-showdown
Risk of Rain,Shape of Dreams,,,,"**Risk of Rain → Shape of Dreams**: the cited interview is about a system that was cut. Eunseop Shim: ""When we had our early prototype, we actually had a system very similar to Risk of Rain, with time-based difficulty scaling … Kind of like Risk of Rain 2, but with a difficulty speed bump."" It ""ultimately didn't align with the game's design"", and the writer adds that Shim ""split the difference between Risk of Rain 2 and FTL"". Real, but an influence on a prototype, and he names Risk of Rain 2 as often as Risk of Rain. — [Screen Rant](https://screenrant.com/shape-of-dreams-eunseop-shim-interview/)",https://screenrant.com/shape-of-dreams-eunseop-shim-interview/,"From the three-connection games, second batch (October 2026)",source check,,,con-risk-of-rain--shape-of-dreams
Catacomb Kids,Red Rogue,,,,"**Catacomb Kids → Red Rogue**: in his own words it's an aside. Aaron Steed: ""Red Rogue I started developing after wishing Spelunky had more RPG in it (Catacomb Kids still isn't finished whilst I'm writing this after all)."" Spelunky is the model; Catacomb Kids is the game he was waiting for. — [Game Developer](https://www.gamedeveloper.com/design/we-ask-indies-aaron-steed-creator-of-ending-and-red-rogue)",https://www.gamedeveloper.com/design/we-ask-indies-aaron-steed-creator-of-ending-and-red-rogue,"From the three-connection games, second batch (October 2026)",source check,,,con-catacomb-kids--red-rogue
The Binding of Isaac,Monstrum,,,,"**The Binding of Isaac → Monstrum** has a second first-hand source: its director Jaime Cross told IGN the pitch was ""basically what would happen if you mixed The Binding of Isaac with Amnesia: The Dark Descent"" (relayed by search; not read in full here).",,"From the three-connection games, second batch (October 2026)",source check,,,con-the-binding-of-isaac--monstrum
FTL,Switchcars,,,,"**FTL → Switchcars**, **Spelunky Classic → Switchcars** and **The Binding of Isaac → Switchcars**: the cited answer is to ""What are some of your favorite games?"" (""I always loved roguelikes, such as Spelunky, The Binding of Isaac, and even Minecraft, FTL…""), so these are favourites, not stated influences. Spelunky stands better: he names it again in his answer on what makes Switchcars different, as a game he wants it to join (with Dwarf Fortress, section 1). — [EmuGlx](https://www.emuglx.org/reportaze/interview/exclusive-switchcars-interview/)",https://www.emuglx.org/reportaze/interview/exclusive-switchcars-interview/,"From the three-connection games, last batch (October 2026)",source check,,,con-ftl--switchcars
Spelunky Classic,Switchcars,,,,"**FTL → Switchcars**, **Spelunky Classic → Switchcars** and **The Binding of Isaac → Switchcars**: the cited answer is to ""What are some of your favorite games?"" (""I always loved roguelikes, such as Spelunky, The Binding of Isaac, and even Minecraft, FTL…""), so these are favourites, not stated influences. Spelunky stands better: he names it again in his answer on what makes Switchcars different, as a game he wants it to join (with Dwarf Fortress, section 1). — [EmuGlx](https://www.emuglx.org/reportaze/interview/exclusive-switchcars-interview/)",https://www.emuglx.org/reportaze/interview/exclusive-switchcars-interview/,"From the three-connection games, last batch (October 2026)",source check,,,con-spelunky-classic--switchcars
The Binding of Isaac,Switchcars,,,,"**FTL → Switchcars**, **Spelunky Classic → Switchcars** and **The Binding of Isaac → Switchcars**: the cited answer is to ""What are some of your favorite games?"" (""I always loved roguelikes, such as Spelunky, The Binding of Isaac, and even Minecraft, FTL…""), so these are favourites, not stated influences. Spelunky stands better: he names it again in his answer on what makes Switchcars different, as a game he wants it to join (with Dwarf Fortress, section 1). — [EmuGlx](https://www.emuglx.org/reportaze/interview/exclusive-switchcars-interview/)",https://www.emuglx.org/reportaze/interview/exclusive-switchcars-interview/,"From the three-connection games, last batch (October 2026)",source check,,,con-the-binding-of-isaac--switchcars
Ancient Domains of Mystery,GearHead Caramel,,,,"**Ancient Domains of Mystery → GearHead Caramel** and **Hack → GearHead Caramel** (sheet: RogueBasin): under the sequel rule these belong on the first GearHead, which already has Hack (and ADOM, from Hewitt's own words, is a line in section 1). Caramel's rows add nothing the series edge doesn't carry.",,"From the three-connection games, last batch (October 2026)",source check,,,con-ancient-domains-of-mystery--gearhead-caramel
Hack,GearHead Caramel,,,,"**Ancient Domains of Mystery → GearHead Caramel** and **Hack → GearHead Caramel** (sheet: RogueBasin): under the sequel rule these belong on the first GearHead, which already has Hack (and ADOM, from Hewitt's own words, is a line in section 1). Caramel's rows add nothing the series edge doesn't carry.",,"From the three-connection games, last batch (October 2026)",source check,,,con-hack--gearhead-caramel
Backpack Hero,Rogue Voltage,,,,"**Backpack Hero → Rogue Voltage**: **the cited reply ranks it outside the inspirations.** The developer, on the Steam forum: ""My favorites and maybe the biggest inspirations for RV are are the classics: Slay the Spire (94h), FTL (24h), Into the Breach (29h). Backpack Hero I only played for a couple of sessions on Itch."" Owner to look into it. — [Steam forum](https://steamcommunity.com/app/1494560/discussions/0/4335355681660890217/)",https://steamcommunity.com/app/1494560/discussions/0/4335355681660890217/,"From the proof-capture pilot (`tools/capture_proof.js`, October 2026), sources whose captured sentence reads against the row",source check,,,con-backpack-hero--rogue-voltage
Shotgun King: The Final Checkmate,The Ouroboros King,,,,"**Shotgun King: The Final Checkmate → The Ouroboros King**, **Into the Breach → The Ouroboros King** and **Pawnbarian → The Ouroboros King**: the Reddit post all four rows cite names only Slay the Spire (and Hades, as a comparison), which is why `docs/proof-missing.md` lists three of them as ""neither the post nor its comments name …"". Oriol Cosp's own Steam page lists all four: ""Game inspirations: Shotgun King: Chess, The Final Checkmate, Pawnbarian, Slay the Spire, Into the Breach, 5D chess with multiverse timetravel."" Use it as the Source for all four. — [Steam store page](https://store.steampowered.com/app/2096510/)",https://store.steampowered.com/app/2096510/,From the four-connection batch (October 2026),source check,,,con-shotgun-king-the-final-checkmate--the-ouroboros-king
Into the Breach,The Ouroboros King,,,,"**Shotgun King: The Final Checkmate → The Ouroboros King**, **Into the Breach → The Ouroboros King** and **Pawnbarian → The Ouroboros King**: the Reddit post all four rows cite names only Slay the Spire (and Hades, as a comparison), which is why `docs/proof-missing.md` lists three of them as ""neither the post nor its comments name …"". Oriol Cosp's own Steam page lists all four: ""Game inspirations: Shotgun King: Chess, The Final Checkmate, Pawnbarian, Slay the Spire, Into the Breach, 5D chess with multiverse timetravel."" Use it as the Source for all four. — [Steam store page](https://store.steampowered.com/app/2096510/)",https://store.steampowered.com/app/2096510/,From the four-connection batch (October 2026),source check,,,con-into-the-breach--the-ouroboros-king
Pawnbarian,The Ouroboros King,,,,"**Shotgun King: The Final Checkmate → The Ouroboros King**, **Into the Breach → The Ouroboros King** and **Pawnbarian → The Ouroboros King**: the Reddit post all four rows cite names only Slay the Spire (and Hades, as a comparison), which is why `docs/proof-missing.md` lists three of them as ""neither the post nor its comments name …"". Oriol Cosp's own Steam page lists all four: ""Game inspirations: Shotgun King: Chess, The Final Checkmate, Pawnbarian, Slay the Spire, Into the Breach, 5D chess with multiverse timetravel."" Use it as the Source for all four. — [Steam store page](https://store.steampowered.com/app/2096510/)",https://store.steampowered.com/app/2096510/,From the four-connection batch (October 2026),source check,,,con-pawnbarian--the-ouroboros-king
StarVaders,Dicevaders,,yes,,"**StarVaders → Dicevaders** (no Source): it is the same studio's next game, set in the StarVaders universe with you playing its bosses, so the row wants `Yes` under Dev/Series Relation. Pengonauts' announcement calls it ""an expansion of their IP from 2025's hit StarVaders"". — [CogConnected](https://cogconnected.com/2026/02/dicevaders-has-rolled-out-its-first-steam-demo/)",https://cogconnected.com/2026/02/dicevaders-has-rolled-out-its-first-steam-demo/,From the four-connection batch (October 2026),source check,,,con-starvaders--dicevaders
,,Haque,,,"**Haque**'s four rows: NetHack's is Kevin Cole's own words (""NetHack is probably my biggest influence!"", the GamingOnLinux interview it cites). Azure Dreams and Nuclear Throne rest on Roguelike Radio's show notes for episode 151 (""Mechanics inspired by Nuclear Throne and Azure Dreams""), which summarise the developers talking but aren't their words; the episode itself is the first-hand source, so it is one for you to listen to. Powder's rests on RogueBasin's infobox, but the page history shows the developer's own account (RealKevinCole) typed that line, Azure Dreams included; see the RogueBasin rows below.",,From the four-connection batch (October 2026),source check,,,con-source-check-haque
,,LambdaRogue: The Book of Stars,,,"**LambdaRogue: The Book of Stars** and **The Ground Gives Way**: every row comes from a RogueBasin infobox (""Influences: Nethack, Angband, ADOM, Sacred, Diablo 2""; ""Castlevania, POWDER, Incursion, Angband""), which anyone can edit. No first-hand source was found for either. *LambdaRogue has one now: see its line under the RogueBasin rows below.*",,From the four-connection batch (October 2026),source check,,,con-source-check-lambdarogue-the-book-of-stars
,,Dunjungle,,,"**Dunjungle**'s rows: its developer, asked in the Reddit launch thread the rows cite what inspired it: ""Mostly Dead Cells! A big of Rogue Legacy, Spelunky, Hades. The truth is I played a lot of Roguelites and kinda got inspiration from all of them."" That is a first-hand source for all four rows (Spelunky is on the sheet as Spelunky Classic). — [Reddit comment](https://www.reddit.com/r/IndieGaming/comments/1pji5gu/dunjungle_the_monkey_action_roguelite_is_out_on/ntgu2fx/)",https://www.reddit.com/r/IndieGaming/comments/1pji5gu/dunjungle_the_monkey_action_roguelite_is_out_on/ntgu2fx/,From the four-connection batch (October 2026),source check,,,con-source-check-dunjungle
Rogue,Hack,,,,"**Rogue → Hack** (no Source): Jay Fenlason, to Linux.com, on being introduced to Rogue at UC Berkeley: ""I was curious about some of the game play issues involved in designing it, things like how the rooms and corridors were generated, so I started hacking up some random level generators and stuff to try things out."" — [Linux.com, ""On the train of life with NetHack's papa""](https://www.linux.com/news/train-life-nethacks-papa/)",https://www.linux.com/news/train-life-nethacks-papa/,From the four-connection batch (October 2026),source check,,,con-rogue--hack-2
Dota Auto Chess,Teamfight Tactics,,,,"**Dota Auto Chess → Teamfight Tactics** (sheet: Wikipedia): Riot's own announcement: ""We've always loved strategy games and recently we've gotten into the new auto-battler genre—folks around the office have been playing an insane amount of Dota Auto Chess in particular. We love it, and it actually got us inspired to create something new as a mode in League."" — [Riot dev post, via devtrackers.gg](https://devtrackers.gg/leagueoflegends/p/38d9d816-teamfight-tactics)",https://devtrackers.gg/leagueoflegends/p/38d9d816-teamfight-tactics,From the four-connection batch (October 2026),source check,,,con-dota-auto-chess--teamfight-tactics
,,Halls of Torment,,,"**Halls of Torment**'s two rows. **Vampire Survivors** (""look at it""): Chasing Carrots, by email to Pieuvre: ""Obviously, Vampire Survivors was the biggest influence on Halls of Torment"", so use that. **Diablo**: its only source is the W4 Games interview that `docs/proof-missing.md` lists as gone, and the same Pieuvre piece says outright that ""the developers don't specifically mention it"" (they name Arcanum, Nox, the original Fallout and Planescape: Torment, all off the chart). The row needs a new first-hand source or a second look. — [Pieuvre](https://www.pieuvre.ca/?p=62650)",https://www.pieuvre.ca/?p=62650,From the four-connection batch (October 2026),source check,,,con-source-check-halls-of-torment
Kingdom: New Lands,Dome Keeper,,,,"**Kingdom: New Lands → Dome Keeper** (""check folder""): René Habermann, asked by Game*Spark what influenced it: 「直接的に影響を受けたものはありません。……本作のゲームデザインに一番大きな影響を与えたものと言えば、『Kingdom』と『Into the Breach』ですね。」 (""Nothing influenced it directly. … If I had to name the biggest influences on the design, it's Kingdom and Into the Breach."") He names the series, not New Lands. — [Game*Spark](https://www.gamespark.jp/article/2022/10/28/123900.html)",https://www.gamespark.jp/article/2022/10/28/123900.html,From the four-connection batch (October 2026),source check,,,con-kingdom-new-lands--dome-keeper
Enter the Gungeon,Gunfire Reborn,,,,"**Enter the Gungeon → Gunfire Reborn** (sheet: Wikipedia): Duoyi Games, answering Game Wisdom's questions themselves: ""Inspired by many previous excellent roguelike games such as Borderlands and Enter the Gungeon, we considered that roguelike would be the most suitable design for Gunfire, so it was eventually adopted."" — [Game Wisdom guest interview](https://game-wisdom.com/guest/gunfire-reborn-interview)",https://game-wisdom.com/guest/gunfire-reborn-interview,From the four-connection batch (October 2026),source check,,,con-enter-the-gungeon--gunfire-reborn
Slay the Spire,Hadean Tactics,,,,"**Slay the Spire → Hadean Tactics**: the developers, on moving a DLC date: ""the sequel to Slay The Spire, the game that inspired us to make Hadean Tactics, is also launching today. We love STS"". — [Steam dev post, ""The Moon Waits""](https://store.steampowered.com/news/app/1260590/view/1826362059921566)",https://store.steampowered.com/news/app/1260590/view/1826362059921566,"**The rows with no link at all (October 2026).** 167 rows have no URL in Source and no screenshot. 139 are Dev/Series rows, where the relation is the source. The other 28",source check,,,con-slay-the-spire--hadean-tactics
Slay the Spire,Rogue Lords,,,,"**Slay the Spire → Rogue Lords** ✓ *the sheet cites the Shacknews interview now*: Jérémie Monedero (game director, Cyanide/Leikir): ""it was while playing Slay the Spire that the idea took on a second life"", and asked for inspirations, ""we drew a lot from Slay the Spire gameplay, whose structure can be found in Rogue Lords"". (He also names Bard's Tale and Battle Chasers: Nightwar, both off the chart.) — [Shacknews interview](https://shacknews.com/article/127385/rogue-lords-interview-running-with-the-devil)",https://shacknews.com/article/127385/rogue-lords-interview-running-with-the-devil,"**The rows with no link at all (October 2026).** 167 rows have no URL in Source and no screenshot. 139 are Dev/Series rows, where the relation is the source. The other 28",source check,,,con-slay-the-spire--rogue-lords
Ancient Domains of Mystery,Caves of Qud,,,,"**Ancient Domains of Mystery → Caves of Qud**: Jason Grinblat's Review Fix answer, already quoted in section 7 for Dwarf Fortress: ""Ancient Domains of Mystery (ADoM), Dwarf Fortress, Morrowind, and Star Control II."" — [Review Fix](https://reviewfix.com/2018/08/review-fix-exclusive-inside-caves-of-qud/)",https://reviewfix.com/2018/08/review-fix-exclusive-inside-caves-of-qud/,"**The rows with no link at all (October 2026).** 167 rows have no URL in Source and no screenshot. 139 are Dev/Series rows, where the relation is the source. The other 28",source check,,,con-ancient-domains-of-mystery--caves-of-qud
Rogue,Castle of the Winds,,,,"**Rogue → Castle of the Winds**: the Game Developer interview in section 7 (""inspired by his love of Rogue, Noah Morgan's Larn, the Laurence Brothers' Omega and Nethack""; the interviewer's summary). — [Game Developer](https://www.gamedeveloper.com/game-platforms/playing-catch-up-i-castle-of-the-winds-i-rick-saada)",https://www.gamedeveloper.com/game-platforms/playing-catch-up-i-castle-of-the-winds-i-rick-saada,"**The rows with no link at all (October 2026).** 167 rows have no URL in Source and no screenshot. 139 are Dev/Series rows, where the relation is the source. The other 28",source check,,,con-rogue--castle-of-the-winds
Rogue,Hack,,,,"**Rogue → Hack**: Jay Fenlason to Linux.com, above.",,"**The rows with no link at all (October 2026).** 167 rows have no URL in Source and no screenshot. 139 are Dev/Series rows, where the relation is the source. The other 28",source check,,,con-rogue--hack-3
Ancient Domains of Mystery,Elona,,,,"**Ancient Domains of Mystery → Elona** and **Angband → Elona**: noa's own English readme (`readme_ENG.txt`, version 1.16) is where Wikipedia's ""inspired by roguelikes such as ADOM and Angband"" comes from. **NetHack → Elona** isn't in it; nothing first-hand names NetHack.",,"**The rows with no link at all (October 2026).** 167 rows have no URL in Source and no screenshot. 139 are Dev/Series rows, where the relation is the source. The other 28",source check,,,con-ancient-domains-of-mystery--elona
Angband,Elona,,,,"**Ancient Domains of Mystery → Elona** and **Angband → Elona**: noa's own English readme (`readme_ENG.txt`, version 1.16) is where Wikipedia's ""inspired by roguelikes such as ADOM and Angband"" comes from. **NetHack → Elona** isn't in it; nothing first-hand names NetHack.",,"**The rows with no link at all (October 2026).** 167 rows have no URL in Source and no screenshot. 139 are Dev/Series rows, where the relation is the source. The other 28",source check,,,con-angband--elona
NetHack,Elona,,,,"**Ancient Domains of Mystery → Elona** and **Angband → Elona**: noa's own English readme (`readme_ENG.txt`, version 1.16) is where Wikipedia's ""inspired by roguelikes such as ADOM and Angband"" comes from. **NetHack → Elona** isn't in it; nothing first-hand names NetHack.",,"**The rows with no link at all (October 2026).** 167 rows have no URL in Source and no screenshot. 139 are Dev/Series rows, where the relation is the source. The other 28",source check,,,con-nethack--elona
NetHack,GnollHack,,,,"**NetHack → GnollHack**: its store page: ""GnollHack transforms NetHack, one of the greatest and deepest games of all time, into a modern roguelike experience."" It is a NetHack variant, so the row might better be marked Dev/Series the way other variants are. — [Steam store page](https://store.steampowered.com/app/3558190/)",https://store.steampowered.com/app/3558190/,"**The rows with no link at all (October 2026).** 167 rows have no URL in Source and no screenshot. 139 are Dev/Series rows, where the relation is the source. The other 28",source check,,,con-nethack--gnollhack
Ancient Domains of Mystery,Ultimate ADOM,,yes,,"**Ancient Domains of Mystery → Ultimate ADOM**: ""After over 25 years, here comes the official sequel to classic ADOM"", by the same developer, Thomas Biskup. Mark it `Yes` under Dev/Series Relation. — [Steam store page](https://store.steampowered.com/app/1266820/)",https://store.steampowered.com/app/1266820/,"**The rows with no link at all (October 2026).** 167 rows have no URL in Source and no screenshot. 139 are Dev/Series rows, where the relation is the source. The other 28",source check,,,con-ancient-domains-of-mystery--ultimate-adom
,,,,,"**NetHack, ADOM, Omega, Angband and Tales of Maj'Eyal → Incursion** (""game credits""): the game's own credits are a first-hand source; a screenshot of them would make the proof.",,"**The rows with no link at all (October 2026).** 167 rows have no URL in Source and no screenshot. 139 are Dev/Series rows, where the relation is the source. The other 28",source check,,,con-source-check-nethack-adom-omega-angband-and-tale
,,,,,"**Nothing first-hand found** for: Slay the Spire → Across the Obelisk, Golfie (its store page quotes the Yogscast, not the developer), Deck of Haunts and Meme Mayhem; Balatro → BAZR, Sky's The Limit MAH-JONG and Wordatro!; Nuclear Throne → Colt Canyon; Vampire Survivors → Maze Mice; Risk of Rain 2 → TerRoguelike; Dota Auto Chess → Pokémon Auto Chess; Pokémon Auto Chess and Slay the Spire → Pokémon Auto Spire. Several of these notes say the developer said it **in Discord** (Across the Obelisk, Colt Canyon, Deck of Haunts, Golfie, TerRoguelike): that is first-hand, but only you can see it, so a screenshot of the message is what would make them proofs.",,"**The rows with no link at all (October 2026).** 167 rows have no URL in Source and no screenshot. 139 are Dev/Series rows, where the relation is the source. The other 28",source check,,,con-source-check-nothing-first-hand-found-for-slay-t
Torneko's Great Adventure: Mystery Dungeon,Dungeon Drafters,,,,"**Torneko's Great Adventure: Mystery Dungeon → Dungeon Drafters**: the Shiren row's screenshot covers it too (""from the mystery dungeons games … mostly of japanese roguelike games are inspired by the original mystery dungeon""), so it is copied in as this row's proof.",,"**The `check folder` rows (October 2026).** 207 rows say `check folder`; 196 have your screenshot in `images2.0/proof/` now, which is the source they meant. The other eleven",source check,,,con-torneko-s-great-adventure-mystery-dungeon--dungeon-drafters
,,,,,"**The Binding of Isaac, Hades, Dead Cells and Slay the Spire → Ember Knights**: nothing from Doom Turtle names any game. Reviewers compare it to Hades and Bastion; the four rows have no first-hand source and no screenshot. Worth a look in your folder for what was meant.",,"**The `check folder` rows (October 2026).** 207 rows say `check folder`; 196 have your screenshot in `images2.0/proof/` now, which is the source they meant. The other eleven",source check,,,con-source-check-the-binding-of-isaac-hades-dead-cell
Bleak Sword,Scourgebringer,,,,"**Bleak Sword → Scourgebringer**: nothing found; Flying Oak name Dead Cells (already a row; the CNC interview is in section 7), Celeste and Devil May Cry. Its other rows have screenshots.",,"**The `check folder` rows (October 2026).** 207 rows say `check folder`; 196 have your screenshot in `images2.0/proof/` now, which is the source they meant. The other eleven",source check,,,con-bleak-sword--scourgebringer
Risk of Rain 2,PokéRogue,,,,"**Risk of Rain 2 → PokéRogue**, **Enter the Gungeon → Sephiria**, **Slay the Spire → Hive Blight**, **Slay the Spire → SpellRogue** and **Dicey Dungeons → SpellRogue**: already covered above (PokéRogue's creator, via Trill Mag and the game's own splash text; the rest no first-hand source found).",,"**The `check folder` rows (October 2026).** 207 rows say `check folder`; 196 have your screenshot in `images2.0/proof/` now, which is the source they meant. The other eleven",source check,,,con-risk-of-rain-2--pok-rogue-2
Enter the Gungeon,Sephiria,,,,"**Risk of Rain 2 → PokéRogue**, **Enter the Gungeon → Sephiria**, **Slay the Spire → Hive Blight**, **Slay the Spire → SpellRogue** and **Dicey Dungeons → SpellRogue**: already covered above (PokéRogue's creator, via Trill Mag and the game's own splash text; the rest no first-hand source found).",,"**The `check folder` rows (October 2026).** 207 rows say `check folder`; 196 have your screenshot in `images2.0/proof/` now, which is the source they meant. The other eleven",source check,,,con-enter-the-gungeon--sephiria-2
Slay the Spire,Hive Blight,,,,"**Risk of Rain 2 → PokéRogue**, **Enter the Gungeon → Sephiria**, **Slay the Spire → Hive Blight**, **Slay the Spire → SpellRogue** and **Dicey Dungeons → SpellRogue**: already covered above (PokéRogue's creator, via Trill Mag and the game's own splash text; the rest no first-hand source found).",,"**The `check folder` rows (October 2026).** 207 rows say `check folder`; 196 have your screenshot in `images2.0/proof/` now, which is the source they meant. The other eleven",source check,,,con-slay-the-spire--hive-blight-2
Slay the Spire,SpellRogue,,,,"**Risk of Rain 2 → PokéRogue**, **Enter the Gungeon → Sephiria**, **Slay the Spire → Hive Blight**, **Slay the Spire → SpellRogue** and **Dicey Dungeons → SpellRogue**: already covered above (PokéRogue's creator, via Trill Mag and the game's own splash text; the rest no first-hand source found).",,"**The `check folder` rows (October 2026).** 207 rows say `check folder`; 196 have your screenshot in `images2.0/proof/` now, which is the source they meant. The other eleven",source check,,,con-slay-the-spire--spellrogue
Dicey Dungeons,SpellRogue,,,,"**Risk of Rain 2 → PokéRogue**, **Enter the Gungeon → Sephiria**, **Slay the Spire → Hive Blight**, **Slay the Spire → SpellRogue** and **Dicey Dungeons → SpellRogue**: already covered above (PokéRogue's creator, via Trill Mag and the game's own splash text; the rest no first-hand source found).",,"**The `check folder` rows (October 2026).** 207 rows say `check folder`; 196 have your screenshot in `images2.0/proof/` now, which is the source they meant. The other eleven",source check,,,con-dicey-dungeons--spellrogue
Balatro,Dice A Million,,,,"**Balatro → Dice A Million** ✓ *a screenshot of this post is in the folder now; the Source cell still says `look at it`*: the developer's own post replaces the publisher's press release noted above: ""Combining elements of games I love like Balatro, The Binding Of Isaac or Inscryption"". — [Steam dev post](https://store.steampowered.com/news/app/3430340/view/1827626365768538)",https://store.steampowered.com/news/app/3430340/view/1827626365768538,"**The `look at it` rows (October 2026).** 78 rows say `look at it` (or a note ending in it), and none has a proof in the folder. Every one with a Steam page had its store text, in English, Japanese, Chinese and Korean, and every developer post scanned for the influencer's name; the best-known were searched by hand. Rows with a first-hand source now, to put in the Source column",source check,,,con-balatro--dice-a-million-2
Vampire Survivors,Keeper's Toll,,,,"**Vampire Survivors → Keeper's Toll** ✓ *the sheet cites a Steam dev post now, with the same ""horde culling base of Vampire Survivors"" sentence as Isaac → Keeper's Toll, and a screenshot of it is in the folder*: ""Earlier that year, our core team had played Vampire Survivors, and we thought it would be fun to make a game inspired by VS"". — [Steam dev post, ""Full Release 10/28/24!""](https://store.steampowered.com/news/app/2002220/view/6250522009509916330)",https://store.steampowered.com/news/app/2002220/view/6250522009509916330,"**The `look at it` rows (October 2026).** 78 rows say `look at it` (or a note ending in it), and none has a proof in the folder. Every one with a Steam page had its store text, in English, Japanese, Chinese and Korean, and every developer post scanned for the influencer's name; the best-known were searched by hand. Rows with a first-hand source now, to put in the Source column",source check,,,con-vampire-survivors--keeper-s-toll
Vampire Survivors,Nordic Ashes: Survivors of Ragnarok,,,,"**Vampire Survivors → Nordic Ashes: Survivors of Ragnarok**: a character is ""our tribute to Vampire Survivors, the game that made this genre accessible to millions of players!"" — [Steam dev post, ""Spooky Season is here!""](https://store.steampowered.com/news/app/2068280/view/5220291886499123229)",https://store.steampowered.com/news/app/2068280/view/5220291886499123229,"**The `look at it` rows (October 2026).** 78 rows say `look at it` (or a note ending in it), and none has a proof in the folder. Every one with a Steam page had its store text, in English, Japanese, Chinese and Korean, and every developer post scanned for the influencer's name; the best-known were searched by hand. Rows with a first-hand source now, to put in the Source column",source check,,,con-vampire-survivors--nordic-ashes-survivors-of-ragnarok
Vampire Survivors,Picayune Dreams,,,,"**Vampire Survivors → Picayune Dreams**: the store page's own ""Inspirations"" list: ""Vampire Survivors (roguelike horde survival), Touhou (true bullet hell), Yume Nikki … and Diablo"". — [Steam store page](https://store.steampowered.com/app/2088840/)",https://store.steampowered.com/app/2088840/,"**The `look at it` rows (October 2026).** 78 rows say `look at it` (or a note ending in it), and none has a proof in the folder. Every one with a Steam page had its store text, in English, Japanese, Chinese and Korean, and every developer post scanned for the influencer's name; the best-known were searched by hand. Rows with a first-hand source now, to put in the Source column",source check,,,con-vampire-survivors--picayune-dreams
Vampire Survivors,Spellbook Demonslayers,,,,"**Vampire Survivors → Spellbook Demonslayers**: ""a fast-paced roguelite bullet heaven game inspired by my favorite parts of Vampire Survivors and Path of Exile!"" — [Steam store page](https://store.steampowered.com/app/2007530/)",https://store.steampowered.com/app/2007530/,"**The `look at it` rows (October 2026).** 78 rows say `look at it` (or a note ending in it), and none has a proof in the folder. Every one with a Steam page had its store text, in English, Japanese, Chinese and Korean, and every developer post scanned for the influencer's name; the best-known were searched by hand. Rows with a first-hand source now, to put in the Source column",source check,,,con-vampire-survivors--spellbook-demonslayers
Vampire Survivors,Spirit Hunters: Infinite Horde,,,,"**Vampire Survivors → Spirit Hunters: Infinite Horde**: ""The combat of Spirit Hunters: Infinite Horde is inspired by Magical Survival and Vampire Survivors."" — [Steam dev post](https://store.steampowered.com/news/app/1914580/view/4247462367448719897)",https://store.steampowered.com/news/app/1914580/view/4247462367448719897,"**The `look at it` rows (October 2026).** 78 rows say `look at it` (or a note ending in it), and none has a proof in the folder. Every one with a Steam page had its store text, in English, Japanese, Chinese and Korean, and every developer post scanned for the influencer's name; the best-known were searched by hand. Rows with a first-hand source now, to put in the Source column",source check,,,con-vampire-survivors--spirit-hunters-infinite-horde
Vampire Survivors,The Spell Brigade,,,,"**Vampire Survivors → The Spell Brigade**: ""the idea behind The Spell Brigade was to combine the popular survivors-like mechanics from games like Vampire Survivors, Death Must Die, Deep Rock Galactic: Survivor, and so on, with our love for chaotic co-op gameplay."" — [Steam dev post, ""FAQ - Friendly Fire""](https://store.steampowered.com/news/app/2904000/view/6250522009517215999)",https://store.steampowered.com/news/app/2904000/view/6250522009517215999,"**The `look at it` rows (October 2026).** 78 rows say `look at it` (or a note ending in it), and none has a proof in the folder. Every one with a Steam page had its store text, in English, Japanese, Chinese and Korean, and every developer post scanned for the influencer's name; the best-known were searched by hand. Rows with a first-hand source now, to put in the Source column",source check,,,con-vampire-survivors--the-spell-brigade
Vampire Survivors,20 Minutes Till Dawn,,,,"**Vampire Survivors → 20 Minutes Till Dawn** and **Vampire Survivors → Halls of Torment**: see their notes above (flanne's GameBusiness.jp interview; Chasing Carrots to Pieuvre). *20 Minutes Till Dawn's half is done: the GameBusiness.jp screenshot that proves Nova Drift → 20 Minutes Till Dawn is in the folder for this row too, though its Source cell still says `look at it`. Halls of Torment's is still open.*",,"**The `look at it` rows (October 2026).** 78 rows say `look at it` (or a note ending in it), and none has a proof in the folder. Every one with a Steam page had its store text, in English, Japanese, Chinese and Korean, and every developer post scanned for the influencer's name; the best-known were searched by hand. Rows with a first-hand source now, to put in the Source column",source check,,,con-vampire-survivors--20-minutes-till-dawn
Vampire Survivors,Halls of Torment,,,,"**Vampire Survivors → 20 Minutes Till Dawn** and **Vampire Survivors → Halls of Torment**: see their notes above (flanne's GameBusiness.jp interview; Chasing Carrots to Pieuvre). *20 Minutes Till Dawn's half is done: the GameBusiness.jp screenshot that proves Nova Drift → 20 Minutes Till Dawn is in the folder for this row too, though its Source cell still says `look at it`. Halls of Torment's is still open.*",,"**The `look at it` rows (October 2026).** 78 rows say `look at it` (or a note ending in it), and none has a proof in the folder. Every one with a Steam page had its store text, in English, Japanese, Chinese and Korean, and every developer post scanned for the influencer's name; the best-known were searched by hand. Rows with a first-hand source now, to put in the Source column",source check,,,con-vampire-survivors--halls-of-torment
Vampire Survivors,Asgard's Fall: Viking Survivors,,,,"**Vampire Survivors → Asgard's Fall: Viking Survivors**, weak: the studio calls it ""this norse-inspired vampire survivors"", a genre label rather than a stated influence. — [Steam dev post](https://store.steampowered.com/news/app/2780710/view/5759622039976865331)",https://store.steampowered.com/news/app/2780710/view/5759622039976865331,"**The `look at it` rows (October 2026).** 78 rows say `look at it` (or a note ending in it), and none has a proof in the folder. Every one with a Steam page had its store text, in English, Japanese, Chinese and Korean, and every developer post scanned for the influencer's name; the best-known were searched by hand. Rows with a first-hand source now, to put in the Source column",source check,,,con-vampire-survivors--asgard-s-fall-viking-survivors
,,,,,"Already settled earlier in this section: Into the Breach → Arc Seed, Noita → CleanFall, Dead Cells → Oblivion Override and both Ratropolis rows (confirmed); Hades → [Redacted] (a contrast, not an influence); Rogue → Mission: Thunderbolt and Hades → Yasha (nothing found). **Nothing first-hand for the rest**, Slay the Spire → Monster Train and Vampire Survivors → Brotato included (Shiny Shoe's CEO names no game, and Brotato's Vampire Survivors link is the press's). They are obvious genre lineages, which is what `look at it` was saying, so they may be better kept as they are than dropped. The seven Torneko rows on Japanese console games (Azure Dreams, Dungeon of Windaria, Izuna, Monster Gate, Waku Waku Puyo Puyo Dungeon, HoloDungeon, Z.H.P.) have no Steam page or no Steam text naming Mystery Dungeon; the series lineage is the reason for them.",,"**The `look at it` rows (October 2026).** 78 rows say `look at it` (or a note ending in it), and none has a proof in the folder. Every one with a Steam page had its store text, in English, Japanese, Chinese and Korean, and every developer post scanned for the influencer's name; the best-known were searched by hand. Rows with a first-hand source now, to put in the Source column",source check,,,con-source-check-already-settled-earlier-in-this-section
The Binding of Isaac,Our Darker Purpose,,,,"**The Binding of Isaac → Our Darker Purpose** (sheet: Polygon): Avidly Wild Games' own Steam page says it: ""The gameplay is steeped in a variety of influences ranging from A Link to the Past to The Binding of Isaac to Diablo."" — [Steam store page](https://store.steampowered.com/app/262790/)",https://store.steampowered.com/app/262790/,"**The `look at it` rows (October 2026).** 78 rows say `look at it` (or a note ending in it), and none has a proof in the folder. Every one with a Steam page had its store text, in English, Japanese, Chinese and Korean, and every developer post scanned for the influencer's name; the best-known were searched by hand. Rows with a first-hand source now, to put in the Source column",source check,,,con-the-binding-of-isaac--our-darker-purpose
,,,yes,,"**Rows sourced to RogueBasin or Wikipedia (October 2026).** 88 rows rest on a wiki anyone can edit; the 63 not already discussed here were searched for the developer's own words (README, changelog, manual, homepage, interview, forum post). Where the row is a code fork, `Yes` under Dev/Series Relation is suggested too.",,"**The `look at it` rows (October 2026).** 78 rows say `look at it` (or a note ending in it), and none has a proof in the folder. Every one with a Steam page had its store text, in English, Japanese, Chinese and Korean, and every developer post scanned for the influencer's name; the best-known were searched by hand. Rows with a first-hand source now, to put in the Source column",source check,,,con-source-check-rows-sourced-to-roguebasin-or-wikipedi
Angband,Diablo,,,,"**Angband → Diablo** (sheet: RogueBasin): David Brevik to RPGFan: ""Originally, Diablo was a turn-based game. It was largely modeled around a rogue-like game called Angband. All of those games were turn-based, and I played them for long, long periods of time."" — [RPGFan](https://www.rpgfan.com/feature/david-brevik-interview/)",https://www.rpgfan.com/feature/david-brevik-interview/,"**The `look at it` rows (October 2026).** 78 rows say `look at it` (or a note ending in it), and none has a proof in the folder. Every one with a Steam page had its store text, in English, Japanese, Chinese and Korean, and every developer post scanned for the influencer's name; the best-known were searched by hand. Rows with a first-hand source now, to put in the Source column",source check,,,con-angband--diablo
Moria,Diablo,,,,"**Moria → Diablo** and **NetHack → Diablo** (sheet: RogueBasin): nothing first-hand in text. Moria comes from historians (filfre.net, sourced to *Stay Awhile and Listen* and Dev Game Club ep. 156); NetHack from Game Developer's paraphrase of Brevik's GDC 2016 postmortem (""heavily influenced by his early love of games like Rogue and Nethack""), where his own quoted words are only about permadeath. Listen for both, and for Rogue: Brevik's GDC 2016 talk ""Diablo: A Classic Game Postmortem"" (YouTube) and [Dev Game Club ep. 156](https://devgameclub.libsyn.com/podcast/dgc-ep-156-david-brevik-interview). — [Game Developer](https://www.gamedeveloper.com/design/20-years-later-david-brevik-shares-the-story-of-making-i-diablo-i-)","https://devgameclub.libsyn.com/podcast/dgc-ep-156-david-brevik-interview
https://www.gamedeveloper.com/design/20-years-later-david-brevik-shares-the-story-of-making-i-diablo-i-","**The `look at it` rows (October 2026).** 78 rows say `look at it` (or a note ending in it), and none has a proof in the folder. Every one with a Steam page had its store text, in English, Japanese, Chinese and Korean, and every developer post scanned for the influencer's name; the best-known were searched by hand. Rows with a first-hand source now, to put in the Source column",source check,,,con-moria--diablo
NetHack,Diablo,,,,"**Moria → Diablo** and **NetHack → Diablo** (sheet: RogueBasin): nothing first-hand in text. Moria comes from historians (filfre.net, sourced to *Stay Awhile and Listen* and Dev Game Club ep. 156); NetHack from Game Developer's paraphrase of Brevik's GDC 2016 postmortem (""heavily influenced by his early love of games like Rogue and Nethack""), where his own quoted words are only about permadeath. Listen for both, and for Rogue: Brevik's GDC 2016 talk ""Diablo: A Classic Game Postmortem"" (YouTube) and [Dev Game Club ep. 156](https://devgameclub.libsyn.com/podcast/dgc-ep-156-david-brevik-interview). — [Game Developer](https://www.gamedeveloper.com/design/20-years-later-david-brevik-shares-the-story-of-making-i-diablo-i-)","https://devgameclub.libsyn.com/podcast/dgc-ep-156-david-brevik-interview
https://www.gamedeveloper.com/design/20-years-later-david-brevik-shares-the-story-of-making-i-diablo-i-","**The `look at it` rows (October 2026).** 78 rows say `look at it` (or a note ending in it), and none has a proof in the folder. Every one with a Steam page had its store text, in English, Japanese, Chinese and Korean, and every developer post scanned for the influencer's name; the best-known were searched by hand. Rows with a first-hand source now, to put in the Source column",source check,,,con-nethack--diablo
,,,,,"**The Binding of Isaac, Nuclear Throne and Spelunky Classic → Enter the Gungeon** (sheet: Wikipedia): Dave Crooks (Dodge Roll), asked what they drew inspiration from: ""Binding of Isaac is one of the most wonderfully designed games I have ever played and it was easily the biggest influence on Enter the Gungeon. … Other influences include Wasteland Kings (Nuclear Throne), Spelunky, Dark Souls and Metal Gear Solid."" He says ""Spelunky"" (in 2016, when Spelunky HD was current), so pick between the chart's Spelunky Classic and Spelunky deliberately. — [Game Developer Q&A](https://www.gamedeveloper.com/design/q-a-the-guns-and-dungeons-of-i-enter-the-gungeon-i-)",https://www.gamedeveloper.com/design/q-a-the-guns-and-dungeons-of-i-enter-the-gungeon-i-,"**The `look at it` rows (October 2026).** 78 rows say `look at it` (or a note ending in it), and none has a proof in the folder. Every one with a Steam page had its store text, in English, Japanese, Chinese and Korean, and every developer post scanned for the influencer's name; the best-known were searched by hand. Rows with a first-hand source now, to put in the Source column",source check,,,con-source-check-the-binding-of-isaac-nuclear-throne-a
Moria,Angband,,yes,,"**Moria → Angband** (sheet: RogueBasin): Angband's own version history: ""In 1990, Alex Cutler and Andy Astrand, with the help of other students at the University of Warwick, created Angband 1.0, based on the existing code for Umoria 5.2.1."" A code fork: mark it `Yes` under Dev/Series Relation. — [docs/version.rst](https://github.com/angband/angband/blob/master/docs/version.rst)",https://github.com/angband/angband/blob/master/docs/version.rst,"**The `look at it` rows (October 2026).** 78 rows say `look at it` (or a note ending in it), and none has a proof in the folder. Every one with a Steam page had its store text, in English, Japanese, Chinese and Korean, and every developer post scanned for the influencer's name; the best-known were searched by hand. Rows with a first-hand source now, to put in the Source column",source check,,,con-moria--angband
Luck be a Landlord,Balatro,,,,"**Luck be a Landlord → Balatro** (sheet: Wikipedia): LocalThunk's own timeline: ""Earlier in December I was watching videos of Luck Be a Landlord from Northernlion and that whole score attack concept really fuelled the direction I wanted to go with this game from this point onward."" His Reddit AMA, as Shacknews reproduces it: ""The one largest influence on Balatro was Luck Be a Landlord."" — [localthunk.com](https://localthunk.com/blog/balatro-timeline-3aarh), [Shacknews](https://shacknews.com/article/139116/balatro-inspiration-luck-be-a-landlord-reddit-ama)","https://localthunk.com/blog/balatro-timeline-3aarh
https://shacknews.com/article/139116/balatro-inspiration-luck-be-a-landlord-reddit-ama","**The `look at it` rows (October 2026).** 78 rows say `look at it` (or a note ending in it), and none has a proof in the folder. Every one with a Steam page had its store text, in English, Japanese, Chinese and Korean, and every developer post scanned for the influencer's name; the best-known were searched by hand. Rows with a first-hand source now, to put in the Source column",source check,,,con-luck-be-a-landlord--balatro
Linley's Dungeon Crawl,Dungeon Crawl Stone Soup,,yes,,"**Linley's Dungeon Crawl → Dungeon Crawl Stone Soup** (sheet: RogueBasin): the DCSS README: ""Crawl is a descendant of Linley's Dungeon Crawl… Since 2006, the Dungeon Crawl Stone Soup team has continued development."" A code fork (of 4.0 beta 26, per the manual): mark it `Yes` under Dev/Series Relation. — [README.md](https://github.com/crawl/crawl/blob/master/README.md)",https://github.com/crawl/crawl/blob/master/README.md,"**The `look at it` rows (October 2026).** 78 rows say `look at it` (or a note ending in it), and none has a proof in the folder. Every one with a Steam page had its store text, in English, Japanese, Chinese and Korean, and every developer post scanned for the influencer's name; the best-known were searched by hand. Rows with a first-hand source now, to put in the Source column",source check,,,con-linley-s-dungeon-crawl--dungeon-crawl-stone-soup
Rogue,Larn,,,,"**Rogue → Larn** (sheet: RogueBasin), a comparison rather than ""inspired by"": Noah Morgan's 1986 README: ""Larn is an adventure/action game similar in concept to rogue or hack, but with a much different feel."" — [games/larn/README](https://github.com/NetBSD/src/blob/trunk/games/larn/README)",https://github.com/NetBSD/src/blob/trunk/games/larn/README,"**The `look at it` rows (October 2026).** 78 rows say `look at it` (or a note ending in it), and none has a proof in the folder. Every one with a Steam page had its store text, in English, Japanese, Chinese and Korean, and every developer post scanned for the influencer's name; the best-known were searched by hand. Rows with a first-hand source now, to put in the Source column",source check,,,con-rogue--larn
Angband,Sil,,yes,,"**Angband → Sil** (sheet: RogueBasin): Sil's own changelog: ""Moria -> Angband (1 to 3.0.3) -> NPPAngband (0.1 to 0.4.1) -> Sil … I started with the source code of NPP 0.4.1"", and its manual: ""Sil is actually descended from a variant of Angband (NPPAngband)."" A code descendant: mark it `Yes` under Dev/Series Relation. — [early-changes.txt](https://github.com/sil-quirk/sil-q/blob/master/lib/docs/early-changes.txt)",https://github.com/sil-quirk/sil-q/blob/master/lib/docs/early-changes.txt,"**The `look at it` rows (October 2026).** 78 rows say `look at it` (or a note ending in it), and none has a proof in the folder. Every one with a Steam page had its store text, in English, Japanese, Chinese and Korean, and every developer post scanned for the influencer's name; the best-known were searched by hand. Rows with a first-hand source now, to put in the Source column",source check,,,con-angband--sil
Angband,Zangband,,yes,,"**Angband → Zangband** (sheet: RogueBasin): Topi Ylinen's own history file in the 2.1.0c source: ""Angband-- was based on the PC Angband 1.31 sources… The current version of Zangband (2.*)… is based on the Angband 2.8.1 sources (by Ben Harrison)"". A code fork: mark it `Yes` under Dev/Series Relation. — [zngsr210c.zip, LIB/HELP/VERSION.TXT](https://mirrors.nic.funet.fi/pub/files/index/unix/games/angband/Angband-2.7.x/Variant/zngsr210c.zip)",https://mirrors.nic.funet.fi/pub/files/index/unix/games/angband/Angband-2.7.x/Variant/zngsr210c.zip,"**The `look at it` rows (October 2026).** 78 rows say `look at it` (or a note ending in it), and none has a proof in the folder. Every one with a Steam page had its store text, in English, Japanese, Chinese and Korean, and every developer post scanned for the influencer's name; the best-known were searched by hand. Rows with a first-hand source now, to put in the Source column",source check,,,con-angband--zangband
Brogue,Pixel Dungeon,,,,"**Brogue → Pixel Dungeon** (sheet: RogueBasin), for its stats system: watabou announcing the game: ""It's rather tradional roguelike in many ways … but utilizes uncommon stats system similar to Brogue's one"", and later ""It is indeed very similar to Brogue's system… I don't want to clone Brogue ;)"" — [Temple of the Roguelike](https://forums.roguetemple.com/index.php?topic=2826.0)",https://forums.roguetemple.com/index.php?topic=2826.0,"**The `look at it` rows (October 2026).** 78 rows say `look at it` (or a note ending in it), and none has a proof in the folder. Every one with a Steam page had its store text, in English, Japanese, Chinese and Korean, and every developer post scanned for the influencer's name; the best-known were searched by hand. Rows with a first-hand source now, to put in the Source column",source check,,,con-brogue--pixel-dungeon
Spelunky Classic,Rogue Legacy,,,,"**Spelunky Classic → Rogue Legacy** and **The Binding of Isaac → Rogue Legacy** (sheet: Wikipedia): **the citation doesn't say it.** Wikipedia's ""Teddy compares the design to games like Spelunky and The Binding of Isaac"" cites a critic's essay that quotes neither Lee. What Kenny Lee does say: ""We actually never really planned on making a rogue-like… The big inspiration for us was Dark Souls and the way it handled death"" (Dark Souls isn't on the chart). — [PlayStation LifeStyle](https://www.playstationlifestyle.net/2014/08/08/rogue-legacy-interview-souls-inspiration-vertigo-polygon-counts/)",https://www.playstationlifestyle.net/2014/08/08/rogue-legacy-interview-souls-inspiration-vertigo-polygon-counts/,"**The `look at it` rows (October 2026).** 78 rows say `look at it` (or a note ending in it), and none has a proof in the folder. Every one with a Steam page had its store text, in English, Japanese, Chinese and Korean, and every developer post scanned for the influencer's name; the best-known were searched by hand. Rows with a first-hand source now, to put in the Source column",source check,,,con-spelunky-classic--rogue-legacy
The Binding of Isaac,Rogue Legacy,,,,"**Spelunky Classic → Rogue Legacy** and **The Binding of Isaac → Rogue Legacy** (sheet: Wikipedia): **the citation doesn't say it.** Wikipedia's ""Teddy compares the design to games like Spelunky and The Binding of Isaac"" cites a critic's essay that quotes neither Lee. What Kenny Lee does say: ""We actually never really planned on making a rogue-like… The big inspiration for us was Dark Souls and the way it handled death"" (Dark Souls isn't on the chart). — [PlayStation LifeStyle](https://www.playstationlifestyle.net/2014/08/08/rogue-legacy-interview-souls-inspiration-vertigo-polygon-counts/)",https://www.playstationlifestyle.net/2014/08/08/rogue-legacy-interview-souls-inspiration-vertigo-polygon-counts/,"**The `look at it` rows (October 2026).** 78 rows say `look at it` (or a note ending in it), and none has a proof in the folder. Every one with a Steam page had its store text, in English, Japanese, Chinese and Korean, and every developer post scanned for the influencer's name; the best-known were searched by hand. Rows with a first-hand source now, to put in the Source column",source check,,,con-the-binding-of-isaac--rogue-legacy
Slay the Spire,Luck be a Landlord,,,,"**Slay the Spire → Luck be a Landlord** (sheet: Wikipedia): **the citation doesn't say it.** Wikipedia's ""inspired by Slay the Spire"" cites a Rock Paper Shotgun piece that never mentions it. Dan DiIorio, on a podcast, says it came after Slay the Spire but started from slot machines: ""I really just wanted a slot machine game… the first point of Luck Be A Landlord happening was when I played these freeware slot machine games on my dad's Windows 98 laptop."" Leads: the Dev Dive podcast (March 2025) and the ""How Luck be a Landlord Was Designed"" video. — [Playful Work](https://my.playful.work/probably-designed-luck-be-a-ballionaire/)",https://my.playful.work/probably-designed-luck-be-a-ballionaire/,"**The `look at it` rows (October 2026).** 78 rows say `look at it` (or a note ending in it), and none has a proof in the folder. Every one with a Steam page had its store text, in English, Japanese, Chinese and Korean, and every developer post scanned for the influencer's name; the best-known were searched by hand. Rows with a first-hand source now, to put in the Source column",source check,,,con-slay-the-spire--luck-be-a-landlord
,,,,,"**Nothing first-hand found**: Spelunky Classic → Caveblazers (only critics compare them; Deadpan's store page and 58 announcements name no game), Ancient Domains of Mystery → Sproggiwood (Grinblat's design postmortem names only Caves of Qud, already a row), and the three RogueBasin rows on The Ground Gives Way (rechecked; its About page names no influence).",,"**The `look at it` rows (October 2026).** 78 rows say `look at it` (or a note ending in it), and none has a proof in the folder. Every one with a Steam page had its store text, in English, Japanese, Chinese and Korean, and every developer post scanned for the influencer's name; the best-known were searched by hand. Rows with a first-hand source now, to put in the Source column",source check,,,con-source-check-nothing-first-hand-found-spelunky-c
,,,,,"**A RogueBasin infobox line can be the developer's own words.** The page history (`index.php?title=<page>&action=history`, or the MediaWiki API) shows who typed each `influences =` line. Where it was the developer's account, the line is first-hand, written on a wiki; whether that is enough is your call. Lines below say which kind they are.",,"**The `look at it` rows (October 2026).** 78 rows say `look at it` (or a note ending in it), and none has a proof in the folder. Every one with a Steam page had its store text, in English, Japanese, Chinese and Korean, and every developer post scanned for the influencer's name; the best-known were searched by hand. Rows with a first-hand source now, to put in the Source column",source check,,,con-source-check-a-roguebasin-infobox-line-can-be-the-d
Zangband,ZMAngband,,yes,,"**ZMAngband**'s six rows: Jose Machete, its developer, typed the infobox line himself (""influences = Zangband, Angband, Dungeon Crawl, Hack'Em, The Ground gives way and ofc: CastlevaniaRL""). His itch.io page confirms two in prose: ""Born from the depths of Angband's pits. The latest member of the ZAngband Family Tree… this my variant was indeed forked from an old repo: Z-Angband, which was forked from the source code of Z+Angband"" (so **Zangband → ZMAngband** is a code fork: `Yes` under Dev/Series Relation). His V.9 devlog thanks ""the DCSS Dev Team"", which settles that ""Dungeon Crawl"" means Stone Soup. CastlevaniaRL, Hack'EM and The Ground Gives Way rest on the infobox line alone. — [itch.io](https://jose-machete.itch.io/zmangband-med), [page history](https://www.roguebasin.com/index.php?title=ZMAngband&action=history)","https://jose-machete.itch.io/zmangband-med
https://www.roguebasin.com/index.php?title=ZMAngband&action=history","**The `look at it` rows (October 2026).** 78 rows say `look at it` (or a note ending in it), and none has a proof in the folder. Every one with a Steam page had its store text, in English, Japanese, Chinese and Korean, and every developer post scanned for the influencer's name; the best-known were searched by hand. Rows with a first-hand source now, to put in the Source column",source check,,,con-zangband--zmangband
DoomRL,Cataclysm,,,,"**DoomRL → Cataclysm** and **Dungeon Crawl Stone Soup → Cataclysm**: the infobox line was typed by Whales, Cataclysm's developer, in September 2010. He wrote only ""Crawl""; Stone Soup was the live Crawl then, but the wiki now links it to Linley's Dungeon Crawl, so that one is your call. Nothing else names either. — [page history](https://www.roguebasin.com/index.php?title=Cataclysm&action=history)",https://www.roguebasin.com/index.php?title=Cataclysm&action=history,"**The `look at it` rows (October 2026).** 78 rows say `look at it` (or a note ending in it), and none has a proof in the folder. Every one with a Steam page had its store text, in English, Japanese, Chinese and Korean, and every developer post scanned for the influencer's name; the best-known were searched by hand. Rows with a first-hand source now, to put in the Source column",source check,,,con-doomrl--cataclysm
Dungeon Crawl Stone Soup,Cataclysm,,,,"**DoomRL → Cataclysm** and **Dungeon Crawl Stone Soup → Cataclysm**: the infobox line was typed by Whales, Cataclysm's developer, in September 2010. He wrote only ""Crawl""; Stone Soup was the live Crawl then, but the wiki now links it to Linley's Dungeon Crawl, so that one is your call. Nothing else names either. — [page history](https://www.roguebasin.com/index.php?title=Cataclysm&action=history)",https://www.roguebasin.com/index.php?title=Cataclysm&action=history,"**The `look at it` rows (October 2026).** 78 rows say `look at it` (or a note ending in it), and none has a proof in the folder. Every one with a Steam page had its store text, in English, Japanese, Chinese and Korean, and every developer post scanned for the influencer's name; the best-known were searched by hand. Rows with a first-hand source now, to put in the Source column",source check,,,con-dungeon-crawl-stone-soup--cataclysm
,,Sword of the Stars: The Pit,,,"**Sword of the Stars: The Pit**'s three rows: its Steam page names Rogue (""the tradition of Rogue and other old school dungeon-diving games meets the sci-fi Sword of the Stars universe""). NetHack and Diablo are only in the infobox line ""Rogue for the Atari ST, NetHack, Diablo"", typed by an account named Kerberos whose only edits are this page and its announcement, so almost certainly the studio. Lead: the 2012 announcement on Blue's News (403 from here) may repeat it. — [Steam](https://store.steampowered.com/app/233700/), [page history](https://www.roguebasin.com/index.php?title=Sword_of_the_Stars:_The_Pit&action=history)","https://store.steampowered.com/app/233700/
https://www.roguebasin.com/index.php?title=Sword_of_the_Stars:_The_Pit&action=history","**The `look at it` rows (October 2026).** 78 rows say `look at it` (or a note ending in it), and none has a proof in the folder. Every one with a Steam page had its store text, in English, Japanese, Chinese and Korean, and every developer post scanned for the influencer's name; the best-known were searched by hand. Rows with a first-hand source now, to put in the Source column",source check,,,con-source-check-sword-of-the-stars-the-pit
Rogue,Rogue-Fp,,,,"**Rogue → Rogue-Fp** and **Brogue → Rogue-Fp**: Jurax Games' own Steam posts: ""me wanting to keep the original Rogue's lighting mechanics"" and ""The floorgen was inspired by a great roguelike called Brogue"" (one feature). Every revision of its RogueBasin page is the developer's (""Originally ROGUE-FP was based almost entirely off of Rogue""). — [Steam, 3.4.1](https://steamcommunity.com/games/2343160/announcements/detail/539974257998826015), [Steam, 3.0](https://steamcommunity.com/games/2343160/announcements/detail/4663004408916278303)","https://steamcommunity.com/games/2343160/announcements/detail/539974257998826015
https://steamcommunity.com/games/2343160/announcements/detail/4663004408916278303","**The `look at it` rows (October 2026).** 78 rows say `look at it` (or a note ending in it), and none has a proof in the folder. Every one with a Steam page had its store text, in English, Japanese, Chinese and Korean, and every developer post scanned for the influencer's name; the best-known were searched by hand. Rows with a first-hand source now, to put in the Source column",source check,,,con-rogue--rogue-fp
Brogue,Rogue-Fp,,,,"**Rogue → Rogue-Fp** and **Brogue → Rogue-Fp**: Jurax Games' own Steam posts: ""me wanting to keep the original Rogue's lighting mechanics"" and ""The floorgen was inspired by a great roguelike called Brogue"" (one feature). Every revision of its RogueBasin page is the developer's (""Originally ROGUE-FP was based almost entirely off of Rogue""). — [Steam, 3.4.1](https://steamcommunity.com/games/2343160/announcements/detail/539974257998826015), [Steam, 3.0](https://steamcommunity.com/games/2343160/announcements/detail/4663004408916278303)","https://steamcommunity.com/games/2343160/announcements/detail/539974257998826015
https://steamcommunity.com/games/2343160/announcements/detail/4663004408916278303","**The `look at it` rows (October 2026).** 78 rows say `look at it` (or a note ending in it), and none has a proof in the folder. Every one with a Steam page had its store text, in English, Japanese, Chinese and Korean, and every developer post scanned for the influencer's name; the best-known were searched by hand. Rows with a first-hand source now, to put in the Source column",source check,,,con-brogue--rogue-fp
Angband,Crablike,,,,"**Angband → Crablike**: the infobox line ""Angband, ADOM"" was typed by Quinn2win, the developer, in the page's first revision. His launch post names only ADOM (""Inspired heavily by ADOM"", already the source for that row), so Angband rests on the infobox line. — [page history](https://www.roguebasin.com/index.php?title=Crablike&action=history)",https://www.roguebasin.com/index.php?title=Crablike&action=history,"**The `look at it` rows (October 2026).** 78 rows say `look at it` (or a note ending in it), and none has a proof in the folder. Every one with a Steam page had its store text, in English, Japanese, Chinese and Korean, and every developer post scanned for the influencer's name; the best-known were searched by hand. Rows with a first-hand source now, to put in the Source column",source check,,,con-angband--crablike
Powder,Haque,,,,"**Powder → Haque**: the infobox line ""POWDER, Azure Dreams"" was put there by RealKevinCole, one of Haque's developers; before that it said ""unknown"". The same edit backs **Azure Dreams → Haque** beside the podcast notes. — [page history](https://www.roguebasin.com/index.php?title=Haque&action=history)",https://www.roguebasin.com/index.php?title=Haque&action=history,"**The `look at it` rows (October 2026).** 78 rows say `look at it` (or a note ending in it), and none has a proof in the folder. Every one with a Steam page had its store text, in English, Japanese, Chinese and Korean, and every developer post scanned for the influencer's name; the best-known were searched by hand. Rows with a first-hand source now, to put in the Source column",source check,,,con-powder--haque
Azure Dreams,Haque,,,,"**Powder → Haque**: the infobox line ""POWDER, Azure Dreams"" was put there by RealKevinCole, one of Haque's developers; before that it said ""unknown"". The same edit backs **Azure Dreams → Haque** beside the podcast notes. — [page history](https://www.roguebasin.com/index.php?title=Haque&action=history)",https://www.roguebasin.com/index.php?title=Haque&action=history,"**The `look at it` rows (October 2026).** 78 rows say `look at it` (or a note ending in it), and none has a proof in the folder. Every one with a Steam page had its store text, in English, Japanese, Chinese and Korean, and every developer post scanned for the influencer's name; the best-known were searched by hand. Rows with a first-hand source now, to put in the Source column",source check,,,con-azure-dreams--haque
NetHack,Powder,,,,"**NetHack → Powder**: Jeff Lait, on POWDER's About page: ""Having had more hours than I'd care to log playing Nethack, ADOM, and the Diablos, I knew the exact type of game I wanted."" The sheet already uses this page for POWDER's other rows. — [zincland.com](http://www.zincland.com/powder/?pagename=about)",http://www.zincland.com/powder/?pagename=about,"**The `look at it` rows (October 2026).** 78 rows say `look at it` (or a note ending in it), and none has a proof in the folder. Every one with a Steam page had its store text, in English, Japanese, Chinese and Korean, and every developer post scanned for the influencer's name; the best-known were searched by hand. Rows with a first-hand source now, to put in the Source column",source check,,,con-nethack--powder
Rogue,Moria,,,,"**Rogue → Moria**: Robert Alan Koeneke, ""The Early Days of Moria"" (Usenet, 1996, kept in Umoria's repository): ""So I decided to write my own rogue game, Moria Beta 1.0… I wrote the first attempt at Moria in VMS BASIC, and it looked a LOT like Rogue, at least what I could remember of it."" — [history.md](https://github.com/dungeons-of-moria/umoria/blob/master/historical/history.md)",https://github.com/dungeons-of-moria/umoria/blob/master/historical/history.md,"**The `look at it` rows (October 2026).** 78 rows say `look at it` (or a note ending in it), and none has a proof in the folder. Every one with a Steam page had its store text, in English, Japanese, Chinese and Korean, and every developer post scanned for the influencer's name; the best-known were searched by hand. Rows with a first-hand source now, to put in the Source column",source check,,,con-rogue--moria
Zangband,Tales of Maj'Eyal,,yes,,"**Zangband → Tales of Maj'Eyal**: DarkGod, in ToME 2's own help: ""When Zangband came to its 2.2.0 version I… decided to take the sources and to try to code my own variant… I chose it because of all the good things it had"". PernAngband/ToME 2 is a code fork, so `Yes` under Dev/Series Relation if the chart's Tales of Maj'Eyal (dated 1998) stands for that line; ToME 4 (2012) is a new engine with no Zangband code. — [tome2 version.txt](https://github.com/tome2/tome2/blob/master/lib/help/version.txt)",https://github.com/tome2/tome2/blob/master/lib/help/version.txt,"**The `look at it` rows (October 2026).** 78 rows say `look at it` (or a note ending in it), and none has a proof in the folder. Every one with a Steam page had its store text, in English, Japanese, Chinese and Korean, and every developer post scanned for the influencer's name; the best-known were searched by hand. Rows with a first-hand source now, to put in the Source column",source check,,,con-zangband--tales-of-maj-eyal
FTL,Slay the Spire,,,,"**FTL → Slay the Spire**: Anthony Giovannetti, in the interview Wikipedia cites: ""The paths that the player can take were inspired by FTL."" (One feature, the map.) Use this as the Source instead of Wikipedia. — [Game Developer](https://www.gamedeveloper.com/disciplines/road-to-the-igf-mega-crit-games-i-slay-the-spire-i-)",https://www.gamedeveloper.com/disciplines/road-to-the-igf-mega-crit-games-i-slay-the-spire-i-,"**The `look at it` rows (October 2026).** 78 rows say `look at it` (or a note ending in it), and none has a proof in the folder. Every one with a Steam page had its store text, in English, Japanese, Chinese and Korean, and every developer post scanned for the influencer's name; the best-known were searched by hand. Rows with a first-hand source now, to put in the Source column",source check,,,con-ftl--slay-the-spire
NetHack,Linley's Dungeon Crawl,,,,"**NetHack → Linley's Dungeon Crawl**: **nothing first-hand.** Linley Henzell's own manual names Rogue, Hack and Moria (section 1) and mentions NetHack only for its licence; the infobox line was typed by Jeff Lait, and RogueBasin's ""NetHack-inspired origins"" is the wiki's framing of an elided quote from a BALROG page that no longer resolves (try [tvilsom.org/roguelike/50.html](http://tvilsom.org/roguelike/50.html) on the Wayback Machine from your own computer). Only the later Stone Soup team names NetHack.",http://tvilsom.org/roguelike/50.html,"**The `look at it` rows (October 2026).** 78 rows say `look at it` (or a note ending in it), and none has a proof in the folder. Every one with a Steam page had its store text, in English, Japanese, Chinese and Korean, and every developer post scanned for the influencer's name; the best-known were searched by hand. Rows with a first-hand source now, to put in the Source column",source check,,,con-nethack--linley-s-dungeon-crawl
Crypt of the NecroDancer,BPM: Bullets Per Minute,,,,"**Crypt of the NecroDancer → BPM: Bullets Per Minute**: **nothing first-hand found.** Wikipedia's only source is a PCGamesN interview that now redirects elsewhere; the archived copy, which may quote David Jones, is [here](http://web.archive.org/web/20241009192351/https://www.pcgamesn.com/bpm-bullets-per-minute/making-it-in-unreal) (the Wayback Machine refuses the cloud container). The store page, 13 announcements and the publisher's press release name only ""retro shooters"".",http://web.archive.org/web/20241009192351/https://www.pcgamesn.com/bpm-bullets-per-minute/making-it-in-unreal,"**The `look at it` rows (October 2026).** 78 rows say `look at it` (or a note ending in it), and none has a proof in the folder. Every one with a Steam page had its store text, in English, Japanese, Chinese and Korean, and every developer post scanned for the influencer's name; the best-known were searched by hand. Rows with a first-hand source now, to put in the Source column",source check,,,con-crypt-of-the-necrodancer--bpm-bullets-per-minute
,,LambdaRogue: The Book of Stars,,,"**LambdaRogue: The Book of Stars**: Mario Donick named his main influences in a 2008 comment: ""Diablo or Sacred (which are the main influences I have, combined with lots of Angband and Moria)"", which sources **Diablo** and **Angband → LambdaRogue**. **NetHack** and **ADOM** are only in the infobox line his own account typed in 2006 (ADOM also gets a joke in his 1.0 announcement: ""postcard ware (yes, I know I've stolen this from ADOM)""). — [Temple of the Roguelike](https://blog.roguetemple.com/2008/05/24/lambdarogue-development-goes-strong/), [page history](https://www.roguebasin.com/index.php?title=LambdaRogue&action=history)","https://blog.roguetemple.com/2008/05/24/lambdarogue-development-goes-strong/
https://www.roguebasin.com/index.php?title=LambdaRogue&action=history","**The `look at it` rows (October 2026).** 78 rows say `look at it` (or a note ending in it), and none has a proof in the folder. Every one with a Steam page had its store text, in English, Japanese, Chinese and Korean, and every developer post scanned for the influencer's name; the best-known were searched by hand. Rows with a first-hand source now, to put in the Source column",source check,,,con-source-check-lambdarogue-the-book-of-stars-2
,,,,,"**Brogue, Tales of Maj'Eyal and Tangledeep → Labyrinth of Legendary Loot**: omegazion, in his own launch threads: ""I was mainly inspired by Tales of Maj'Eyal, Brogue, and the Pokemon Mystery Dungeon series"" and ""I was mostly influenced by TomE, Tangledeep, Brogue, and the mystery dungeon games."" — [Reddit, r/AndroidGaming](https://www.reddit.com/r/AndroidGaming/comments/jyfdyo/dev_labyrinth_of_legendary_loot_a_traditional/gdbln46/), [Reddit, r/roguelikes](https://www.reddit.com/r/roguelikes/comments/jgzs1l/labyrinth_of_legendary_loot_a_simple_roguelike/g9weg8b/)","https://www.reddit.com/r/AndroidGaming/comments/jyfdyo/dev_labyrinth_of_legendary_loot_a_traditional/gdbln46/
https://www.reddit.com/r/roguelikes/comments/jgzs1l/labyrinth_of_legendary_loot_a_simple_roguelike/g9weg8b/","**The `look at it` rows (October 2026).** 78 rows say `look at it` (or a note ending in it), and none has a proof in the folder. Every one with a Steam page had its store text, in English, Japanese, Chinese and Korean, and every developer post scanned for the influencer's name; the best-known were searched by hand. Rows with a first-hand source now, to put in the Source column",source check,,,con-source-check-brogue-tales-of-maj-eyal-and-tanglede
Dwarf Fortress,Wayward,,,,"**Dwarf Fortress → Wayward**: Vaughn Royko's own About page: ""with inspiration from other roguelikes and roguelikelikes such as Dwarf Fortress and Minecraft."" **Powder → Wayward** is only in the infobox line his account added in 2012. — [Unlok](https://www.unlok.ca/about-wayward/)",https://www.unlok.ca/about-wayward/,"**The `look at it` rows (October 2026).** 78 rows say `look at it` (or a note ending in it), and none has a proof in the folder. Every one with a Steam page had its store text, in English, Japanese, Chinese and Korean, and every developer post scanned for the influencer's name; the best-known were searched by hand. Rows with a first-hand source now, to put in the Source column",source check,,,con-dwarf-fortress--wayward
Powder,Wayward,,,,"**Dwarf Fortress → Wayward**: Vaughn Royko's own About page: ""with inspiration from other roguelikes and roguelikelikes such as Dwarf Fortress and Minecraft."" **Powder → Wayward** is only in the infobox line his account added in 2012. — [Unlok](https://www.unlok.ca/about-wayward/)",https://www.unlok.ca/about-wayward/,"**The `look at it` rows (October 2026).** 78 rows say `look at it` (or a note ending in it), and none has a proof in the folder. Every one with a Steam page had its store text, in English, Japanese, Chinese and Korean, and every developer post scanned for the influencer's name; the best-known were searched by hand. Rows with a first-hand source now, to put in the Source column",source check,,,con-powder--wayward
Cataclysm,Cataclysm: Dark Days Ahead,,yes,,"**Cataclysm → Cataclysm: Dark Days Ahead**: the project's own git history starts with Whales' original Cataclysm commits, and the rename is a 2013 commit. A code fork: mark it `Yes` under Dev/Series Relation, as Cataclysm: Bright Nights already is. (DoomRL and Crawl were once in its infobox, typed by a non-developer, and the lead developer removed them in 2020: don't add those.) — [first commit](https://github.com/CleverRaven/Cataclysm-DDA/commit/69ffbb295)",https://github.com/CleverRaven/Cataclysm-DDA/commit/69ffbb295,"**The `look at it` rows (October 2026).** 78 rows say `look at it` (or a note ending in it), and none has a proof in the folder. Every one with a Steam page had its store text, in English, Japanese, Chinese and Korean, and every developer post scanned for the influencer's name; the best-known were searched by hand. Rows with a first-hand source now, to put in the Source column",source check,,,con-cataclysm--cataclysm-dark-days-ahead
Spelunky Classic,Downwell,,,,"**Spelunky Classic → Downwell**: Ojiro Fumoto, in the Kill Screen article Wikipedia cites: ""I super love Spelunky… Wouldn't it be awesome if there was a game like Spelunky playable on phones?"" and at GDC 2016: ""I was, and still am, deeply in love with Spelunky."" He means the Spelunky of 2014, most likely HD, which is the chart's `Spelunky`, not `Spelunky Classic`: worth moving the row. — [Kill Screen](https://www.killscreen.com/the-story-behind-downwell-one-of-this-years-most-delightful-surprises/)",https://www.killscreen.com/the-story-behind-downwell-one-of-this-years-most-delightful-surprises/,"**The `look at it` rows (October 2026).** 78 rows say `look at it` (or a note ending in it), and none has a proof in the folder. Every one with a Steam page had its store text, in English, Japanese, Chinese and Korean, and every developer post scanned for the influencer's name; the best-known were searched by hand. Rows with a first-hand source now, to put in the Source column",source check,,,con-spelunky-classic--downwell
NetHack,Iter Vehemens Ad Necem,,,,"**NetHack → Iter Vehemens Ad Necem**: the original team's notes in the CVS source borrow from it by name: ""immunity to polymorph (juts like in Nethack)"", ""In Nethack one can leash pets. In Ivan it should be possible that powerful pets leash the player."" — [Doc/Work/Small Ideas.txt](https://github.com/Attnam/ivan/blob/master/Doc/Work/Small%20Ideas.txt)",https://github.com/Attnam/ivan/blob/master/Doc/Work/Small%20Ideas.txt,"**The `look at it` rows (October 2026).** 78 rows say `look at it` (or a note ending in it), and none has a proof in the folder. Every one with a Steam page had its store text, in English, Japanese, Chinese and Korean, and every developer post scanned for the influencer's name; the best-known were searched by hand. Rows with a first-hand source now, to put in the Source column",source check,,,con-nethack--iter-vehemens-ad-necem
Hack,Lost Labyrinth,,,,"**Hack → Lost Labyrinth** and **Rogue → Rogue's Tale**: only in infobox lines typed by accounts (Malota; Nibbe) that edited nothing but their game's pages and named the developer in the same edit, so very likely the developers, though neither says so. Lead: the old lostlabyrinth.com and its SourceForge readme, from your own computer.",,"**The `look at it` rows (October 2026).** 78 rows say `look at it` (or a note ending in it), and none has a proof in the folder. Every one with a Steam page had its store text, in English, Japanese, Chinese and Korean, and every developer post scanned for the influencer's name; the best-known were searched by hand. Rows with a first-hand source now, to put in the Source column",source check,,,con-hack--lost-labyrinth
Rogue,Rogue's Tale,,,,"**Hack → Lost Labyrinth** and **Rogue → Rogue's Tale**: only in infobox lines typed by accounts (Malota; Nibbe) that edited nothing but their game's pages and named the developer in the same edit, so very likely the developers, though neither says so. Lead: the old lostlabyrinth.com and its SourceForge readme, from your own computer.",,"**The `look at it` rows (October 2026).** 78 rows say `look at it` (or a note ending in it), and none has a proof in the folder. Every one with a Steam page had its store text, in English, Japanese, Chinese and Korean, and every developer post scanned for the influencer's name; the best-known were searched by hand. Rows with a first-hand source now, to put in the Source column",source check,,,con-rogue--rogue-s-tale
Slay the Spire,Peglin,,,,"**Slay the Spire → Peglin**: Red Nexus Games' own Steam post: ""bundling with Slay the Spire (which clearly inspired a lot of Peglin's overall structure 😅)"", and the store page: ""Peglin plays like a combination of Peggle and Slay the Spire."" — [Steam](https://steamcommunity.com/games/1296610/announcements/detail/4692277806487778973)",https://steamcommunity.com/games/1296610/announcements/detail/4692277806487778973,"**The `look at it` rows (October 2026).** 78 rows say `look at it` (or a note ending in it), and none has a proof in the folder. Every one with a Steam page had its store text, in English, Japanese, Chinese and Korean, and every developer post scanned for the influencer's name; the best-known were searched by hand. Rows with a first-hand source now, to put in the Source column",source check,,,con-slay-the-spire--peglin
NetHack,Spelunky Classic,,,,"**NetHack → Spelunky Classic**: Derek Yu, in 2009: ""I've always been a big fan of random-generation in games, starting with Hack and Nethack."" Wikipedia's feature-level lines (the pickaxe) cite his Spelunky book and ""The Making of Spelunky"" documentary, which would give a stronger quote. — [Game Developer](https://www.gamedeveloper.com/game-platforms/interview-i-aquaria-i-s-derek-yu-on-indie-the-pit-of-death)",https://www.gamedeveloper.com/game-platforms/interview-i-aquaria-i-s-derek-yu-on-indie-the-pit-of-death,"**The `look at it` rows (October 2026).** 78 rows say `look at it` (or a note ending in it), and none has a proof in the folder. Every one with a Steam page had its store text, in English, Japanese, Chinese and Korean, and every developer post scanned for the influencer's name; the best-known were searched by hand. Rows with a first-hand source now, to put in the Source column",source check,,,con-nethack--spelunky-classic
Magic Survival,Vampire Survivors,,,,"**Magic Survival → Vampire Survivors**: Luca Galante, quoted in the PC Gamer piece Wikipedia cites: ""because I was playing Magic Survival I thought to try and make my version. And so just came up with a prototype that played, you know, exactly like Magic Survival."" — [PC Gamer](https://www.pcgamer.com/vampire-survivors-creator-didnt-have-a-vision-when-he-started-making-the-game-that-allowed-him-to-quit-his-job/)",https://www.pcgamer.com/vampire-survivors-creator-didnt-have-a-vision-when-he-started-making-the-game-that-allowed-him-to-quit-his-job/,"**The `look at it` rows (October 2026).** 78 rows say `look at it` (or a note ending in it), and none has a proof in the folder. Every one with a Steam page had its store text, in English, Japanese, Chinese and Korean, and every developer post scanned for the influencer's name; the best-known were searched by hand. Rows with a first-hand source now, to put in the Source column",source check,,,con-magic-survival--vampire-survivors
Slay the Spire,Backpack Hero,,,,"**Slay the Spire → Backpack Hero** and **Into the Breach → Backpack Hero**: **the citation is a paraphrase.** Shacknews' ""Jasper pointed to card games like Slay The Spire and strategy roguelikes such as Into The Breach and XCOM"" is the writer summarising a video interview; the video (embedded in the article) would have his words. — [Shacknews](https://www.shacknews.com/article/132048/backpack-hero-lead-on-game-influences-challenges)",https://www.shacknews.com/article/132048/backpack-hero-lead-on-game-influences-challenges,"**The `look at it` rows (October 2026).** 78 rows say `look at it` (or a note ending in it), and none has a proof in the folder. Every one with a Steam page had its store text, in English, Japanese, Chinese and Korean, and every developer post scanned for the influencer's name; the best-known were searched by hand. Rows with a first-hand source now, to put in the Source column",source check,,,con-slay-the-spire--backpack-hero
Into the Breach,Backpack Hero,,,,"**Slay the Spire → Backpack Hero** and **Into the Breach → Backpack Hero**: **the citation is a paraphrase.** Shacknews' ""Jasper pointed to card games like Slay The Spire and strategy roguelikes such as Into The Breach and XCOM"" is the writer summarising a video interview; the video (embedded in the article) would have his words. — [Shacknews](https://www.shacknews.com/article/132048/backpack-hero-lead-on-game-influences-challenges)",https://www.shacknews.com/article/132048/backpack-hero-lead-on-game-influences-challenges,"**The `look at it` rows (October 2026).** 78 rows say `look at it` (or a note ending in it), and none has a proof in the folder. Every one with a Steam page had its store text, in English, Japanese, Chinese and Korean, and every developer post scanned for the influencer's name; the best-known were searched by hand. Rows with a first-hand source now, to put in the Source column",source check,,,con-into-the-breach--backpack-hero
Rogue Legacy,Flinthook,,,,"**Rogue Legacy → Flinthook** and **Spelunky Classic → Flinthook**: **only journalists say it** (Polygon, CBC, Kotaku). The one interview where a Tribute developer answers names Mercenary Kings and Bionic Commando. A 2016 ""Spelunky"" would be the chart's `Spelunky` anyway. — [Heavy Mag](https://heavymag.com.au/interview-captain-flinthook-tribute-games/)",https://heavymag.com.au/interview-captain-flinthook-tribute-games/,"**The `look at it` rows (October 2026).** 78 rows say `look at it` (or a note ending in it), and none has a proof in the folder. Every one with a Steam page had its store text, in English, Japanese, Chinese and Korean, and every developer post scanned for the influencer's name; the best-known were searched by hand. Rows with a first-hand source now, to put in the Source column",source check,,,con-rogue-legacy--flinthook
Spelunky Classic,Flinthook,,,,"**Rogue Legacy → Flinthook** and **Spelunky Classic → Flinthook**: **only journalists say it** (Polygon, CBC, Kotaku). The one interview where a Tribute developer answers names Mercenary Kings and Bionic Commando. A 2016 ""Spelunky"" would be the chart's `Spelunky` anyway. — [Heavy Mag](https://heavymag.com.au/interview-captain-flinthook-tribute-games/)",https://heavymag.com.au/interview-captain-flinthook-tribute-games/,"**The `look at it` rows (October 2026).** 78 rows say `look at it` (or a note ending in it), and none has a proof in the folder. Every one with a Steam page had its store text, in English, Japanese, Chinese and Korean, and every developer post scanned for the influencer's name; the best-known were searched by hand. Rows with a first-hand source now, to put in the Source column",source check,,,con-spelunky-classic--flinthook
Kingdom: New Lands,Crab God,,,,"**Kingdom: New Lands → Crab God** (sheet: a YouTube video): the studio says it in writing too. Chaos Theory Games, on Steam: ""We were inspired by the approachability of games like Kingdom when designing the core loop, and referenced both Viva Pinata and Reus when designing the strategy systems."" It says ""Kingdom"", the series, which the chart has as Kingdom: New Lands. — [Steam dev post, ""How is Crab God a strategy game?""](https://steamcommunity.com/ogg/2289390/announcements/detail/7025135705476661287)",https://steamcommunity.com/ogg/2289390/announcements/detail/7025135705476661287,"From the research on the October upload's eighteen new games (`influence_research.py new`, then by hand)",source check,,,con-kingdom-new-lands--crab-god
Noita,Lumencraft,,,,"**Noita → Lumencraft** (sheet: a Steam forum post): a second first-hand source, in Japanese. Paweł Mogiła (2Dynamic Games), asked which games influenced it: 「『Noita』からも影響を受けています。」 (""We were also influenced by Noita."") The same answer names Worms, They Are Billions, Darkwood, Warcraft 3 custom maps and Teleglitch (section 5). — [Game*Spark interview](https://www.gamespark.jp/article/2022/05/05/118305.html)",https://www.gamespark.jp/article/2022/05/05/118305.html,"From the research on the October upload's eighteen new games (`influence_research.py new`, then by hand)",source check,,,con-noita--lumencraft
Vampire Survivors,Pinball Storm: Lokanta,,,,"**Vampire Survivors → Pinball Storm: Lokanta** (sheet: `look at it`, no screenshot yet): nothing first-hand found. Its store page and developer posts never name Vampire Survivors; ""a quirky take on the Survivors-like genre"" is GameGrin's preview, not Aastral Dynamics. It needs your screenshot.",,"From the research on the October upload's eighteen new games (`influence_research.py new`, then by hand)",source check,,,con-vampire-survivors--pinball-storm-lokanta
,,,,,"`python3 tools/influence_research.py samedev` lists studio pairs the sheet doesn't connect. Add one only when the newer game's own page says so, as Arcane Trigger's does above. Examples it found: Knights in Tight Spaces → 2 Fights in 2 Tight Spaces, Ziggurat → Army of Ruin, Spirits Abyss → Voids Vigil, Cell Command → Genome Guardian 2, Children of Morta → Wizard of Legend 2 (same studio, Dead Mage). From the October degree-1 pass: Fury Unleashed → Yet Another Zombie Survivors (Awesome Games Studio; their ""spiritual successor to Fury Unleashed"" post is about Hellreaper, which isn't on the chart), Super Bullet Break → Yohane the Parhelion (BeXide; only a bundle), Kitty Survivors → Elemental Survivors → Pairs & Perils (Little Horror Studios), Dungeon Rushers → Legend of Keepers / Sandwalkers (Goblinz), Immortal Redneck → Temtem: Swarm (Crema), FLERP → Facehand (foolsroom). None of the newer games' pages says so.",,"Same studio, nothing says one shaped the other",lead,,,con-lead-python3-tools-influence-research-py-sam
,,,,,"**Prospector** (2011, freeware space roguelike) → Approaching Infinity. IBOL, first-hand: ""I will admit, I got oxygen and data from prospector"" — [his blog, ""My Inspiration""](https://ibol17.wordpress.com/inspiration/)",https://ibol17.wordpress.com/inspiration/,"Roguelikes you don't have, named as influences / Games a developer names that aren't on the chart but are roguelikes themselves, so they may be worth adding",lead,,,con-lead-prospector-2011-freeware-space-rog
,,,,,"**PernAngband** (Angband variant) → Tales of Maj'Eyal: ToME began as a PernAngband fork; its lineage, not a quote.",,"Roguelikes you don't have, named as influences / Games a developer names that aren't on the chart but are roguelikes themselves, so they may be worth adding",lead,,,con-lead-pernangband-angband-variant-tale
,,,,,"**Shadowcrypt** (2014, Steam) → Dark Devotion, *if you count it as a roguelike*. Louis Denizet: ""At this time the game was inspired by Steam game Shadowcrypt"" — [itch.io prototype page](https://louis-denizet.itch.io/dark-devotion-prototype)",https://louis-denizet.itch.io/dark-devotion-prototype,"Roguelikes you don't have, named as influences / Games a developer names that aren't on the chart but are roguelikes themselves, so they may be worth adding",lead,,,con-lead-shadowcrypt-2014-steam-dark-dev
,,,,,"**Teleglitch** (Test3 Projects, 2012; Die More Edition 2013, a top-down roguelike shooter) → Lumencraft. Paweł Mogiła (2Dynamic Games), on who should play it: 「『Darkwood』と『Teleglitch』から多少影響を受けていることもあり」 (""since it is somewhat influenced by Darkwood and Teleglitch""). Lumencraft has one connection today, so adding Teleglitch would give it a second. — [Game*Spark interview](https://www.gamespark.jp/article/2022/05/05/118305.html)",https://www.gamespark.jp/article/2022/05/05/118305.html,"Roguelikes you don't have, named as influences / Games a developer names that aren't on the chart but are roguelikes themselves, so they may be worth adding",lead,,,con-lead-teleglitch-test3-projects-2012-di
,,,,,"**Dungelot** (Red Winter Software, 2012, tile-flipping roguelike; 地牢爬行 in China) and **Runestone Keeper** (2015, 符石守护者) → Gumballs & Dungeons. Producer Peter, asked whether they drew on similar games: 「不用给我们面子，说什么借鉴。我们在游戏开头就说了，《不思议迷宫》的原型，就是《地牢爬行》，我们是站在巨人的肩上。还有一款游戏，是《符石守护者》，那也是一个中国团队开发的，原型也是搬运《地牢爬行》，我们受他们的启发也比较多。」 (""Don't flatter us by calling it 'borrowing'. We say it at the start of the game: the prototype of Gumballs & Dungeons is Dungelot; we stand on the shoulders of giants. There's another game, Runestone Keeper, also by a Chinese team, whose prototype was also taken from Dungelot, and we were inspired by them quite a lot."") *(This settles the old lead that only knew the Chinese titles. 地牢爬行 is Dungelot's name on Chinese stores, e.g. 地牢爬行：破碎大陆 for Dungelot: Shattered Lands. Gumballs & Dungeons has no connections, so adding either game would give it its first.)* — [GameRes interview](https://www.gameres.com/696820.html)",https://www.gameres.com/696820.html,"Roguelikes you don't have, named as influences / Games a developer names that aren't on the chart but are roguelikes themselves, so they may be worth adding",lead,,,con-lead-dungelot-red-winter-software-2012
,,,,,"**Wizard's Castle** (1980, a BASIC text adventure, not a roguelike) → Linley's Dungeon Crawl: Linley Henzell's own manual says the Orb of Zot ""was taken from Wizard's Castle"". Listed for completeness — [crawl.txt](https://github.com/crawl/crawl/blob/673bdae75485d14f759af597c3c62b99601f9a43/trunk/docs/crawl.txt)",https://github.com/crawl/crawl/blob/673bdae75485d14f759af597c3c62b99601f9a43/trunk/docs/crawl.txt,"Roguelikes you don't have, named as influences / Games a developer names that aren't on the chart but are roguelikes themselves, so they may be worth adding",lead,,,con-lead-wizard-s-castle-1980-a-basic-text
,,,,,"**NPPAngband** → Sil: Sil's direct code parent, per its own changelog (""By far the main change that Sil benefitted from was the updated monster AI code"") — [early-changes.txt](https://github.com/sil-quirk/sil-q/blob/master/lib/docs/early-changes.txt)",https://github.com/sil-quirk/sil-q/blob/master/lib/docs/early-changes.txt,"Roguelikes you don't have, named as influences / Games a developer names that aren't on the chart but are roguelikes themselves, so they may be worth adding",lead,,,con-lead-nppangband-sil-sil-s-direct-code
,,,,,"**Z+Angband** (and its fork Z-Angband), Zangband variants → ZMAngband: the code it was forked from, per Jose Machete's itch.io page — [itch.io](https://jose-machete.itch.io/zmangband-med)",https://jose-machete.itch.io/zmangband-med,"Roguelikes you don't have, named as influences / Games a developer names that aren't on the chart but are roguelikes themselves, so they may be worth adding",lead,,,con-lead-z-angband-and-its-fork-z-angband
,,,,,"**UltraRogue** → Moria? James E. Wilson, who ported Moria to Unix as Umoria, enjoyed it before taking Moria up; that's about the port, not Koeneke's design, so probably not a row — [history.md](https://github.com/dungeons-of-moria/umoria/blob/master/historical/history.md)",https://github.com/dungeons-of-moria/umoria/blob/master/historical/history.md,"Roguelikes you don't have, named as influences / Games a developer names that aren't on the chart but are roguelikes themselves, so they may be worth adding",lead,,,con-lead-ultrarogue-moria-james-e-wilson
,,Yet Another Zombie Survivors,,,"**Yet Another Zombie Survivors**: Awesome Games Studio on Bluesky: ""You will like our indie game if you enjoyed: - Deep Rock Galactic: Survivor - Vampire Survivors - Halls of Torment - Left 4 Dead"". A ""you will like it if"" list is marketing, not influence, and Deep Rock Galactic: Survivor came out after it; at most it is a better link than `look at it` for the Vampire Survivors row. — [Bluesky](https://bsky.app/profile/awesomegamesstudio.com/post/3lse45iumkc25)",https://bsky.app/profile/awesomegamesstudio.com/post/3lse45iumkc25,Other leads,lead,,,con-lead-yet-another-zombie-survivors
,,,,,"**Patreon pages run by the developer** (from `patreon`; the posts need a login to read, so they are unread): 868-Back ([Michael Brough](https://www.patreon.com/smestorp)), Atomic Owl ([Monster Theater Games](https://www.patreon.com/MonsterTheater)), Baldi's Basics Plus ([Basically Games](https://www.patreon.com/BasicallyGames)), DemonCrawl ([Therefore Games](https://www.patreon.com/thereforegames)), Dungeon Deathball ([Matt Glanville](https://www.patreon.com/mattglanville)), Dungeons of Blood and Dream ([its own page](https://www.patreon.com/necrotic_spider)), Emberward ([Lands of Nedûn](https://www.patreon.com/LoN_Emberward)), Eternal Quest ([Gaiadon](https://www.patreon.com/gaiadon_eternalquest)), Legend of Dungeon ([Robot Loves Kitty](https://www.patreon.com/rlk)), My Card Is Better Than Your Card! ([Utu Studios](https://www.patreon.com/UtuStudios)), The King is Watching ([Hypnohead](https://www.patreon.com/Hypnohead)), The Magus Circle ([By Witchlight](https://www.patreon.com/TheMagusCircle)) and Warsim ([Huw Millward](https://www.patreon.com/Warsim)). Worth a look while logged in, for a devlog that says where the game came from.","https://www.patreon.com/smestorp
https://www.patreon.com/MonsterTheater
https://www.patreon.com/BasicallyGames
https://www.patreon.com/thereforegames
https://www.patreon.com/mattglanville
https://www.patreon.com/necrotic_spider
https://www.patreon.com/LoN_Emberward
https://www.patreon.com/gaiadon_eternalquest
https://www.patreon.com/rlk
https://www.patreon.com/UtuStudios
https://www.patreon.com/Hypnohead
https://www.patreon.com/TheMagusCircle
https://www.patreon.com/Warsim",Other leads,lead,,,con-lead-patreon-pages-run-by-the-developer
,,OneBit Adventure,,,"**OneBit Adventure**: its store page says ""if you enjoy roguelike adventures like Shattered Pixel Dungeon or survival RPGs like Vampire Survivors, you'll feel right at home"". Marketing, not influence.",,Other leads,lead,,,con-lead-onebit-adventure
,,WazHack,,,"**WazHack**: its developer Waz wrote GEM NetHack, the first graphical NetHack (not on the chart).",,Other leads,lead,,,con-lead-wazhack
,,Fushigi no Gensoukyou,,,"**Fushigi no Gensoukyou**: the Japanese wikis (Niconico, Pixiv) say its play is modelled on the Shiren the Wanderer series; the sheet has Torneko: The Last Hope instead, from DualShockers. Nothing from AQUASTYLE itself was found (their published interview is about a later rhythm game).",,Other leads,lead,,,con-lead-fushigi-no-gensoukyou
Hades,AK-xolotl,,,,"**AK-xolotl ← Hades** (a video to watch): in a Gamereactor video interview, creator Daniel Piqueras is reported to say the weapon and upgrade systems drew more on Hades than on Nuclear Throne or Enter the Gungeon, while the gun feel takes from Nuclear Throne. The page has no transcript, so it needs a listen before it's a source. — [Gamereactor video](https://www.gamereactor.eu/video/658393/Creator+Daniel+Piqueras+on+why+AK-xolotl+is+one+of+the+craziest+roguelike+twin-stick+shooters/)",https://www.gamereactor.eu/video/658393/Creator+Daniel+Piqueras+on+why+AK-xolotl+is+one+of+the+craziest+roguelike+twin-stick+shooters/,Other leads,lead,,,con-hades--ak-xolotl
,,,,,"**Megabonk ← Death Must Die, Halls of Torment**: press coverage (TweakTown) reports Vedinad saying the game ""evolved past adding more movement and eventually became a mix between Vampire Survivors, Risk of Rain, DmD, Halls of Torment, and other roguelikes he enjoys"". ""DmD"" is Death Must Die. The original post wasn't found (not on the Steam page, not in the archived Reddit comments, TweakTown refuses the browser); find it before adding either row.",,Other leads,lead,,,con-lead-megabonk-death-must-die-halls-of-to
,,,,,"**Haque ← Mystery Dungeon**: Roguelike Radio episode 151's show notes list ""Azure Dreams and Mystery Dungeon roguelike mechanics"" as a topic. Listen for which Mystery Dungeon game Kevin Cole and Hadley St. Clair name. — [Roguelike Radio 151](http://www.roguelikeradio.com/2019/02/episode-151-haque.html)",http://www.roguelikeradio.com/2019/02/episode-151-haque.html,Other leads,lead,,,con-lead-haque-mystery-dungeon-roguelike-r
,,Hell Maiden,,,"**Hell Maiden** and **Space Prison**: the interview with AstralShift (Niche Gamer) and Space Prison's dev blog #10 on IndieDB, which the sheet cites for four rows, both refuse the browser. Open them yourself and look for any chart game beyond the rows the sheet already has.",,Other leads,lead,,,con-lead-hell-maiden
,,Dream Quest,,,"**Dream Quest** (no influence on the chart): Shrunken Shrine's 10th-anniversary interview with Peter Whalen is a video. Listen for what he played before making it; the written record has only Magic: The Gathering, which is off the chart. — [Shrunken Shrine](https://shrunkenshrine.com/2024/07/25/741/)",https://shrunkenshrine.com/2024/07/25/741/,Other leads,lead,,,con-lead-dream-quest
,,Tangledeep,,,"**Tangledeep** ← **Sproggiwood**, **FTL**, **Rogue Legacy**: in the same AMA its developer lists these among his favourite roguelikes and roguelites (""my favorites are ones with a lot of strategic combat and movement, stuff like Dungeonmans, Sproggiwood, or ToME … In terms of rogue*lites*, I loved FTL and Rogue Legacy""). Favourites, not named as influences, so not lines; Dungeonmans and ToME are already rows. — [Reddit comment](https://www.reddit.com/r/Games/comments/7ukbl1/im_the_lead_developer_of_tangledeep_a_roguelike/dtlc8mg/)",https://www.reddit.com/r/Games/comments/7ukbl1/im_the_lead_developer_of_tangledeep_a_roguelike/dtlc8mg/,Other leads,lead,,,con-lead-tangledeep
,,Beneath Apple Manor,,,"**Beneath Apple Manor** ← Dragon Maze (Apple II), Colossal Cave Adventure, and D&D. Don Worth, by email to the CRPG Addict. — [CRPG Addict](http://crpgaddict.blogspot.com/2012/12/game-79-beneath-apple-manor-1978.html)",http://crpgaddict.blogspot.com/2012/12/game-79-beneath-apple-manor-1978.html,Influences that aren't on the chart (only matter if you add the game),lead,,,con-lead-beneath-apple-manor
,,Dota Auto Chess,,,**Dota Auto Chess** ← Mahjong (Drodo Studio). — [SCMP / Abacus](https://www.scmp.com/abacus/games/article/3029173/how-popular-pc-gaming-hit-was-influenced-ancient-game-mahjong),https://www.scmp.com/abacus/games/article/3029173/how-popular-pc-gaming-hit-was-influenced-ancient-game-mahjong,Influences that aren't on the chart (only matter if you add the game),lead,,,con-lead-dota-auto-chess
,,Curious Expedition,,,"**Curious Expedition** ← *The Adventures of Tintin* comics (""one big inspiration we already had for the first game""). — [GamingBolt](https://gamingbolt.com/curious-expedition-2-interview-roguelike-expeditions)",https://gamingbolt.com/curious-expedition-2-interview-roguelike-expeditions,Influences that aren't on the chart (only matter if you add the game),lead,,,con-lead-curious-expedition
,,Drapline,,,"**Drapline** also names Princess Maker, Monster Rancher, Rance X and the Atelier series; **Lethal Dungeon** also names Baba Is You and Shadowverse.",,Influences that aren't on the chart (only matter if you add the game),lead,,,con-lead-drapline
,,Captain Forever Remix,,,"**Captain Forever Remix** ← Battleships Forever: ""The core idea was inspired by Sean 'th15' Chan's Battleships Forever."" (Farbs) — [post-mortem](http://farbs.org/captain-forever-post-mid-something-mortem-pt-i)",http://farbs.org/captain-forever-post-mid-something-mortem-pt-i,Influences that aren't on the chart (only matter if you add the game),lead,,,con-lead-captain-forever-remix
,,Granvir,,,"**Granvir** ← Armored Core (the expensive-ammo idea) and Persona (alternating missions and downtime), from its developer. — [Game Dev Journey](https://www.gamedevjourney.co.uk/home/developer-diaries/unity-diaries/granvir)",https://www.gamedevjourney.co.uk/home/developer-diaries/unity-diaries/granvir,Influences that aren't on the chart (only matter if you add the game),lead,,,con-lead-granvir
,,OTXO,,,"**OTXO** ← Hotline Miami; **Death Road to Canada** ← Rebuild, Oregon Trail, River City Ransom; **Battle Brothers** ← X-COM, Jagged Alliance, Mount & Blade; **Don't Starve** ← Minecraft, Lost in Blue; **Rogue** ← Colossal Cave Adventure; **SNKRX** ← Nimble Quest, Dota Underlords (from the first pass)",,Influences that aren't on the chart (only matter if you add the game),lead,,,con-lead-otxo
,,Sword of Fargoal,,,"**Sword of Fargoal** ← Colossal Cave Adventure: ""I played Adventure until I could beat it! … So I would say that Adventure was my biggest influence!"" (Jeff McCord) — [TouchArcade, 2009](https://toucharcade.com/2009/11/24/sword-of-fargoal-interview-gameplay-video/)",https://toucharcade.com/2009/11/24/sword-of-fargoal-interview-gameplay-video/,Influences that aren't on the chart (only matter if you add the game),lead,,,con-lead-sword-of-fargoal
,,Dwarf Fortress,,,"**Dwarf Fortress** ← the Ultima series: ""A lot of the games we played, like the Ultimas, also kind of got us into thinking about the worlds themselves"" (Tarn Adams) — [Game Developer](https://www.gamedeveloper.com/design/interview-the-making-of-dwarf-fortress)",https://www.gamedeveloper.com/design/interview-the-making-of-dwarf-fortress,Influences that aren't on the chart (only matter if you add the game),lead,,,con-lead-dwarf-fortress
,,CastlevaniaRL,,,"**CastlevaniaRL** ← the Castlevania series (its README). **GearHead** ← MechFight, Fallout, Flames of Freedom, Porto Estado (Hewitt, RPG Codex).",,Influences that aren't on the chart (only matter if you add the game),lead,,,con-lead-castlevaniarl
,,Ziggurat,,,"**Ziggurat** ← Heretic and Hexen: ""a dark fantasy setting, inspired in the classic games Heretic/Hexen"" — [Milkstone Studios](https://www.milkstonestudios.com/games/ziggurat/). **Tower of Guns** ← Quake, Doom, UT99: ""I was raised on the classic FPS games like Quake, Doom, UT99, Deus Ex"" (the Isaac half is already on the sheet) — [GamingBolt](https://gamingbolt.com/tower-of-guns-interview-roguelite-callback-to-twitch-shooters). **Baroque** ← Dungeon Master (Yonemitsu, as above).","https://www.milkstonestudios.com/games/ziggurat/
https://gamingbolt.com/tower-of-guns-interview-roguelite-callback-to-twitch-shooters",Influences that aren't on the chart (only matter if you add the game),lead,,,con-lead-ziggurat
,,Darkest Dungeon,,,"**Darkest Dungeon** ← X-Com and Dark Souls (""Dark Souls and X-Com both do that well"", Chris Bourassa, on why it's hard) plus Lovecraft and old CRPGs. Tyler Sigman names Spelunky and Isaac only as examples of the genre, not as influences. — [Mash Those Buttons, 2013](https://mashthosebuttons.com/2013/11/a-talk-with-darkest-dungeons-chris-bourassa/), [SUPERJUMP](https://www.superjumpmagazine.com/exploring-the-darkness-tyler-sigman-talks-about-co-creating-the-darkest-dungeon-games/)","https://mashthosebuttons.com/2013/11/a-talk-with-darkest-dungeons-chris-bourassa/
https://www.superjumpmagazine.com/exploring-the-darkness-tyler-sigman-talks-about-co-creating-the-darkest-dungeon-games/",Influences that aren't on the chart (only matter if you add the game),lead,,,con-lead-darkest-dungeon
,,Space Beast Terror Fright,,,"**Renowned Explorers** ← X-COM: Enemy Unknown and Fire Emblem (Abbey Games' developer interview; FTL is on the sheet). **Space Beast Terror Fright** ← the film Aliens and the board game Space Hulk. **A Robot Named Fight!** ← Super Metroid and its ROM hacks (Isaac is on the sheet). **Dungeon Rushers**' store page lists HeroQuest, Final Fantasy, Divinity, the South Park games, Pit People and Chroma Squad beside Darkest Dungeon, which is on the sheet. **In Celebration of Violence** ← Hammerwatch (Heroes of Hammerwatch is on the chart; Hammerwatch isn't).",,Influences that aren't on the chart (only matter if you add the game),lead,,,con-lead-space-beast-terror-fright
,,Crab God,,,"**The October upload's new games**, from their developers: **Crab God** ← Viva Piñata and Reus (Steam dev posts: ""Viva Piñata being one of our favorite cozy games""; god games such as Creatures, Majesty and Black & White on the studio blog). **Devil Spire** ← King's Field and Heretic (""Inspired by classics like King's Field and Heretic"", its store page; King's Field again in Ithiro Sumi's GameSpot interview). **Lumencraft** ← Worms, They Are Billions, Darkwood and Warcraft 3's Legion TD and Hero Siege maps (Game*Spark). **Blood Dungeon** ← Contra 3 and Castlevania (the Campaign Mode interview that sources its six rows). **Kingsway** ← Papers, Please (Andrew Morrish to GamesBeat: ""it was the way the interface became part of the game in Papers, Please that clicked with me""). **Ratatan** ← Patapon, as its spiritual successor (Steam dev posts). **Stray Path** ← FreeCell (its itch.io page). **Pro Jank Footy** ← ""classic 90s sports games"" (its store page). **Source of Madness** ← H. P. Lovecraft.",,Influences that aren't on the chart (only matter if you add the game),lead,,,con-lead-crab-god
,,,,,"West of Dead (its interview names only comic artists), Seraph's Last Stand (based on the Flash game Heli Attack), Bleak Sword (Souls series), Heroes of Hammerwatch, Popup Dungeon (tabletop games), Block Tower TD, Super House of Dead Ninjas, Morsels, Ringer, Wireworks, Goblin Sushi, Coal LLC, Auto Rogue, Geometry Arena, Elden Ring Nightreign, Crown Trick (beyond its Steam post), Cubic Cosmos, The Fable, The King is Watching, Loot River, Stories from the Outbreak, Necroking, Necrosmith, Sword of Fargoal (from McCord's own Gammaquest II), CastlevaniaRL, DoomRL, Kingdom: New Lands (began as a horse animation, no game named), Cryptark, Double Dragon Gaiden, Bloons TD 6: Rogue Legends, Flick Shot Rogues and Evolings (German studios, searched in German too), Node Farm, No-Skin. ""Closer to Peglin"" for Flick Shot Rogues is a journalist's description, not the studio's.",,"Games with no connections, and best-known games with one influence (first passes)",nothing found,,,con-nothing-found-west-of-dead-its-interview-names-only-c
,,,,,"Spelunky Classic (NetHack is on the sheet; a Dwarf Fortress claim couldn't be traced to Derek Yu), Downwell, Pixel Dungeon, Desktop Dungeons, Luck be a Landlord, Vampire Survivors (its other influences, Castlevania and Lapis x Labyrinth, aren't on the chart), Monster Train, Super Auto Pets, Peglin, Griftlands, Darkest Dungeon 2, Void Bastards, Crying Suns, Tower of Guns, Eldritch, Hand of Fate, Ring of Pain (Monster Train is a journalist's claim; the Isaac mention is about games he plays), Gunfire Reborn, Revita, Nova Drift, Book of Demons, Dwarf Fortress, Brogue, Dungeons of Dredmor, Noita (its Steam page and Road to the IGF name only Spelunky).",,"Games with no connections, and best-known games with one influence (first passes)",nothing found,,,con-nothing-found-spelunky-classic-nethack-is-on-the-shee
,,,,,"Second pass: Larn, Tales of Maj'Eyal (its lineage runs through PernAngband, which isn't on the chart), Teamfight Tactics, Monster Slayers, Dungreed, Strafe (Spelunky; the sheet already has Spelunky Classic), Sundered, Star of Providence, Fear & Hunger (NetHack is already on the sheet), BPM: Bullets Per Minute (the ""Binding of Isaac"" line couldn't be traced to the developers), Have a Nice Death (the studio says it has ""fans of"" Isaac, FTL, Dead Cells and Hades, not that they influenced the game), Witchfire, Deep Rock Galactic: Survivor, Dave the Diver (Torneko is already on the sheet), 20 Minutes Till Dawn, Absolum, StarVaders (its origin is two board games, Bullet and Under Falling Skies), Lost in Random: The Eternal Die.",,"Games with no connections, and best-known games with one influence (first passes)",nothing found,,,con-nothing-found-second-pass-larn-tales-of-maj-eyal-it
,,,,,"Third pass: Sil, Golden Krone Hotel, 868-Hack (Rogue is on the sheet; the other inspirations are Race for the Galaxy, DOTA and SpaceChem), The Flame in the Flood, Coin Crypt (Spelunky Classic is on the sheet; also Dominion and Terry Cavanagh's Nexus City prototype), Legend of Dungeon, Convoy, Renowned Explorers, Synthetik, Trials of Fire, Roguebook, Banners of Ruin, Vault of the Void, Muck, Terraformers, Swordship, A Robot Named Fight (Isaac is on the sheet; also Super Metroid), Caveblazers.",,"Games with no connections, and best-known games with one influence (first passes)",nothing found,,,con-nothing-found-third-pass-sil-golden-krone-hotel-868
,,,,,"Fourth pass: Moria (Rogue only), Angband (Moria only), Wall World (a journalist says Alawar are Dome Keeper fans; Dome Keeper is already on the sheet), Gordian Quest (Slay the Spire is on the sheet; also D&D, Path of Exile, Wizardry, Ultima), Rogue Lords (reviewers only), Hadean Tactics, Knock on the Coffin Lid (Slay the Spire, already on the sheet), Voidigo (the developer is a fan of Nuclear Throne, already on the sheet, and Monster Hunter; Enter the Gungeon comes only from reviewers).",,"Games with no connections, and best-known games with one influence (first passes)",nothing found,,,con-nothing-found-fourth-pass-moria-rogue-only-angband
,,,,,"Fifth pass: Rocket Rats, Bloodshed (Blood and Hexen, off the chart), Scarlet Tower, Rogue Heroes: Ruins of Tasos (Zelda / A Link to the Past, off the chart), Breach Wanderers (Slay the Spire is on the sheet; also Magic and Hearthstone), Starlight Revolver (Hades is on the sheet; also Gaia Online, Club Penguin, MapleStory), Sworn (Hades confirmed by the developer), Yasha: Legends of the Demon Blade (no first-hand source found even for the existing Hades row), Tower Dominion, Drop Duchy (Balatro confirmed, feature-level; also Carcassonne, Cartographers, Dorfromantik per Polygon's paraphrase), Primordialis, Solitairica (Puzzle Quest, off the chart; FTL wasn't found in the developer's words), Hand of Fate 2, Rampage Knights (Golden Axe, off the chart), Approaching Infinity (Prospector, Star Control 2 and others, off the chart), Cupiclaw (Luck be a Landlord confirmed; also Yakuza's UFO Catcher and Part-Time UFO). Metal Slug Tactics (Into the Breach confirmed; XCOM 2 only when the interviewer raised it), Ballionaire (Luck be a Landlord confirmed; the art took from Parappa the Rapper, Katamari Damacy, Pikuniku, Undertale), He is Coming, Aethermancer (the studio's own Monster Sanctuary, off the chart), Katanaut (Dead Cells confirmed; also Katana Zero, Ninja Gaiden, Dead Space), Helskate (Risk of Rain is a reviewer's comparison), Zorbus (tabletop D&D only), Dark Devotion (Shadowcrypt and Dark Souls, off the chart; Diablo is the press's word), The Void Rains Upon Her Heart (Isaac confirmed; also Undertale and Kirby), Colt Canyon (Nuclear Throne confirmed; also Hotline Miami, Hunt: Showdown and Sandstorm. Retrific is German, not Spanish).",,"Games with no connections, and best-known games with one influence (first passes)",nothing found,,,con-nothing-found-fifth-pass-rocket-rats-bloodshed-bloo
,,,,,"Inkbound (Shiny Shoe name EverQuest and Splatoon 3; Diablo and DOTA are the press's), Wild Bastards (Outlaws and spaghetti westerns), Tower Fortress (Downwell; Metroid is off the chart), Astrea: Six-Sided Oracles (Slay the Spire, plus the board game Quarriors and Magic), Moon Hunters (Secret of Mana, 80 Days, Princess Maker 2; a Diablo world-gen remark is in a GameSkinny interview that returns 403), Windblown (Hades comparisons are all the press's), Boyfriend Dungeon, Skul (a Dead Cells crossover, not an influence), Nunholy, Gatekeeper, The Rogue Prince of Persia (Dead Cells confirmed; Sands of Time is off the chart), Trash of the Titans, Dwarves: Glory, Death and Loot, Warsim (podcast interviews only), Mainframe Defenders (Cogmind, plus the original X-COM), LoneStar, Full Mojo Rampage (Isaac confirmed on the Nicalis blog), Hellboy Web of Wyrd (a GameSpot interview headlined ""mix Hades gameplay"" returns 403), Vampire Crawlers, Rogue Legacy 2 (its Dead Cells cue is Digital Trends's), Monster Train 2 (Mark Cooke names no game), Gambonanza (Balatro confirmed, plus The Queen's Gambit), Passant, Lunchbreak Tactics, Dead Weight, Sir We Have an Orc Problem, Rangedrifter, Touhou: Lost Branch of Legend, Tainted Grail: Conquest, Temtem: Swarm, Warhammer Survivors (built on the Vampire Survivors engine), Morimens (Slay the Spire confirmed), Synthetik 2, Talespinner, Unexplored 2 (Lord of the Rings, D&D), Neon Abyss 2 (American Gods), Spelunky 2, For the King 2 (Wizardry, Final Fantasy, Ultima, Secret of Mana), Heroes of Hammerwatch II, Cadence of Hyrule, Tears of Metal, Worlds Upon the Wind, The Magus Circle, Oddcore.",,Games with one connection (October 2026),nothing found,,,con-nothing-found-inkbound-shiny-shoe-name-everquest-and
,,,,,"No connection: Octogeddon (George Fan names the arcade game Tapper), Slasher's Keep (Dark Messiah is a store-page comparison), Go Mecha Ball, Haste (Landfall's own Rounds, but nothing says so), Squeaky Squad, Stick It to the Stickman, Pogo Rogue, We Need To Go Deeper (Don't Starve comparisons are the press's), Demonlore (its press kit names genres only; its website's FAQ names Diablo, now in section 1), Dungeon Deathball (Into the Breach is a reviewer's), DIG: Deep In Galaxies, Dice With Death, Fairy Tail: Dungeons, Mechanibot, Overlooting, RogueSlide, Tangy TD (a Path of Exile skill tree, off the chart), Cursorblade. *(Double Dragon Gaiden was searched in 4c.)*",,Owned games with no connection or one (October 2026),nothing found,,,con-nothing-found-no-connection-octogeddon-george-fan-na
,,,,,"One connection, confirming only the edge the sheet has: Corpse Keeper, Crop Rotation, Emberward, Repetendium, Death Skid Marks (Hotline Miami, off the chart), Tinyfolks, Golfie, Dogpile, Freaky Awesome (Mandragora's announcement post returns 403), Deep Dungeons of Doom, Astronarch (names ""the auto battler craze of 2019"", no game), Just King.",,Owned games with no connection or one (October 2026),nothing found,,,con-nothing-found-one-connection-confirming-only-the-edge
,,,,,"Owned with one connection, second round (searched by hand; each only confirms the one connection the sheet has, or names games off the chart): Archons (Brothers: A Tale of Two Sons), BAZR, Conan Chop Chop (Zelda), Crafty Survivors, Crush the Industry (EarthBound), Dead Finger Dice, Deck of Haunts (Betrayal at House on the Hill, the board game), Deepest Chamber: Resurrection (Dark Souls, Bloodborne visually), Demonic Mahjong, Desktop Survivors 98 (Rusty's Retirement, off the chart), Diceomancer, Dungeons of Blood and Dream, Elewar: Fused Survivors, Endless Alice, Fish Fear Me, From The Top, GnollHack, Greedland (Crimsonland, Alien Shooter), Guntouchables (Left 4 Dead, Deep Rock Galactic), Icewall, I Am Legion: Stand Survivors, Kitty Survivors, Lucky Hero, Menace from the Deep (Artem Bazdyrev's interview returns 403), Merge Maestro (emoji art ""like Super Auto Pets did""), Metal Unit, Mistrogue, Monmusu Gladiator (its App Store page names Monster Rancher, Dungeon Maker, Power Pros), Mythical Concept Starnaut, Night Swarm, Nomad Survival, Noobs Want to Live, OneBit Adventure, Overworld, Paper Planet, Pathos: Nethack Codex, Pip My Dice, Plinbo, Pocket Crystal League, Pokelike, Return to Abyss, Right and Down, Sky Rogue (Ace Combat, Dark Souls), Sky's The Limit MAH-JONG, Swarm Grinder, Time Wasters, Touhou Crawl, Tyrant's Realm, Ultimate ADOM, Vital Shell (Armored Core), Warriors: Abyss (its producer's favourite is Slay the Spire, already on the sheet; a search-engine summary also credited Hades II and Vampire Survivors, but the interview doesn't say that), WazHack, WizardChess, Wordatro!, Yohane the Parhelion. Not searched by hand: the series entries whose one connection is their predecessor (Hades II, Don't Starve Together, the Shiren, Torneko and Pokémon Mystery Dungeon entries, GONNER2, Ziggurat 2 and the like), since under the sequel rule only a new influence would count.",,Owned games with no connection or one (October 2026),nothing found,,,con-nothing-found-owned-with-one-connection-second-round
,,,,,"Dungeon Hack (the ""Hack/NetHack with the Eye of the Beholder III engine"" line on game databases has no source; its executable is HACK.EXE), Mission: Thunderbolt, Fatal Labyrinth, Azure Dreams, Iter Vehemens Ad Necem (""hacklike"" is a wiki's word), Linley's Dungeon Crawl (TIGSource's piece returns 403), DoomRL (Roguelike Radio ep. 112 is audio, and its notes name only Kornel's own games), Beneath Apple Manor and Rogue (their influences are off the chart; see section 5), Moria, Angband and Larn were already searched. Second round: Risk of Rain (Hopoo's Kickstarter page returns 403; interviews are all about Risk of Rain 2 and Returns), Hoplite (Cowley's page says only that it set out to avoid ""bump-to-attack"" combat), Dream Quest (Peter Whalen's interviews are video, see below), Ziggurat and Tower of Guns (off-chart influences only, section 5), Z.H.P., Izuna, Azure Dreams, and Pokémon Mystery Dungeon (its Torneko row is already Dev/Series). Dream Quest's 10th-anniversary developer interview is on YouTube and worth a listen: https://www.youtube.com/watch?v=VCJOMUrpBd0 2015–17 round, each confirming only the rows the sheet has, or naming games off the chart: Darkest Dungeon, Crypt of the NecroDancer (Ryan Clark's design deep dive confirms Spelunky Classic and Rogue), Slay the Spire (card games only: Magic, Netrunner, Dominion, Ascension), Enter the Gungeon, Heat Signature, Renowned Explorers, Solitairica, A Robot Named Fight!, Dungeon Rushers, Space Beast Terror Fright, Caveblazers (only reviewers name Spelunky and Risk of Rain), Cryptark (only reviewers compare it to FTL; the IndieSider developer interview is in `docs/influence-media.md`), and Curious Expedition (its Giant Bomb developer interview returns 403). Variants and Japanese console games: Zangband (zangband.org is now a casino site, and Topi Ylinen's RogueTemple interview is about his later game PBR), Dungeon Crawl Stone Soup (dpeg's interview names his favourite games, not influences), Lost Labyrinth (its SourceForge page returns 403; ""Hack and Return of Heracles"" is RogueBasin's), Cave Noire, Monster Gate and Waku Waku Puyo Puyo Dungeon (searched in Japanese too: only wikis and reviews), and the 2016 Denfaminicogamer interview with Nakamura and Nagahata (it names Rogue only in a caption).",https://www.youtube.com/watch?v=VCJOMUrpBd0,Early classics (October 2026),nothing found,,,con-nothing-found-dungeon-hack-the-hack-nethack-with-the
,,,,,"All 61 games with no connection went through the new scans: the Steam pass reading native titles too, itch.io pages and devlogs, and studio websites and press kits. Only Demonlore turned up (section 1). Most itch pages under these titles were someone else's game, and the scan flagged them. Godbreakers' and OTXO's sites were down, and RogueSlide's and Stick It to the Stickman's couldn't be fetched. **Not covered yet:** Reddit (the Arctic Shift archive throttled the cloud container twice) and Kickstarter (it refuses cloud machines). Both need running from your own computer.",,"No connection, third pass with the new scans (October 2026)",nothing found,,,con-nothing-found-all-61-games-with-no-connection-went-thr
,,,,,"The 12 never searched before, by hand: Wildermyth (its interviews name only X-COM, off the chart, and tabletop RPGs), PlateUp! (Overcooked and Unrailed!, both off the chart), White Knuckle (Portal 2's developer commentary, off the chart), Forestrike (kung fu films), Underdogs, Rogue Flight (the developer names only arcade genres; Space Harrier and the others are a player's), Mad King Redemption (searched in Chinese too, as 轮回战纪), Don't Lose Aggro (World of Warcraft), Hangtime! (the anime Haikyuu!!), Cube Chaos, There Are No Orcs (the Warcraft III mod Castle Fight, but only players say so), and Heading Out (FTL, now in section 1).",,"No connection, third pass with the new scans (October 2026)",nothing found,,,con-nothing-found-the-12-never-searched-before-by-hand-w
,,,,,"DemonCrawl, Handmancers (Arcane, the TV series, for its art; Slay the Spire is on the sheet), Beneath Oresa, Nimrods, Cthangband, Dragonslayer, Dungeon of Windaria, The World is Your Weapon (scans only), Rogue's Tale (its store page names no game), Baldi's Basics Plus, Drill Core and Bioprototype: the cached Steam pages read wider (`cues`), itch.io, studio sites, then a hand search. Nothing new on the chart. What they said about the rows they already have is in section 4, and Dome Keeper → Drill Core is in section 3.",,"One connection, twelve more (October 2026)",nothing found,,,con-nothing-found-demoncrawl-handmancers-arcane-the-tv
,,,,,"Word Play (Mark Brown's ""think jokers in Balatro, or boons in Hades"" is an analogy for what perks are; Scrabble and Bookworm Adventures are the other half of the idea), Whisker Squadron: Survivor (Star Fox; the FTL comparison in the same article is about the separate, bigger Whisker Squadron), Atomic Owl (the studio's press release: ""in the legendary footsteps of Hollow Knight, Bloodstained, and Shovel Knight""; Shovel Knight Dig, on the chart, is a different game), Oblivion Override (also Castlevania, Hollow Knight and Metroid), Into The Grid (the card game Netrunner; Invisible Inc. is Rogueliker's), Commander Quest (Clash Royale, from its designer), Clutchtime (only Balatro, plus basketball players), Pass the Fear, Rune Dice, Zoominoes and Youdanji (each source names only the game the sheet has), and Beyond Words, Dive or Die, Legionbound, Lucky Shot, Pokémon Survivor Burst (its source returns 403), Maid Survivors, Shard Squad, Cat God Ranch, Dog and Goblin, Time Survivors, Lost In Fantaland (the other games in its cited thread are players'), Plinko Panic! and Shoot First (likewise). Die in the Dungeon's developer cross-promotes Into The Grid (""If you like Die in the Dungeon and want to try something similar … Into the Grid can fill that need!""), which is promotion, not influence.",,"One connection, the remaining 42 (October 2026) / That finishes every game with one connection that hadn't been searched. Each went through the cached Steam pages read wider (`cues`), itch.io, studio sites, a read of the source its row already cites for any other chart game, and a hand search for the ones with a placeholder source. One new line (Isaac → Dimensionals, section 1); the rest is about existing rows (section 4). What else came up, all off the chart or not an influence",nothing found,,,con-nothing-found-word-play-mark-brown-s-think-jokers-in
,,,,,"All 140 two-connection games went through the cached Steam pages read wider, itch.io, studio sites, and a read of every source their rows already cite. Then a hand search of the placeholder rows and the first of the well-known games. New lines are in section 1, and what bears on existing rows is in section 4. Also checked, all off the chart or not an influence: Mewgenics (Magic: The Gathering and board games; Isaac is on the sheet), Cultist Simulator (Fallen London, Doodle God, and books), Bad North (Revenge of the Titans and Total War, from Oskar Stålberg), Iratus (its FAQ: ""Primarily, Darkest Dungeon and Dungeon Keeper""), Ravenswatch (the Hades and Diablo comparisons are reviewers'), Raccoin (its producer names only Balatro and Cupiclaw, both on the sheet; the interview's Brotato and Dream Quest lines are about another studio's game), Pronoun Palace (its Brutal Orchestra line is about Bum-bo's influence on that game), Breachway (LoneStar is a player's comparison), and press-only comparisons for Decktamer (""Pokémon meets Slay the Spire""), Into The Grid and Zet Zillions. The itch.io ""Rogue Tower"" that names Die in the Dungeon is a different game, a tabletop RPG.",,"Two connections, first batch (October 2026)",nothing found,,,con-nothing-found-all-140-two-connection-games-went-throug
,,,,,"Second batch, the better-known games: Barony (its press kit's System Shock 2, Daggerfall and Ultima Underworld are off the chart, and the creator says Ultima Underworld didn't directly shape it), Flinthook (the studio's own Mercenary Kings and Bionic Commando), Has-Been Heroes, Shovel Knight Dig (Dig Dug, Mr. Driller, SteamWorld Dig and Boulder Dash besides the two on the sheet), Aces & Adventures, Mana Spark, Space Grunts (the developer confirms Brogue and DoomRL as ""my main inspiration""; the list of other roguelikes in that thread is a player's), Shadow of the Wyrm (NetHack and Angband are how its author found the genre), Hellcard (""love letter to Diablo"" is said of Book of Demons, the studio's earlier game), Realm of Ink, Reignbreaker (video only), Iratus (Dungeon Keeper) and Quasimorph: nothing new beyond their rows. The rest of the 140 were covered by the automated passes only.",,"Two connections, first batch (October 2026)",nothing found,,,con-nothing-found-second-batch-the-better-known-games-ba
,,,,,"Third batch, the placeholder rows. The two-connection set is 213 games now, not 140, because the rows added since lifted many one-connection games to two; 113 of them had never been named in this doc. The 21 of those whose rows are placeholders (`check folder`, `look at it`, a note) and aren't a series chain were searched by hand: Steam store page, then a web search for an interview, reading every page found. 33 Immortals, Arc Seed, As We Descend, Asgard's Fall, Asterogues, Auro, Bella Wants Blood, Brawl Tactics: Origins, Cinderia, Dice A Million, Hand of Fate: Hordes, Hive Blight, How Many Dudes?, Rhythm Witch: Beat Death, Rogue Factory, Runic Survivor, Sephiria, Tabletop Tavern, The Spirit Lift, Voice of Belldona and Guidus. New lines are in section 1 (Sephiria, How Many Dudes?, Dice A Million), and what bears on existing rows is in section 4. Auro's 100 Rogues row is already Dev/Series, and its store page says ""From Dinofarm Games, the creators of the hit iOS dungeon-crawler 100 Rogues"". Fourth batch, twelve of the better-known never-named games whose rows cite a real source, by hand: Mothergunship (only its own Tower of Guns, already Dev/Series), Ultima Ratio Regum (Europa Universalis, Civilization, Tomb Raider, The Outer Wilds, La-Mulana and Borges, all off the chart; its Isaac mention is an example of rare events), Void War (Warhammer 40k; only players name anything else), Insurmountable, TombStar (NME's ""inspired by … Enter The Gungeon and The Binding Of Isaac"", its two rows), Battle Shapers, Garden of Witches (its interview adds only Lost Ark, off the chart), Darkblade Ascent (its own site and the Epic Games Store piece the rows cite wouldn't load here; a search summary credits the brothers with Elden Ring and Dark Messiah, neither on the chart), Netherworld Covenant (its FAQ is a comparison: ""closer to predecessors like Hades and Curse of the Dead Gods""), Odinfall (the CEO's ""I'm a massive fan of games like Nuclear Throne and Enter the Gungeon"", its two rows), Road Not Taken and Golden Light (its itch page says only ""inspired by all of our favorite horror games""). What bears on existing rows is in section 4.",,"Two connections, first batch (October 2026)",nothing found,,,con-nothing-found-third-batch-the-placeholder-rows-the-t
,,,,,"Fifth batch, twelve more by hand: each row's cited source reread for every chart game (Reddit threads through the Arctic Shift archive, which still answered), then a web search. Tape to Tape (Isaac, section 1), Runeborn and Shape Shifter: Formations (section 1, weaker), Soulash 2, Riptale and NecroBouncer (section 4), and nothing beyond their rows for Demon Lord: Just a Block (its AMA: ""a semi-turn-based Hades-like or Isaac-like game"", a comparison; also Hollow Knight and Dark Souls), Devil Slayer: Raksasi (its interview's list is ""Souls, The Binding of Isaac, Dead Cells, Darkwood, Blade & Sword"", its two rows plus games off the chart), The Last Flame (Slay the Spire, Astronarch), Lort (its AMA's list adds Deep Rock Galactic, Lethal Company and V Rising, all off the chart), Lootplot (its itch page: ""Taking inspiration from Balatro and Backpack-battles"") and Rogue Empire (its Patreon, the rows' source, wouldn't load here; only stores compare it to ToME and ADOM).",,"Two connections, first batch (October 2026)",nothing found,,,con-nothing-found-fifth-batch-twelve-more-by-hand-each-r
,,,,,"Sixth batch, twenty-four smaller games, all through every source their rows cite (Reddit through the archive), their Steam pages and a hand search. Beyond the Long Night (FTL and Hades, section 1) and Curse of Pirates (Death Must Die, weaker) are the only new lines; Archon Soul and Beyond the Long Night's Isaac row are in section 4. Nothing beyond their rows for: 99 Levels to Hell (its developer interview is the video the rows cite; the Spelunky line in reviews is a reviewer's), Abandoned Archive, Alina of the Arena (Max Chen's award interview names no game; the store page's ""combines elements from Slay the Spire and Into the Breach"" is its two rows), Anomaly Collapse (Darkest Dungeon and Into the Breach comparisons are the press's and Wikipedia's), Arrogue, Barda (Backpack Hero is a French site's comparison), Cats & Dice, Centipede Gun, Combolands (Balatro is Rogueliker's), Core Defense (a spin-off of its studio's Coregrounds, off the chart), Crablike (its itch page: ""following in the footsteps of the original Rogue"", a genre lineage), Cult of PiN (also Pinball Dreams 2 and Space Cadet, off the chart), Dog Witch (Andy Runyon names Magic: The Gathering; the Slay the Spire / Dicey Dungeons line is a ""if you enjoy"" pitch), House of Necrosis (Chocobo's Mysterious Dungeon, on the chart, is only the press's comparison; Warkus's press kit and Reddit post name none), Monsters are Coming! (Thronefall is the press's), Nadir, Noobs Are Coming (""Brotato-like, also inspired by The Binding of Isaac & Mobs Inc"", its two rows and the developer's own earlier game), Pebble Knights, RIG Riot (Armored Core 6, off the chart), RollScape (""inspired by Balatro, Roll and a few more roguelikes"", unnamed) and Runeveil.",,"Two connections, first batch (October 2026)",nothing found,,,con-nothing-found-sixth-batch-twenty-four-smaller-games
,,,,,"Seventh batch, twenty-four more, the same way: every cited source (Reddit through the archive), the Steam page, a hand search, in Japanese for the Japanese-made ones. I Am Overburdened (Desktop Dungeons, section 1) and Synthetik: Legion Rising (Nuclear Throne, weaker) are the new lines; section 4 has what bears on their rows and Rift Wizard's. Nothing beyond their rows for: Hack'EM (a SLASH'EM-derived variant; its ""following in the footsteps of NetHack Fourk"" is about level names), Menherarium (Balatro is the reviewers'; its BitSummit report wouldn't load), Monster Girls and the Mysterious Adventure, Pokémon Auto Chess and Pokémon Auto Spire (the project's README names no game), Rack and Slay, Rogue Hearts Dungeon (Compile Heart's PS2 game, supervised by Jun Ota of the Japanese Rogue Clone; only Rogue), Rogue-Fp, RogueJack21 (""the lovechild of Balatro and Slay the Spire"", its rows), Rungore, Seedborne Soldiers, Shroom and Gloom (every Inscryption line on its itch page is a player's), Slot or Not, Super Tax City, The Last Game (also Archvale, off the chart, said of Tiny Rogues), Tinker Shot (Noita is players'), Turnbound (its store page quotes players), Ultrapool, WarpVector (RogueBasin adds Star Wars: Armada), Etrian Mystery Dungeon (Spike Chunsoft's Mystery Dungeon team with Atlus's Etrian Odyssey, off the chart), Omega Labyrinth Z and Rift Wizard 2.",,"Two connections, first batch (October 2026)",nothing found,,,con-nothing-found-seventh-batch-twenty-four-more-the-sam
,,,,,"Last, the nine series entries, each searched for an influence its predecessor doesn't already carry (in Japanese for the Japanese ones): Chocobo's Dungeon 2, Final Fantasy Fables: Chocobo's Dungeon (its interviews are about the music), GearHead 2 (Joseph Hewitt's blog posts on it name no game), Miracle Chou Party (section 4), Motto!? Fushigi no Gensoukyou, Pokémon Mystery Dungeon: Explorers of Time and Darkness (Shin-ichiro Tomie's interviews name his favourite games, all Chunsoft's own), Shiren the Wanderer (2008) (the DS remake's Chunsoft roundtables and Sega's interviews name no other game), Shiren the Wanderer 4 and Shiren the Wanderer GB. Nothing new. **That finishes the two-connection games**: all 213 have now had the automated passes and a hand search.",,"Two connections, first batch (October 2026)",nothing found,,,con-nothing-found-last-the-nine-series-entries-each-sear
,,,,,"Twenty-five of the 75 three-connection games never named here, chosen because their rows lean on placeholders or Wikipedia, through the same steps as the two-connection batches. New lines: Skull Horde (Diablo, strong) and Streets of Rogue (Gungeon, weaker); section 4 has first-hand sources found for ten rows (One Step From Eden, Streets of Rogue, KeeperRL, CleanFall, Blazing Beaks, Lake of Creatures) and the ones that weren't. Nothing first-hand beyond that for: Across the Obelisk (""Darkest Dungeon meets Slay the Spire"" is the press's), Bingle Bingle, Bounty of One, Cropdeck (its scarecrows ""inspired directly by Balatro jokers"" is GamingOnLinux's wording), Everything is Crab (Spore's creature phase, off the chart), Infra Arcana (Lovecraft, horror films and Blood, per RogueBasin and its Roguelike Radio episode), Kādomon: Hyper Auto Battlers, Luck & Loot, Serpent's Gaze, Ship of Fools, Sodaman (its Reddit posts confirm Balatro), Spin Hero, The Spell Brigade, The Unliving (its 80.lv interview names Isaac only as a contrast), Tic Tactic and Tower Tactics: Liberation.",,"Three connections, first batch (October 2026)",nothing found,,,con-nothing-found-twenty-five-of-the-75-three-connection-g
,,,,,"Twenty-five more of the better-known ones. New lines: Lone Ruin (Hades and Slay the Spire, for its map) and Pawnbarian (Hoplite), both weaker; section 4 has Shape of Dreams, Red Rogue and Monstrum. Nothing beyond their rows for: 20XX (Mega Man X, off the chart), 9 Kings, Ball x Pit (IGN's ""Peggle, Diablo and Vampire Survivors"" is the writer's), Deep Sky Derelicts (Snowhound's own ""Darkest Dungeon and XCOM with a pinch of Hearthstone and FTL"" confirms its rows), Dreamscaper (God of War and EarthBound besides its rows; ""totally shameless"" about Dead Cells), For The Warp, Hell Clock (Mark Venturelli: ""What would it be like if an entire Diablo season or Path of Exile league took just 20 minutes?""), Loot Rascals (Nethack and Rogue are its co-designer's taste, not named as models), Path of Achra, Putrid Shot Ultra, Sparklite (its store page's ""Inspired by: Rogue Legacy, The Legend of Zelda: A Link to the Past""; Moonlighter is an ""if you loved"" pitch), Sproggiwood, Super Fantasy Kingdom, Swapmeat, Sword of the Necromancer (Azure Dreams, Gungeon and A Link to the Past, from its GameMaker interview), Sword of the Stars: The Pit, Teenage Mutant Ninja Turtles: Splintered Fate (Dead Cells, Slay the Spire and Vampire Survivors come up only as examples of long DLC support), The Doors of Trithius (its Grimdark Magazine interview wouldn't load), The Legend of Bum-Bo and TumbleSeed (Ice Cold Beer, Spelunky and Mega Man).",,"Three connections, second batch (October 2026)",nothing found,,,con-nothing-found-twenty-five-more-of-the-better-known-one
,,,,,"The last 25 never named here. New lines, all weaker: Switchcars (Dwarf Fortress), Pathogenic (Hades) and Winnie's Hole (Darkest Dungeon); section 4 has Switchcars' and GearHead Caramel's rows. Nothing beyond their rows for: Abyssus, An Amazing Wizard, Arms of God (Doom, Halls of Torment and Diablo's look are the press's), Brew, Cluckmech Oasis, Dice & Fold (its Balatro line is an ""if you're a fan of"" pitch; Dicey Dungeons confirmed), Die For The Lich (the publisher's release names its three rows), Fushigi no Gensoukyou 3 and Miracle Party: Fushigi no Gensoukyou 2, Knightica, Labyrinth of Legendary Loot (Azure Dreams, on the chart, is only on RogueBasin's influence list), Masks of the Void: Origins, Montabi, Omelet You Cook, Pegs X Stickers, Pesticide Not Required, PokeVoid, Rogue Command (Slay the Spire and Monster Train, per the store; 20 Minutes Till Dawn not found), Shiren the Wanderer 2, Steve's Warehouse and Zoeti. **That finishes the three-connection games**: all 126 have had the automated passes, and every one not named here before has had a hand search.",,"Three connections, last batch (October 2026)",nothing found,,,con-nothing-found-the-last-25-never-named-here-new-lines
,,,,,"The 33 of the 63 four-connection games never named here, through every source their rows cite (Reddit through the Arctic Shift archive), each Steam store page and every developer post on it (a scan of all of them for chart games, by full name and by short name), and a hand search. One strong line: Skul behind Dunjungle, in its developer's own devlog. Weaker: Diablo behind Lost For Swords's Warlock and Hades behind The Ouroboros King's difficulty. Section 4 has a better source for three Ouroboros King rows, the StarVaders → Dicevaders row's missing studio link, and notes on Haque, LambdaRogue and The Ground Gives Way; section 5 has Megabonk (Death Must Die and Halls of Torment, reported but not traced), Haque (a Mystery Dungeon game, in a podcast) and two pages that refuse the browser. Nothing beyond their rows for: Atomicrops (its GDC talk and Shacknews interview name Stardew Valley and Hotline Miami, off the chart, and only in the writer's words), Dark Light: Survivor, Death Roads: Tournament and Fogpiercer (Mad Cookies' press names Into the Breach and Slay the Spire, both rows), Deck of Ashes (its lead designer's Worthplaying interview names no game), Deep Rock Galactic: Rogue Core, Delver (Ultima Underworld and Notch's Prelude of the Chambered, off the chart), Dicevaders, Dungeon Drafters, Forward: Escape the Fold, Frozen Depths, Going Under (the Ascension comparison is a feature description; the UnderMine and Slay the Spire discount is office neighbours), Hungry Horrors (Delicious in Dungeon, an anime), Jotunnslayer: Hordes of Hel, Kill The Music, Legend of Keepers (Dungeon Keeper, off the chart), Master of Piece, Moonring (Ultima; Unexplored's generator is a row already), Roulette Hero, Shotgun King (Rémy Devaux names no game), Slot & Dungeons, Space Gladiators, The Dungeon RPG (the cited Reddit post is a history essay, not the developer) and Vivid Knight. The other 30 four-connection games are the second batch, below.",,"Four connections, first batch (October 2026)",nothing found,,,con-nothing-found-the-33-of-the-63-four-connection-games-n
,,,,,"The other 30 four-connection games, the ones already named somewhere in this doc, the same way as the first batch, with one fix to the method: the Reddit reread had been reading only the top level of each comment tree, so it saw none of the developers' replies in an AMA (Atomicrops showed ""0 developer comments"" for an AMA with 13). Rerun on both batches with the replies walked. Two strong lines, both from developers' replies: Into the Breach → Lost For Swords and Diablo → Tangledeep. One weaker: Darkest Dungeon behind The Last Spell's art. Section 4 has first-hand sources for Dunjungle's four rows and Our Darker Purpose's Isaac row; section 5 has Dream Quest's anniversary video and Tangledeep's favourites. Loop Hero's developers say again that no game inspired it (section 3). Nothing beyond their rows for: 100 Rogues, Aotenjo: Infinite Hands, Atomicrops (its developers' replies compare the run structure to Rogue Legacy, Enter the Gungeon and Dead Cells, a description, not a source), Azure Dreams, Ballionaire, Baroque, Beyond the Long Night, BroomSweeper, Catacomb Kids (Designer Notes #16 discusses Powder and Spelunky, both rows), CloverPit (its launch bundles pair it with Inscryption and Vampire Survivors: bundles, not influences), Cobalt Core, Despot's Game, Dungeon Clawler, Hand of Fate (Fighting Fantasy, Ultima and board games, off the chart), Hoplite, Immortal Redneck, Magicraft, Moonlighter (Zelda and Recettear, off the chart), Moria, Neon Abyss, Oaken Tower, Realm of the Mad God, Returnal (Housemarque name cosmic horror and ""the call of the void"", no game), Runeborn, Stoneshard and Zangband.",,"Four connections, second batch (October 2026)",nothing found,,,con-nothing-found-the-other-30-four-connection-games-the
,,Dungeons of Dredmor,,,"All 29 five-connection games, the same way as the four-connection batches (Steam pages and every developer post scanned by full and short name, every cited Reddit thread reread through the archive with replies walked, a hand search for each). Eight new lines. The biggest is **Dungeons of Dredmor**, whose only recorded influence was RogueBasin's NetHack: its lead developer named four chart games in one answer (Linley's Dungeon Crawl, Torneko, Lost Labyrinth, Dwarf Fortress). Also strong: Isaac and Gungeon behind GoNNER (asked which roguelikes inspired him most) and Into the Breach behind Order Automatica. Weaker: Hoplite in Fights in Tight Spaces' first pitch. Nothing beyond their rows for: Astro Prospector, Black Jacket, Boneraiser Minions, Castle of the Winds, Caves of Qud, Chess Survivors, Children of Morta, Curse of the Dead Gods (its Dead Cells content is a crossover, already a weaker line), Cursed Words, Deep Rock Galactic: Survivor (""It's Vampire Survivors with mining!"", the row it has), Desktop Dungeons, Dicealot, Elona (ADOM, Angband and Dwarf Fortress's Adventure Mode, as reported; the first two are rows, the third isn't first-hand), Ember Knights, Fushigi no Gensoukyou, Linley's Dungeon Crawl, Node Crown, Sephiria, Shogun Showdown, Slice & Dice, The Bazaar, The Royal Writ, Tiny Auto Knights, Unexplored and Wizard of Legend (its press kit names SNES action-adventures, hack and slash and fighting games, no title; it still has no influence on the chart).",,Five connections (October 2026),nothing found,,,con-nothing-found-dungeons-of-dredmor
,,,,,"All 15 six-connection games, the same way as the five-connection pass. Two new strong lines, both on games the chart held by very little: Nova Drift behind 20 Minutes Till Dawn (whose only influence was Vampire Survivors, sourced ""look at it""; the same Japanese interview now sources that row too), and Diablo behind Soulstone Survivors, in the Reddit post the sheet already cites for its other two. Nothing beyond their rows for: Astral Ascent (its Dead Cells content is a licensed crossover), Be My Horde, Dicefolk, Escape The Mad Empire, HyperRogue, Incursion (its rows come from the game's own credits), Nubby's Number Factory, Omega (Laurence Brothers left no interview naming a game; its Rogue row rests on a blog), Pokémon Mystery Dungeon: Red and Blue Rescue Team (its Torneko row has no Source; it is the series' own lineage), Rogue Voltage, UnderMine (Hades is already a section 1 line), Vellum (the interview the sheet cites names exactly its six rows) and ZMAngband.",,Six connections (October 2026),nothing found,,,con-nothing-found-all-15-six-connection-games-the-same-wa
Diablo,Halls of Torment,,,,"All 11 seven-connection games, the same way. No new lines: the five with no influence or one (Don't Starve, Dota Auto Chess, SNKRX, Hack, Teamfight Tactics) name games off the chart or their one row (Klei name Minecraft and Lost in Blue; SNKRX credits Snake and the auto-battler genre). What it did find is sources: first-hand ones for Rogue → Hack, Dota Auto Chess → Teamfight Tactics, Vampire Survivors → Halls of Torment and Kingdom: New Lands → Dome Keeper, and a reason to doubt **Diablo → Halls of Torment** (section 4). Dome Keeper's developer also says he hadn't played most of the games it gets compared to, Risk of Rain among them (section 3). Nothing beyond their rows for: Cult of the Lamb, PengPong, Rift Wizard and Scourgebringer.",,Seven connections (October 2026),nothing found,,,con-diablo--halls-of-torment
,,Risk of Rain,,,"All six eight-connection games, the same way. No new lines. Two of them have no recorded influence at all and still don't: **Risk of Rain** (Hopoo's interviews, then and around Returns, say they combined ""their favourite games"" without naming one) and **DoomRL** (Kornel Kisielewicz's interviews are about Doom and, later, Jupiter Hell; DoomWiki refuses the browser, so check it yourself). Gunfire Reborn's one row gets a first-hand source (section 4). Nothing beyond their rows for: Cardinal Quest, Death Must Die and Wildfrost.",,Eight connections (October 2026),nothing found,,,con-nothing-found-risk-of-rain
,,Slayblade,,,"**Slayblade** (Henry's House, 2026, no connections): its store page and all six developer posts name only the studio's own earlier games, Nanomon Virtual Pet, Kardboard Kings and Desert Child, none of them on the chart. ""Remember Beyblades?"" is a review's line, and Beyblade is a toy and anime, not a game on the chart. The other three games added with it (Fushigi no Pixel Dungeon, Lost Eidolons: Veil of the Witch, Rogue Blight) came in with the rows section 2 had found for them.",,Games added to the sheet (October 2026),nothing found,,,con-nothing-found-slayblade
,,,,,"All eighteen, through `influence_research.py new` (Steam store text and announcements, itch.io, studio sites, Bluesky, YouTube) and a web search each. **Nothing first-hand for ten, the ten with no connection:** Blade Assault (Team Suneat; press releases only), Change: A Homeless Survival Experience (Danny Hayes's interviews are about his own brush with homelessness, and name no game), Full Metal Schoolgirl (Nobuyuki Okajima's Q&A and the Famitsu interview name no game), Kaz (a rhythm game's flow, no title; Rhythm Doctor and Linkito appear as theme collaborations), Kingsway (Papers, Please only, section 5), Orbital Bullet (SmokeStab's Sausage Factory podcast, episode 334, asks what inspires them; listen for it), Prime Monster (Slay the Spire and Reigns are reviewers' comparisons), Pro Jank Footy (90s sports games only), Ratatan (Patapon only; Hollow Knight as a game they respect, in Dexerto's paraphrase) and Scarlet Skips. Of the eight that came with rows, Blood Dungeon's and Stray Path's sources are already fully on the sheet; Devil Spire, Source of Madness (Sausage Factory episode 401 is a lead) and Pinball Storm: Lokanta gave nothing new; Conquest Dark, Crab God and Lumencraft are above. Reddit's archive throttled the container and gave no results, so `reddit` is still to run for these from your own computer. Developer interviews to listen to, for Kingsway (PAX East 2017), Orbital Bullet (German Dev Days, SWW Show), Pro Jank Footy (PAX Aus 2025, ABC Sunday Extra), Ratatan (BitSummit) and Source of Madness (Sausage Factory 401, Spelskaparna), are now in `docs/influence-media.md`.",,"Games added to the sheet, second upload (October 2026)",nothing found,,,con-nothing-found-all-eighteen-through-influence-researc
,,,,,"All four, through `influence_research.py new` and a web search each. **Nothing first-hand for any of them.** Moonsigil Atlas (Snake Tower Games, no connections): ""Tetris meets Slay the Spire"" is GamingOnLinux's paraphrase (""The developer said it's basically…""), not the studio's words, and its store page names no game; Carcassonne is Rogueliker's comparison and is off the chart; it began as the Ludum Dare 52 entry Fallowtide. Three podcast episodes that mention it are in `docs/influence-media.md`. Touhou: Red Empress Devil (STUDIO POCO, no connections): the Japanese coverage found (Famitsu, Dengeki, Denfaminicogamer, Game Watch, gamebiz) names no influence; Enter the Gungeon is one article's comparison of the look. Star Wars: Galactic Racer and Devil Peach Soda came with their rows (Hades, Returnal and Slay the Spire; Gunfire Reborn), each with a proof; nothing else turned up. Fuse Games' interviews (Top Gear, Insider Gaming, VGC) name Burnout, which is off the chart, and the Slay the Spire comparison in the reviews is the reviewers'. Reddit's archive throttled the container again, so `reddit` is still to run for these from your own computer.",,"Games added to the sheet, third upload (October 2026)",nothing found,,,con-nothing-found-all-four-through-influence-research-py
,,,,,"The 386 games with one connection or none, through three new scans (`bluesky`, `substack`, `patreon`). **Bluesky** read 386 games' posts, finding a studio account for most, and gave one strong find, the four lines on Sir, We Have an Orc Problem in section 1; the rest of its 63 lines were publishers plugging other games, fans, the developers' own earlier games already on the sheet (Fights in Tight Spaces → Knights in Tight Spaces, Rocketcat's Wayward Souls) and name collisions (Warhammer 40,000: Rogue Trader for Rogue, Ragnarok Online for Ragnarok). **Substack** found nothing first-hand: every hit is a journalist or a newsletter writing about the game (a French review says Absolum's studio ""s'est énormément inspiré du jeu Hades"", which is the writer's claim). **Patreon** can't be read from here; the developer pages it found are listed in section 5.",,"Bluesky, Substack and Patreon (October 2026)",nothing found,,,con-nothing-found-the-386-games-with-one-connection-or-non
,,,,,"Moonsigil Atlas (the press release names only the team's own jam game, Fallowtide; ""Slay the Spire meets Carcassonne"" is the press's), Deified, Antipaint, Monsters 'til Midnight (its predecessor Monsters and Monocles is the studio's own), Nuclear Gladiators 3000 (Smash TV, The Running Man, Speedball 2), Ratatan (Patapon, off the chart), FULL METAL SCHOOLGIRL, Space Warlord Baby Trading Simulator (sequel to Space Warlord Organ Trading Simulator, off the chart), Demon Bluff (the board game Blood on the Clocktower), Akane (Hotline Miami, the press's), Metal Bringer (Gradius III and the studio's Samurai Bringer), THYSIASTERY (an RPGamer interview returns 403), Nitro Kid, Wander Stars (90s anime), Uncle Chop's Rocket Shop (Adventure Time, Rick & Morty), Ascend to ZERO (Vampire Survivors only as a contrast; Inflation RPG, off the chart), Conquest of Elysium 5, Island of Kesmai (D&D; ""roguelike ASCII graphics"" is Wikipedia's), Lobotomy Corporation (SCP Foundation, The Cabin in the Woods, Warehouse 13), Touhou Hero of Ice Fairy, Circadian Dice, Dicing Knight, Paper Mario: The Tower of Trials (a TTYD mod; its predecessor Infinite Pit credits Zephiles' Pit Randomizer), Evolution: The World of Sacred Device, Bloodletter, The Land Beneath Us, Rogue Waters, Rogue Glitch, Mortal Glory, Warriors of the Nile.",,Your wanted list,nothing found,,,con-nothing-found-moonsigil-atlas-the-press-release-names
,,,,,"Type_fighter (made after two other developers' prototypes, not games on the chart), Kinny and the Cosmic Cauldron, CHANGE: A Homeless Survival Experience (the developer's own brush with homelessness), Prime Monster, Bachelairs, Corebreaker (Mega Man), Rana Card, Islantiles (""Civilization 5 meets Balatro meets Dorfromantik"" is a reviewer's), Star Birds (its Balatro / Buckshot Roulette line describes another game in a cross-promotion), KAZ (in a French-roguelikes bundle with Sol Cesto, no more), Rogue Monster Rush, STICKER/BALL, Rustil: Eternal Labyrinth Castle (Mystery Dungeon is a user tag), Villages & Dungeons, Trials of Valor, The Gate Must Stand (Vampire Survivors / Thronefall are the press's), RogueDiceR, Deck Vs Doom, DreamEcho (its press release names Path of Exile only, off the chart; Diablo is the press's), CiniCross (Balatro and Inscryption are the press's), Pro Jank Footy (NBA Jam, NHL '94), Internet Survivor Survivors (a Touhou fan game named after a song), Flowers and Deities, Super Alloy Crush (Mega Man, Monster Hunter, Devil May Cry, Street Fighter), Funguys Swarm (Vampire Survivors only from the press), Automon Arena, Scarlet Skips, Lazy Witch's Factory, ON&OFF, Cartapli: Fold Quest (Slay the Spire / Into the Breach from Game Rant; the developer's IndieDB posts return 403).",,Your wanted list,nothing found,,,con-nothing-found-type-fighter-made-after-two-other-devel
,,,,,Roguemon is a Pokémon FireRed/LeafGreen ROM hack (by Crozwords); its README names no other game. Pokémon Mystery Dungeon hacks are too broad to search as one game.,,Your wanted list,nothing found,,,con-nothing-found-roguemon-is-a-pok-mon-firered-leafgreen
Nova Drift,20 Minutes Till Dawn,,,,"**Nova Drift → 20 Minutes Till Dawn** — flanne, its one developer, in Japanese: 「私の一番好きなゲームは常に変わるのですが、今は『Nova Drift』という宇宙船をカスタマイズできるトップダウンシューターがすごく気に入っています。本作を開発する上で、多大な影響を受けることとなりました。」 (""My favourite game is always changing, but right now I really love Nova Drift, a top-down shooter where you customise your ship. It ended up having a huge influence on the development of this game."") And asked which works influenced it: 「本作は『Vampire Survivors』と『Nova Drift』から大きな影響を受けています。」 (""This game was heavily influenced by Vampire Survivors and Nova Drift."") *(The second quote is also a first-hand source for the Vampire Survivors row, whose Source is ""look at it"".)* — [GameBusiness.jp interview](https://www.gamebusiness.jp/article/2022/06/15/20252.html)",https://www.gamebusiness.jp/article/2022/06/15/20252.html,,on sheet,,,con-nova-drift--20-minutes-till-dawn
NetHack,Ancient Domains of Mystery,,,,"**NetHack → Ancient Domains of Mystery** — Thomas Biskup, on how ADOM started: ""at that time I had played games like DND, Rogue, Hack and NetHack (and seen Omega) and loved the genre… But when I started diving into the NetHack sources (which seemed to be the most detailed and thus most interesting candidate) I quickly learned how advanced and complicated those sources were. Which lead me to believe that it might be much simpler to write a game of my own."" — [@Play interview](https://www.gamedeveloper.com/design/-play-86-interview-with-adom-creator-dr-thomas-biskup)",https://www.gamedeveloper.com/design/-play-86-interview-with-adom-creator-dr-thomas-biskup,,on sheet,,,con-nethack--ancient-domains-of-mystery
Rogue,Ancient Domains of Mystery,,,,**Rogue → Ancient Domains of Mystery** — same Biskup quote as **NetHack → Ancient Domains of Mystery**: Rogue is among the games he'd played and loved before starting. It isn't named as a model the way NetHack is.,,,on sheet,,,con-rogue--ancient-domains-of-mystery
Luck be a Landlord,Aotenjo: Infinite Hands,,,,"**Luck be a Landlord → Aotenjo: Infinite Hands** — ""draws inspiration from many card-based rogue-like games such as Balatro, Luck be a Landlord, Monster Train, and Slay the Spire"" — [Steam dev Q&A](https://steamcommunity.com/games/3066570/announcements/detail/4356754561281185320)",https://steamcommunity.com/games/3066570/announcements/detail/4356754561281185320,,on sheet,,,con-luck-be-a-landlord--aotenjo-infinite-hands
Monster Train,Aotenjo: Infinite Hands,,,,**Monster Train → Aotenjo: Infinite Hands** — same as **Luck be a Landlord → Aotenjo: Infinite Hands**,,,on sheet,,,con-monster-train--aotenjo-infinite-hands
Slay the Spire,Aotenjo: Infinite Hands,,,,**Slay the Spire → Aotenjo: Infinite Hands** — same as **Luck be a Landlord → Aotenjo: Infinite Hands**,,,on sheet,,,con-slay-the-spire--aotenjo-infinite-hands
Endgame of Devil,Arcane Trigger,,yes,,"**Endgame of Devil → Arcane Trigger** *(Dev/Series Relation)* — ""From the Creators of 'Endgame of Devil'"" — [Steam store page](https://store.steampowered.com/app/2981070/)",https://store.steampowered.com/app/2981070/,,on sheet,,,con-endgame-of-devil--arcane-trigger
Rogue,Baroque,,,,"**Rogue → Baroque** — Kazunari Yonemitsu, on the PlayStation release: ""The 3D, real-time, auto-generated dungeon system is, to put it frankly, the result of combining all of my favorite things. I loved ""Rogue"" and ""Dungeon Master"". When it comes to auto-generated dungeons in console games, there is the wonderful ""Torneko's Great Adventure""."" *(A fan translation of a Japanese guidebook interview; check it against the original if you can. Dungeon Master isn't on the chart; the same quote is a first-hand source for the Torneko → Baroque row, see section 4.)* — [Nerve Tower, ""The Worldview of Baroque""](https://nervetower.neocities.org/int_yonemitsu_ps)",https://nervetower.neocities.org/int_yonemitsu_ps,,on sheet,,,con-rogue--baroque-2
FTL,Beyond the Long Night,,,,"**FTL → Beyond the Long Night**, **Hades → Beyond the Long Night** — Steve Hollis (Noisy Head Games, its one developer), asked what inspired the game: ""Weirdly, the original inspiration for the game didn't come from a twin-stick shooter, but from the space faring roguelike FTL. There was a side quest system in that game that gave you alternative objectives … The game takes inspiration from tons of other places too, from roguelikes like The Binding of Isaac and Hades to adventure games like Fez."" His own announcement says it again: ""Beyond the Long Night was inspired by completing side quests in FTL many years ago."" *(The Outer Wilds, Fez and Undertale, also named, aren't on the chart. Isaac is a row today; see section 4.)* — [Indie Games Developer](https://www.indiegamesdeveloper.com/showcases-and-interviews/developer-interview/noisy-head-games-interview-beyond-the-long-night/), [noisyheadgames.com](https://noisyheadgames.com/charming-roguelike-adventure-beyond-the-long-night-announced-for-pc/)","https://www.indiegamesdeveloper.com/showcases-and-interviews/developer-interview/noisy-head-games-interview-beyond-the-long-night/
https://noisyheadgames.com/charming-roguelike-adventure-beyond-the-long-night-announced-for-pc/",,on sheet,,,con-ftl--beyond-the-long-night
Hades,Beyond the Long Night,,,,"**FTL → Beyond the Long Night**, **Hades → Beyond the Long Night** — Steve Hollis (Noisy Head Games, its one developer), asked what inspired the game: ""Weirdly, the original inspiration for the game didn't come from a twin-stick shooter, but from the space faring roguelike FTL. There was a side quest system in that game that gave you alternative objectives … The game takes inspiration from tons of other places too, from roguelikes like The Binding of Isaac and Hades to adventure games like Fez."" His own announcement says it again: ""Beyond the Long Night was inspired by completing side quests in FTL many years ago."" *(The Outer Wilds, Fez and Undertale, also named, aren't on the chart. Isaac is a row today; see section 4.)* — [Indie Games Developer](https://www.indiegamesdeveloper.com/showcases-and-interviews/developer-interview/noisy-head-games-interview-beyond-the-long-night/), [noisyheadgames.com](https://noisyheadgames.com/charming-roguelike-adventure-beyond-the-long-night-announced-for-pc/)","https://www.indiegamesdeveloper.com/showcases-and-interviews/developer-interview/noisy-head-games-interview-beyond-the-long-night/
https://noisyheadgames.com/charming-roguelike-adventure-beyond-the-long-night-announced-for-pc/",,on sheet,,,con-hades--beyond-the-long-night
Inscryption,Buckshot Roulette,,,,"**Inscryption → Buckshot Roulette** — Mike Klubnika: ""Overall, the mechanics and their presentation are mainly inspired by Inscryption."" — [Steam Q&A post](https://steamcommunity.com/games/2835570/announcements/detail/4181107834755509907)",https://steamcommunity.com/games/2835570/announcements/detail/4181107834755509907,,on sheet,,,con-inscryption--buckshot-roulette
Desktop Dungeons,Cardinal Quest,,,,"**Desktop Dungeons → Cardinal Quest**, **Spelunky Classic → Cardinal Quest**, **Brogue → Cardinal Quest** — Ido Yehieli: ""The games I like in the genre are a lot more focused on solving hard problems with the hand you were dealt, e.g. Brogue or Crawl … Desktop Dungeons, Spelunky and Borgue [sic] are much bigger inspiration for me than any RPG out there."" *(Said in an interview around 2011, after Cardinal Quest shipped, about the games that inspire him rather than about Cardinal Quest alone; ""Spelunky"" in 2011 means Spelunky Classic. In the same answer he says Rogue is ""a lot more similar to those than it is to Angband, ADOM or ToME4"", while the sheet has Angband and ToME → Cardinal Quest from his own tweet and Roguelike Radio. Not a denial, but worth knowing.)* — [IndieGameMag](https://www.indiegamemag.com/ido-yehieli-interview-nephews-and-niches/)",https://www.indiegamemag.com/ido-yehieli-interview-nephews-and-niches/,,on sheet,,,con-desktop-dungeons--cardinal-quest
Spelunky Classic,Cardinal Quest,,,,"**Desktop Dungeons → Cardinal Quest**, **Spelunky Classic → Cardinal Quest**, **Brogue → Cardinal Quest** — Ido Yehieli: ""The games I like in the genre are a lot more focused on solving hard problems with the hand you were dealt, e.g. Brogue or Crawl … Desktop Dungeons, Spelunky and Borgue [sic] are much bigger inspiration for me than any RPG out there."" *(Said in an interview around 2011, after Cardinal Quest shipped, about the games that inspire him rather than about Cardinal Quest alone; ""Spelunky"" in 2011 means Spelunky Classic. In the same answer he says Rogue is ""a lot more similar to those than it is to Angband, ADOM or ToME4"", while the sheet has Angband and ToME → Cardinal Quest from his own tweet and Roguelike Radio. Not a denial, but worth knowing.)* — [IndieGameMag](https://www.indiegamemag.com/ido-yehieli-interview-nephews-and-niches/)",https://www.indiegamemag.com/ido-yehieli-interview-nephews-and-niches/,,on sheet,,,con-spelunky-classic--cardinal-quest
Brogue,Cardinal Quest,,,,"**Desktop Dungeons → Cardinal Quest**, **Spelunky Classic → Cardinal Quest**, **Brogue → Cardinal Quest** — Ido Yehieli: ""The games I like in the genre are a lot more focused on solving hard problems with the hand you were dealt, e.g. Brogue or Crawl … Desktop Dungeons, Spelunky and Borgue [sic] are much bigger inspiration for me than any RPG out there."" *(Said in an interview around 2011, after Cardinal Quest shipped, about the games that inspire him rather than about Cardinal Quest alone; ""Spelunky"" in 2011 means Spelunky Classic. In the same answer he says Rogue is ""a lot more similar to those than it is to Angband, ADOM or ToME4"", while the sheet has Angband and ToME → Cardinal Quest from his own tweet and Roguelike Radio. Not a denial, but worth knowing.)* — [IndieGameMag](https://www.indiegamemag.com/ido-yehieli-interview-nephews-and-niches/)",https://www.indiegamemag.com/ido-yehieli-interview-nephews-and-niches/,,on sheet,,,con-brogue--cardinal-quest
Larn,Castle of the Winds,,,,"**Larn → Castle of the Winds**, **Omega → Castle of the Winds**, **NetHack → Castle of the Winds** *(the interviewer's summary, not Rick Saada's own words)* — ""he started work on a program inspired by his love of Rogue, Noah Morgan's Larn, the Laurence Brothers' Omega and Nethack"" — [Game Developer interview](https://www.gamedeveloper.com/game-platforms/playing-catch-up-i-castle-of-the-winds-i-rick-saada)",https://www.gamedeveloper.com/game-platforms/playing-catch-up-i-castle-of-the-winds-i-rick-saada,,on sheet,,,con-larn--castle-of-the-winds
Omega,Castle of the Winds,,,,"**Larn → Castle of the Winds**, **Omega → Castle of the Winds**, **NetHack → Castle of the Winds** *(the interviewer's summary, not Rick Saada's own words)* — ""he started work on a program inspired by his love of Rogue, Noah Morgan's Larn, the Laurence Brothers' Omega and Nethack"" — [Game Developer interview](https://www.gamedeveloper.com/game-platforms/playing-catch-up-i-castle-of-the-winds-i-rick-saada)",https://www.gamedeveloper.com/game-platforms/playing-catch-up-i-castle-of-the-winds-i-rick-saada,,on sheet,,,con-omega--castle-of-the-winds
NetHack,Castle of the Winds,,,,"**Larn → Castle of the Winds**, **Omega → Castle of the Winds**, **NetHack → Castle of the Winds** *(the interviewer's summary, not Rick Saada's own words)* — ""he started work on a program inspired by his love of Rogue, Noah Morgan's Larn, the Laurence Brothers' Omega and Nethack"" — [Game Developer interview](https://www.gamedeveloper.com/game-platforms/playing-catch-up-i-castle-of-the-winds-i-rick-saada)",https://www.gamedeveloper.com/game-platforms/playing-catch-up-i-castle-of-the-winds-i-rick-saada,,on sheet,,,con-nethack--castle-of-the-winds
Cataclysm: Dark Days Ahead,Cataclysm: Bright Nights,,yes,,"**Cataclysm: Dark Days Ahead → Cataclysm: Bright Nights** *(Dev/Series Relation: it's a fork)* — its README: ""Cataclysm: Bright Nights is a fork of Cataclysm: Dark Days Ahead."" *(The sheet has it under the original Cataclysm only.)* — [GitHub README](https://github.com/cataclysmbnteam/Cataclysm-BN)",https://github.com/cataclysmbnteam/Cataclysm-BN,,on sheet,,,con-cataclysm-dark-days-ahead--cataclysm-bright-nights
Dwarf Fortress,Caves of Qud,,,,"**Dwarf Fortress → Caves of Qud** — Jason Grinblat, asked ""What games influenced Caves of Qud the most?"": ""Ancient Domains of Mystery (ADoM), Dwarf Fortress, Morrowind, and Star Control II."" — [Review Fix interview](https://reviewfix.com/2018/08/review-fix-exclusive-inside-caves-of-qud/)",https://reviewfix.com/2018/08/review-fix-exclusive-inside-caves-of-qud/,,on sheet,,,con-dwarf-fortress--caves-of-qud
Omega,Caves of Qud,,,,"**Omega → Caves of Qud** — Brian Bucklew, on starting out: ""I was playing games like Omega and Atom [ADOM], and roguelikes like that, that had these big worlds"" — [RPG Site interview](https://www.rpgsite.net/interview/20000-brian-bucklew-caves-of-qud-interview-expansions-switch-port-unity-controller-support-coffee)",https://www.rpgsite.net/interview/20000-brian-bucklew-caves-of-qud-interview-expansions-switch-port-unity-controller-support-coffee,,on sheet,,,con-omega--caves-of-qud
Enter the Gungeon,Cavity Busters,,,,"**Enter the Gungeon → Cavity Busters** — the developer, on the game's itch.io page: ""At first glance, Cavity Busters looks like an Enter the Gungeon or Binding of Isaac clone. While both are huge inspirations, Cavity Busters plays much different."" — [itch.io](https://spacemyfriend.itch.io/cavity-busters)",https://spacemyfriend.itch.io/cavity-busters,,on sheet,,,con-enter-the-gungeon--cavity-busters
Nuclear Throne,Children of Morta,,,,**Nuclear Throne → Children of Morta** — same quote as **The Binding of Isaac → Children of Morta**,,,on sheet,,,con-nuclear-throne--children-of-morta
Rogue Legacy,Children of Morta,,,,**Rogue Legacy → Children of Morta** — same quote as **The Binding of Isaac → Children of Morta**,,,on sheet,,,con-rogue-legacy--children-of-morta
The Binding of Isaac,Children of Morta,,,,"**The Binding of Isaac → Children of Morta** — Amir Fassihi: ""other roguelike games like The Binding of Isaac, Rogue Legacy, Nuclear Throne."" — [Cliqist Q&A](https://cliqist.com/2015/01/30/children-morta-interview/)",https://cliqist.com/2015/01/30/children-morta-interview/,,on sheet,,,con-the-binding-of-isaac--children-of-morta
Luck be a Landlord,Chosen Garden,,,,"**Luck be a Landlord → Chosen Garden** — ""We've drawn inspiration from classics like Balatro and Luck be a Landlord"" — [Steam dev post](https://steamcommunity.com/games/3923750/announcements/detail/503962497384974869)",https://steamcommunity.com/games/3923750/announcements/detail/503962497384974869,,on sheet,,,con-luck-be-a-landlord--chosen-garden
Into the Breach,Cobalt Core,,,,"**Into the Breach → Cobalt Core**, **Hades → Cobalt Core** — Rocket Rat Games, asked for their biggest inspirations. Ben: ""Inscryption."" John: ""Yeah. You can see Slay The Spire, that one's obvious. Everyone compares us to FTL. I see what they're saying, pixel-art, rogue-like, spaceship game, sure. But we were really inspired by Into The Breach, the other game by Subset Games. If we made a list, it'd be Inscryption, Hades, Into The Breach, Slay The Spire."" Ben: ""Yeah, Hades for story stuff and vibe."" *(Inscryption and Slay the Spire are its two rows today. In Game Developer they add that the UI ""drew heavy inspiration from Into The Breach"". FTL is in section 3.)* — [Turn Based Lovers, 10 Turns](https://turnbasedlovers.com/10-turns-interview/with-cobalt-core-devs/), [Game Developer](https://www.gamedeveloper.com/design/how-cobalt-core-makes-movement-as-exciting-as-fighting-in-its-roguelike-deckbuilder-combat)","https://turnbasedlovers.com/10-turns-interview/with-cobalt-core-devs/
https://www.gamedeveloper.com/design/how-cobalt-core-makes-movement-as-exciting-as-fighting-in-its-roguelike-deckbuilder-combat",,on sheet,,,con-into-the-breach--cobalt-core
Hades,Cobalt Core,,,,"**Into the Breach → Cobalt Core**, **Hades → Cobalt Core** — Rocket Rat Games, asked for their biggest inspirations. Ben: ""Inscryption."" John: ""Yeah. You can see Slay The Spire, that one's obvious. Everyone compares us to FTL. I see what they're saying, pixel-art, rogue-like, spaceship game, sure. But we were really inspired by Into The Breach, the other game by Subset Games. If we made a list, it'd be Inscryption, Hades, Into The Breach, Slay The Spire."" Ben: ""Yeah, Hades for story stuff and vibe."" *(Inscryption and Slay the Spire are its two rows today. In Game Developer they add that the UI ""drew heavy inspiration from Into The Breach"". FTL is in section 3.)* — [Turn Based Lovers, 10 Turns](https://turnbasedlovers.com/10-turns-interview/with-cobalt-core-devs/), [Game Developer](https://www.gamedeveloper.com/design/how-cobalt-core-makes-movement-as-exciting-as-fighting-in-its-roguelike-deckbuilder-combat)","https://turnbasedlovers.com/10-turns-interview/with-cobalt-core-devs/
https://www.gamedeveloper.com/design/how-cobalt-core-makes-movement-as-exciting-as-fighting-in-its-roguelike-deckbuilder-combat",,on sheet,,,con-hades--cobalt-core
Diablo,Crawl,,,,"**Diablo → Crawl** — Barney Cumming: ""Diablo is a big influence…"" — [Toogy Talk interview](https://toogytime.wordpress.com/2014/12/16/toogy-talk-crawl-an-interview-with-barney-cumming-of-powerhoof/)",https://toogytime.wordpress.com/2014/12/16/toogy-talk-crawl-an-interview-with-barney-cumming-of-powerhoof/,,on sheet,,,con-diablo--crawl
The Binding of Isaac,Crawl,,,,"**The Binding of Isaac → Crawl** — ""Binding of Isaac worked as a less direct influence … I was very inspired by my wrongly-interpreted imaginings of what Isaac would be like"" — [Toogy Talk interview](https://toogytime.wordpress.com/2014/12/16/toogy-talk-crawl-an-interview-with-barney-cumming-of-powerhoof/)",https://toogytime.wordpress.com/2014/12/16/toogy-talk-crawl-an-interview-with-barney-cumming-of-powerhoof/,,on sheet,,,con-the-binding-of-isaac--crawl
Slay the Spire,Cross Blitz,,,,"**Slay the Spire → Cross Blitz** — ""inspired by … Hearthstone and Slay the Spire"" — [Steam dev post](https://steamcommunity.com/games/1619520/announcements/detail/3692434297316940519)",https://steamcommunity.com/games/1619520/announcements/detail/3692434297316940519,,on sheet,,,con-slay-the-spire--cross-blitz
Mystery Dungeon 2: Shiren the Wanderer,Crown Trick,,,,"**Mystery Dungeon 2: Shiren the Wanderer → Crown Trick** — ""we drew inspiration from the classic Shiren The Wanderer … in the 'synchronous turn-based combat'."" — [Steam dev post](https://steamcommunity.com/games/1000010/announcements/detail/1712958942358263915) *(names the series; added as `Mystery Dungeon 2: Shiren the Wanderer`)*",https://steamcommunity.com/games/1000010/announcements/detail/1712958942358263915,,on sheet,,,con-mystery-dungeon-2-shiren-the-wanderer--crown-trick
Diablo,Curse of the Dead Gods,,,,"**Diablo → Curse of the Dead Gods** — ""Video games also heavily contributed to our inspirations with Diablo 3, and Gauntlet (2014) … or Hades"" — [Steam dev post](https://steamcommunity.com/games/1123770/announcements/detail/1697231221626410268)",https://steamcommunity.com/games/1123770/announcements/detail/1697231221626410268,,on sheet,,,con-diablo--curse-of-the-dead-gods
Hades,Curse of the Dead Gods,,,,**Hades → Curse of the Dead Gods** — same as **Diablo → Curse of the Dead Gods**,,,on sheet,,,con-hades--curse-of-the-dead-gods
Roboquest,Deadzone: Rogue,,,,"**Roboquest → Deadzone: Rogue** *(no connections yet)* — ""Pluto"", answering ""How is this game compared to Roboquest?"": ""Roboquest's a great game! Definitely helped inspire some of our gameplay. We will have crossplay enabled once our game goes live on consoles…"" — [Steam forum](https://steamcommunity.com/app/3228590/discussions/0/591779267908673222/#c591779267908675739) *(Pluto's reply carries Steam's developer badge, so this is the developer)*",https://steamcommunity.com/app/3228590/discussions/0/591779267908673222/#c591779267908675739,,on sheet,,,con-roboquest--deadzone-rogue
Nuclear Throne,Death Road to Canada,,,,"**Nuclear Throne → Death Road to Canada** — Kepa Auwae: ""Wasteland Kings was also an inspiration for the animations."" *(Wasteland Kings = Nuclear Throne's prototype title)* — [Cheerful Ghost interview](https://cheerfulghost.com/jdodson/posts/1590/interview-with-death-road-to-canada-s-kepa-auwae)",https://cheerfulghost.com/jdodson/posts/1590/interview-with-death-road-to-canada-s-kepa-auwae,,on sheet,,,con-nuclear-throne--death-road-to-canada
Diablo,Demonlore,,,,"**Diablo → Demonlore** *(one feature: some enemy encounters; Demonlore has no connections today)* — the game's own website, in its FAQ: ""Demonlore was primarily inspired by games like Plants vs Zombies, Tapper & Pokémon, but also takes influence from some aspects of ARPG games like Diablo for some enemy encounters."" *(Plants vs Zombies, Tapper and the main Pokémon series aren't on the chart. Found by the new `site` scan; the first pass had read only its press kit.)* — [demonlore.com](https://www.demonlore.com)",https://www.demonlore.com,,on sheet,,,con-diablo--demonlore
Dota Auto Chess,Despot's Game,,,,"**Dota Auto Chess → Despot's Game** — Nikolai Kuznetsov (Konfa Games): «На месте ""X"" были, например, ""Герои меча и магии"", Beat Cop в России и Auto Chess. Победили последние.» (""For 'X' [take X, add permadeath and randomness] we had Heroes of Might and Magic, Beat Cop and Auto Chess. The last one won."") Also: the class abilities ""это тоже от Auto Chess"" (""are also from Auto Chess""). *(Says ""Auto Chess""; the sheet's row is `Dota Auto Chess`.)* — [DTF interview](https://dtf.ru/gamedev/141739-otzyvy-i-obshenie-na-meropriyatiyah-uchat-luchshe-lyubyh-kursov-beseda-s-avtorom-rogalika-despots-game)",https://dtf.ru/gamedev/141739-otzyvy-i-obshenie-na-meropriyatiyah-uchat-luchshe-lyubyh-kursov-beseda-s-avtorom-rogalika-despots-game,,on sheet,,,con-dota-auto-chess--despot-s-game
Inscryption,Dice A Million,,,,"**Inscryption → Dice A Million** — countlessnights, its developer, a month after launch: ""A year and a half ago I was coming up with an idea for a dice roguelike. Combining elements of games I love like Balatro, The Binding Of Isaac or Inscryption, I quickly made a fun prototype."" *(Balatro and Isaac are already rows; this is a first-hand source for both, see section 4.)* — [Steam dev post, ""Dice A Million: A Month Later""](https://store.steampowered.com/news/app/3430340/view/1827626365768538)",https://store.steampowered.com/news/app/3430340/view/1827626365768538,,on sheet,,,con-inscryption--dice-a-million
Into the Breach,Dome Keeper,,,,"**Into the Breach → Dome Keeper** — ""the biggest influences on Dome Keeper are Kingdom and Into the Breach."" — [Steam dev post](https://steamcommunity.com/games/1637320/announcements/detail/4673137508062083951)",https://steamcommunity.com/games/1637320/announcements/detail/4673137508062083951,,on sheet,,,con-into-the-breach--dome-keeper
Uma Musume: Pretty Derby,Drapline,,,,"**Uma Musume: Pretty Derby → Drapline** *(both have no connections yet)* — KANAWO: 「主に『プリンセスメーカー』や『ウマ娘 プリティーダービー』、『モンスターファーム』などの育成シミュレーションゲームは理想形として大いに参考にしています。」 (""We referenced raising sims like Princess Maker, Uma Musume Pretty Derby and Monster Rancher heavily, as the ideal form."") — [Game*Spark interview](https://www.gamespark.jp/article/2025/07/24/155340.html)",https://www.gamespark.jp/article/2025/07/24/155340.html,,on sheet,,,con-uma-musume-pretty-derby--drapline
Dwarf Fortress,Dungeons of Dredmor,,,,"**Dwarf Fortress → Dungeons of Dredmor** — same quote as **Linley's Dungeon Crawl → Dungeons of Dredmor** (""We also shamelessly lifted a few ideas from Dwarf Fortress"")",,,on sheet,,,con-dwarf-fortress--dungeons-of-dredmor
Linley's Dungeon Crawl,Dungeons of Dredmor,,,,"**Linley's Dungeon Crawl → Dungeons of Dredmor** — Nicholas Vining (Gaslamp Games), asked where the inspiration came from: ""A lot of the inspiration for Dredmor-as-a-roguelike can be traced to Linley's Dungeon Crawl, which I was playing when we started development. We also shamelessly lifted a few ideas from Dwarf Fortress. Our skill system was inspired by a lesser-known roguelike called Lost Labyrinth, although we ended up simplifying it and streamlining it by not letting you take negative picks. The Chunsoft roguelike oeuvre -- Torneko no Daibouken, in particular, was very influential when we tried to figure out how to build a simplified roguelike."" *(The sheet's only influence on Dredmor used to be NetHack, from RogueBasin; that row was dropped when these four went on.)* — [Game Career Guide interview](http://www.gamecareerguide.com/features/977/gaslamp_games_on_its_indie_.php) *(the page now redirects; GameBanshee quotes the answer in full: [GameBanshee](https://www.gamebanshee.com/news/104059-dungeons-of-dredmor-review-interview-and-patch-update.html))*","http://www.gamecareerguide.com/features/977/gaslamp_games_on_its_indie_.php
https://www.gamebanshee.com/news/104059-dungeons-of-dredmor-review-interview-and-patch-update.html",,on sheet,,,con-linley-s-dungeon-crawl--dungeons-of-dredmor
Lost Labyrinth,Dungeons of Dredmor,,,,"**Lost Labyrinth → Dungeons of Dredmor** *(the skill system)* — same quote as **Linley's Dungeon Crawl → Dungeons of Dredmor** (""Our skill system was inspired by a lesser-known roguelike called Lost Labyrinth"")",,,on sheet,,,con-lost-labyrinth--dungeons-of-dredmor
Torneko's Great Adventure: Mystery Dungeon,Dungeons of Dredmor,,,,"**Torneko's Great Adventure: Mystery Dungeon → Dungeons of Dredmor** — same quote as **Linley's Dungeon Crawl → Dungeons of Dredmor** (""Torneko no Daibouken, in particular, was very influential"")",,,on sheet,,,con-torneko-s-great-adventure-mystery-dungeon--dungeons-of-dredmor
Skul: The Hero Slayer,Dunjungle,,,,"**Skul: The Hero Slayer → Dunjungle** — Bruno (BruBomb), its one developer, announcing the demo: ""Dunjungle is a 2d Action-Packed Roguelike about an ape adventuring into a mysterious jungle to find his lost human friend. Inspired by Action Roguelikes such as Dead Cells, Rogue Legacy, Skul."" *(Dead Cells and Rogue Legacy are already on the chart for it.)* — [itch.io devlog](https://brubomb.itch.io/dunjungle/devlog/579365/dunjungle-demo-is-available)",https://brubomb.itch.io/dunjungle/devlog/579365/dunjungle-demo-is-available,,on sheet,,,con-skul-the-hero-slayer--dunjungle
Downwell,Exit the Gungeon,,,,"**Downwell → Exit the Gungeon** — Dave Crooks (Dodge Roll): ""It started closer to a hybrid between Super Crate Box and shoot 'em ups like The Raiden Project than Enter the Gungeon. It later incorporated more and more features from Gungeon, becoming a more 'traditional' bullet hell game, and Downwell was a touchstone for us in terms of level flow and game speed."" — [Game Developer](https://www.gamedeveloper.com/design/building-i-enter-the-gungeon-i-s-dungeon-climbing-spin-off-i-exit-the-gungeon-i-)",https://www.gamedeveloper.com/design/building-i-enter-the-gungeon-i-s-dungeon-climbing-spin-off-i-exit-the-gungeon-i-,,on sheet,,,con-downwell--exit-the-gungeon
Spelunky Classic,Feed the Deep,,,,"**Spelunky Classic → Feed the Deep** — ""inspired by the likes of Dome Keeper and Spelunky"" *(the sheet already had it as Spelunky Classic; this is the first-hand source for that row)* — [Steam store page](https://store.steampowered.com/app/2332260/)",https://store.steampowered.com/app/2332260/,,on sheet,,,con-spelunky-classic--feed-the-deep
Backpack Hero,Footgun: Underground,,,,"**Backpack Hero → Footgun: Underground** — ""Games like Backpack Heroes and Peglin were particularly impactful…"" — [Rogueliker interview](https://rogueliker.com/footgun-underground-interview/)",https://rogueliker.com/footgun-underground-interview/,,on sheet,,,con-backpack-hero--footgun-underground
Brotato,Footgun: Underground,,,,"**Brotato → Footgun: Underground** — ""Brotato was where we got the idea of the merge mechanic for the item upgrade system."" — [Rogueliker interview](https://rogueliker.com/footgun-underground-interview/)",https://rogueliker.com/footgun-underground-interview/,,on sheet,,,con-brotato--footgun-underground
Peglin,Footgun: Underground,,,,**Peglin → Footgun: Underground** — same quote as **Backpack Hero → Footgun: Underground** — [Rogueliker interview](https://rogueliker.com/footgun-underground-interview/),https://rogueliker.com/footgun-underground-interview/,,on sheet,,,con-peglin--footgun-underground
Weird Worlds: Return to Infinite Space,FTL,,,,"**Weird Worlds: Return to Infinite Space → FTL** — Subset Games: ""The core gameplay interactions were largely inspired by boardgames like Red November and Battlestar Galactica while the pacing and exploration was influenced by computer games like Weird Worlds and Spelunky."" — [RPG Codex interview](https://rpgcodex.net/content.php?id=8133)",https://rpgcodex.net/content.php?id=8133,,on sheet,,,con-weird-worlds-return-to-infinite-space--ftl
Shattered Pixel Dungeon,Fushigi no Pixel Dungeon,,yes,,"**Shattered Pixel Dungeon → Fushigi no Pixel Dungeon** *(Dev/Series Relation: it's a mod of it)*, **Mystery Dungeon 2: Shiren the Wanderer → Fushigi no Pixel Dungeon** — the mod's README: ""Based on the source code of Pixel Dungeon, by Watabou, and Shattered Pixel Dungeon, by Evan. Lots of contents of the mod are taken from Fushigi no Dungeon - Fuurai no Shiren (also called Mystery Dungeon: Shiren the Wanderer)."" *(Under the sequel rule, Shattered rather than Pixel Dungeon.)* — [GitHub README](https://github.com/HappyAlfred/fushigi-no-pixel-dungeon)",https://github.com/HappyAlfred/fushigi-no-pixel-dungeon,,on sheet,,,con-shattered-pixel-dungeon--fushigi-no-pixel-dungeon
Mystery Dungeon 2: Shiren the Wanderer,Fushigi no Pixel Dungeon,,yes,,"**Shattered Pixel Dungeon → Fushigi no Pixel Dungeon** *(Dev/Series Relation: it's a mod of it)*, **Mystery Dungeon 2: Shiren the Wanderer → Fushigi no Pixel Dungeon** — the mod's README: ""Based on the source code of Pixel Dungeon, by Watabou, and Shattered Pixel Dungeon, by Evan. Lots of contents of the mod are taken from Fushigi no Dungeon - Fuurai no Shiren (also called Mystery Dungeon: Shiren the Wanderer)."" *(Under the sequel rule, Shattered rather than Pixel Dungeon.)* — [GitHub README](https://github.com/HappyAlfred/fushigi-no-pixel-dungeon)",https://github.com/HappyAlfred/fushigi-no-pixel-dungeon,,on sheet,,,con-mystery-dungeon-2-shiren-the-wanderer--fushigi-no-pixel-dungeon
Ancient Domains of Mystery,GearHead,,,,"**Ancient Domains of Mystery → GearHead** — Joseph Hewitt, asked ""What other games inspired you to make Gearhead?"": ""The games that inspired me include ADOM, MechFight, Fallout, Flames of Freedom, Porto Estado, and Virtual Reality Whack-A-Mole."" *(Only ADOM is on the chart. The sheet has Hack → GearHead, sourced to RogueBasin.)* — [RPG Codex interview, June 2004](https://rpgcodex.net/content.php?id=102)",https://rpgcodex.net/content.php?id=102,,on sheet,,,con-ancient-domains-of-mystery--gearhead
Balatro,Glyphica: Typing Survival,,,,"**Balatro → Glyphica: Typing Survival** *(one feature)* — ""We envision augmentations to be like Balatro's jokers, and players' favorite augmentations can be equipped to suit their playstyle."" — [Steam dev post](https://steamcommunity.com/games/2400160/announcements/detail/4686648941196507636)",https://steamcommunity.com/games/2400160/announcements/detail/4686648941196507636,,on sheet,,,con-balatro--glyphica-typing-survival
Brotato,Gnomes,,,,"**Brotato → Gnomes**, **Loop Hero → Gnomes**, **Tiny Rogues → Gnomes** *(no connections today; medium: the interviewer relaying the developer, not a direct quote)* — Chris Zukowski: ""Tommy said that other than Tower Defense games his specific influences were the shop of Brotato, the adjacency perk system came straight out of Loop Hero, and Tiny Rogues also was an important influence."" — [How To Market A Game](https://howtomarketagame.com/2025/08/13/gnomes-tower-defense-with-10-month-dev-time-hits-367484/)",https://howtomarketagame.com/2025/08/13/gnomes-tower-defense-with-10-month-dev-time-hits-367484/,,on sheet,,,con-brotato--gnomes
Loop Hero,Gnomes,,,,"**Brotato → Gnomes**, **Loop Hero → Gnomes**, **Tiny Rogues → Gnomes** *(no connections today; medium: the interviewer relaying the developer, not a direct quote)* — Chris Zukowski: ""Tommy said that other than Tower Defense games his specific influences were the shop of Brotato, the adjacency perk system came straight out of Loop Hero, and Tiny Rogues also was an important influence."" — [How To Market A Game](https://howtomarketagame.com/2025/08/13/gnomes-tower-defense-with-10-month-dev-time-hits-367484/)",https://howtomarketagame.com/2025/08/13/gnomes-tower-defense-with-10-month-dev-time-hits-367484/,,on sheet,,,con-loop-hero--gnomes
Tiny Rogues,Gnomes,,,,"**Brotato → Gnomes**, **Loop Hero → Gnomes**, **Tiny Rogues → Gnomes** *(no connections today; medium: the interviewer relaying the developer, not a direct quote)* — Chris Zukowski: ""Tommy said that other than Tower Defense games his specific influences were the shop of Brotato, the adjacency perk system came straight out of Loop Hero, and Tiny Rogues also was an important influence."" — [How To Market A Game](https://howtomarketagame.com/2025/08/13/gnomes-tower-defense-with-10-month-dev-time-hits-367484/)",https://howtomarketagame.com/2025/08/13/gnomes-tower-defense-with-10-month-dev-time-hits-367484/,,on sheet,,,con-tiny-rogues--gnomes
Backpack Hero,God of Weapons,,,,"**Backpack Hero → God of Weapons** — ""Backpack Hero is the inspiration for the Inventory Management part of our game"" — [Steam dev post](https://steamcommunity.com/games/2342950/announcements/detail/3801662447199262264)",https://steamcommunity.com/games/2342950/announcements/detail/3801662447199262264,,on sheet,,,con-backpack-hero--god-of-weapons
Diablo,God of Weapons,,,,"**Diablo → God of Weapons** — ""I just so happen to grow up with Diablo, so the gem system is our way of bringing the classics into our game."" — [Steam dev post](https://steamcommunity.com/games/2342950/announcements/detail/524208404882784298)",https://steamcommunity.com/games/2342950/announcements/detail/524208404882784298,,on sheet,,,con-diablo--god-of-weapons
The Binding of Isaac,GoNNER,,,,"**The Binding of Isaac → GoNNER**, **Enter the Gungeon → GoNNER** — Ditto (Art in Heart), in the r/nintendo launch thread the sheet already cites for Downwell, asked ""What are some of the roguelikes that inspired you the most?"": ""\""Roguelikes\"" that I've played obsessively include: Downwell, Nuclear Throne, Binding of Isaac, Enter the Gungeon and Spelunky! Other games that inspired me for GoNNER was Hotline Miami, Mega Man, Super Meat boy and probably a handful more?"" *(Downwell, Nuclear Throne and Spelunky Classic are already rows; this is a first-hand source for all three.)* — [Reddit comment](https://www.reddit.com/r/nintendo/comments/6k942k/yo_we_made_gonner_and_it_just_came_out_on_the/djkavl3/)",https://www.reddit.com/r/nintendo/comments/6k942k/yo_we_made_gonner_and_it_just_came_out_on_the/djkavl3/,,on sheet,,,con-the-binding-of-isaac--gonner
Enter the Gungeon,GoNNER,,,,"**The Binding of Isaac → GoNNER**, **Enter the Gungeon → GoNNER** — Ditto (Art in Heart), in the r/nintendo launch thread the sheet already cites for Downwell, asked ""What are some of the roguelikes that inspired you the most?"": ""\""Roguelikes\"" that I've played obsessively include: Downwell, Nuclear Throne, Binding of Isaac, Enter the Gungeon and Spelunky! Other games that inspired me for GoNNER was Hotline Miami, Mega Man, Super Meat boy and probably a handful more?"" *(Downwell, Nuclear Throne and Spelunky Classic are already rows; this is a first-hand source for all three.)* — [Reddit comment](https://www.reddit.com/r/nintendo/comments/6k942k/yo_we_made_gonner_and_it_just_came_out_on_the/djkavl3/)",https://www.reddit.com/r/nintendo/comments/6k942k/yo_we_made_gonner_and_it_just_came_out_on_the/djkavl3/,,on sheet,,,con-enter-the-gungeon--gonner
Darkest Dungeon,Gordian Quest,,,,"**Darkest Dungeon → Gordian Quest**, **Diablo → Gordian Quest** — Mixed Realms, under ""Our inspirations, and vision for the game"": ""these days, we look to titles like Darkest Dungeon, Slay the Spire and Path of Exile. As for our vision, we want to provide the answer to these two questions: - What if action RPGs like Diablo came in a turn-based, card battle format?"" *(Gordian Quest isn't degree 1; this turned up in the same sweep. Slay the Spire is already on the sheet.)* — [Steam dev post](https://steamcommunity.com/games/981430/announcements/detail/3728349046587300862)",https://steamcommunity.com/games/981430/announcements/detail/3728349046587300862,,on sheet,,,con-darkest-dungeon--gordian-quest
Diablo,Gordian Quest,,,,"**Darkest Dungeon → Gordian Quest**, **Diablo → Gordian Quest** — Mixed Realms, under ""Our inspirations, and vision for the game"": ""these days, we look to titles like Darkest Dungeon, Slay the Spire and Path of Exile. As for our vision, we want to provide the answer to these two questions: - What if action RPGs like Diablo came in a turn-based, card battle format?"" *(Gordian Quest isn't degree 1; this turned up in the same sweep. Slay the Spire is already on the sheet.)* — [Steam dev post](https://steamcommunity.com/games/981430/announcements/detail/3728349046587300862)",https://steamcommunity.com/games/981430/announcements/detail/3728349046587300862,,on sheet,,,con-diablo--gordian-quest
FTL,Guild of Dungeoneering,,,,"**FTL → Guild of Dungeoneering** — Colm Larkin: ""Design inspirations to me were playing games like FTL and Spelunky which took the rogue-like idea and ran with it."" — [Gamasutra interview](https://www.gamedeveloper.com/business/paper-heroes-colm-larkin-and-guild-of-dungeoneering)",https://www.gamedeveloper.com/business/paper-heroes-colm-larkin-and-guild-of-dungeoneering,,on sheet,,,con-ftl--guild-of-dungeoneering
Spelunky Classic,Guild of Dungeoneering,,,,**Spelunky Classic → Guild of Dungeoneering** *(the quote says Spelunky; added as Spelunky Classic)* — same quote as **FTL → Guild of Dungeoneering**,,,on sheet,,,con-spelunky-classic--guild-of-dungeoneering
Darkest Dungeon,Hades,,,,**Darkest Dungeon → Hades** — same quote as **Enter the Gungeon → Hades**,,,on sheet,,,con-darkest-dungeon--hades
Dead Cells,Hades,,,,"**Dead Cells → Hades** — journalist paraphrase: ""He also singles out Dead Cells for its crisp, responsive feel"" — [GamesRadar](https://www.gamesradar.com/modern-roguelikes-are-in-great-shape-but-where-does-the-genre-go-next/)",https://www.gamesradar.com/modern-roguelikes-are-in-great-shape-but-where-does-the-genre-go-next/,,on sheet,,,con-dead-cells--hades
Enter the Gungeon,Hades,,,,"**Enter the Gungeon → Hades** — Greg Kasavin: ""Enter The Gungeon, The Binding Of Isaac, Darkest Dungeon, Spelunky, Rogue Legacy and Wizard Of Legend were just a few of the games we looked at that had excellent lessons in their structure and moment-to-moment play."" — [GamesRadar](https://www.gamesradar.com/modern-roguelikes-are-in-great-shape-but-where-does-the-genre-go-next/)",https://www.gamesradar.com/modern-roguelikes-are-in-great-shape-but-where-does-the-genre-go-next/,,on sheet,,,con-enter-the-gungeon--hades
Rogue Legacy,Hades,,,,**Rogue Legacy → Hades** — same quote as **Enter the Gungeon → Hades**,,,on sheet,,,con-rogue-legacy--hades
Slay the Spire,Hades,,,,"**Slay the Spire → Hades** — journalist paraphrase: ""…and Slay The Spire for its character choices and endgame Ascension modes"" — same as **Dead Cells → Hades**",,,on sheet,,,con-slay-the-spire--hades
Spelunky Classic,Hades,,,,**Spelunky Classic → Hades** *(the quote says Spelunky; added as Spelunky Classic)* — same quote as **Enter the Gungeon → Hades**,,,on sheet,,,con-spelunky-classic--hades
The Binding of Isaac,Hades,,,,**The Binding of Isaac → Hades** — same quote as **Enter the Gungeon → Hades**,,,on sheet,,,con-the-binding-of-isaac--hades
Wizard of Legend,Hades,,,,**Wizard of Legend → Hades** — same quote as **Enter the Gungeon → Hades**,,,on sheet,,,con-wizard-of-legend--hades
FTL,Heading Out,,,,"**FTL → Heading Out** *(one feature: the strategy map; Heading Out has no connections today)* — Tomasz Pstrągowski (lead writer, Serious Sim), asked what inspired mixing so many kinds of game: ""As far as inspiration goes, there was a lot. Here are some of them: The Driver series (aesthetics), Interstate 76 (70s vibe), GTA (radio hosts), FTL: Faster Than Light (strategy map), Need for Speed: The Run (story structure), Fallout 1 & 2 (random encounters)"", plus road movies and novels. *(Only FTL is on the chart. Shacknews's ""Grand Theft Auto, and Rogue into a blender"" is the journalist's line, not the studio's.)* — [Tech4Gamers interview](https://tech4gamers.com/heading-out-interview/)",https://tech4gamers.com/heading-out-interview/,,on sheet,,,con-ftl--heading-out
FTL,Heat Signature,,,,"**FTL → Heat Signature** — Tom Francis: ""Partly inspired by FTL, I show everything I can in 'natural' numbers."" — [pentadact dev blog](https://www.pentadact.com/2015-09-25-natural-numbers-in-game-design/)",https://www.pentadact.com/2015-09-25-natural-numbers-in-game-design/,,on sheet,,,con-ftl--heat-signature
Spelunky Classic,Heavy Bullets,,,,"**Spelunky Classic → Heavy Bullets** *(the quote says ""Spelunky""; added under Spelunky Classic)* — Terri Vellmann: ""A dificuldade acho que teve muita influencia de jogos que tenho jogado como Spelunky, Hotline Miami e outros, onde o jogador realmente precisa conquistar a vitória, e não recebe tudo de mão beijada."" (""I think the difficulty was heavily influenced by games I've been playing like Spelunky, Hotline Miami and others, where the player really has to earn the win and isn't handed everything."") — [Rubber Chicken Games interview](https://rubberchickengames.com/2014/10/14/entrevista-a-terri-vellmann-criador-de-heavy-bullets/). Also, in English: ""I like how those mechanics work, and the randomized level generation is something I'm interested in not only in playing, but also from the development point of view."" — [Game Developer](https://www.gamedeveloper.com/design/-i-heavy-bullets-i-is-modern-day-indie-game-development-dressed-in-90s-neon)","https://rubberchickengames.com/2014/10/14/entrevista-a-terri-vellmann-criador-de-heavy-bullets/
https://www.gamedeveloper.com/design/-i-heavy-bullets-i-is-modern-day-indie-game-development-dressed-in-90s-neon",,on sheet,,,con-spelunky-classic--heavy-bullets
Magic Survival,HoloCure: Save the Fans!,,,,"**Magic Survival → HoloCure: Save the Fans!** — ""gameplay heavily inspired by Vampire Survivors and Magic Survival"" — [Steam store page](https://store.steampowered.com/app/2420510/)",https://store.steampowered.com/app/2420510/,,on sheet,,,con-magic-survival--holocure-save-the-fans
Desktop Dungeons,I Am Overburdened,,,,"**Desktop Dungeons → I Am Overburdened** — Spidi (Magic Item Tech, its one developer), in his postmortem, on where the game came from: ""I really liked the more casual and puzzle-y take on the roguelike genre like the classic Tower of the sorcerer game, or the more recent Desktop dungeons and the Enchanted cave games so I set out to create my own take."" *(Tower of the Sorcerer and The Enchanted Cave aren't on the chart. Its two rows today, Dungeons of Dredmor and Lost Labyrinth, come from RogueBasin; see section 4.)* — [Game Developer](https://www.gamedeveloper.com/business/i-am-overburdened-recap-and-numbers)",https://www.gamedeveloper.com/business/i-am-overburdened-recap-and-numbers,,on sheet,,,con-desktop-dungeons--i-am-overburdened
Enter the Gungeon,Immortal Redneck,,,,"**Enter the Gungeon → Immortal Redneck** — Paños (Crema), asked which past games influenced it: ""we took many things from many games: Redneck Rampage, Doom, Quake, Unreal Tournament, Serious Sam, Rogue Legacy, Enter the Gungeon, Spelunky…"" — [Review Fix interview](https://reviewfix.com/2018/03/review-fix-exclusive-inside-immortal-redneck/)",https://reviewfix.com/2018/03/review-fix-exclusive-inside-immortal-redneck/,,on sheet,,,con-enter-the-gungeon--immortal-redneck
Spelunky Classic,Immortal Redneck,,,,**Spelunky Classic → Immortal Redneck** — same quote as **Enter the Gungeon → Immortal Redneck** *(the sheet has both Spelunky and Spelunky Classic; added as Spelunky Classic)*,,,on sheet,,,con-spelunky-classic--immortal-redneck
Ziggurat,Immortal Redneck,,,,"**Ziggurat → Immortal Redneck** — Crema's devlog: ""INSPIRATION: Our main references are Ziggurat and Rogue Legacy, but there are bits of other roguelites here and there as well as some old school shooters."" — [itch.io devlog](https://itch.io/t/9805/immortal-redneck-the-definitive-redneck-fps-roguelite)",https://itch.io/t/9805/immortal-redneck-the-definitive-redneck-fps-roguelite,,on sheet,,,con-ziggurat--immortal-redneck
The Binding of Isaac,Keeper's Toll,,,,"**The Binding of Isaac → Keeper's Toll** — Stingbot Games, at the start of Early Access: ""We are blending elements of traditional roguelikes such as Binding of Isaac with the horde culling base of Vampire Survivors and building around unique mechanics and skill."" — [Steam dev post, ""Early Access Begins!""](https://store.steampowered.com/news/app/2002220/view/5138087875073721437)",https://store.steampowered.com/news/app/2002220/view/5138087875073721437,,on sheet,,,con-the-binding-of-isaac--keeper-s-toll
Peglin,Kill the Brickman,,,,"**Peglin → Kill the Brickman** — ""Peglin, one of our biggest inspirations when Making Kill the Brickman"" — [Steam dev post](https://steamcommunity.com/games/3123120/announcements/detail/502834694432228039)",https://steamcommunity.com/games/3123120/announcements/detail/502834694432228039,,on sheet,,,con-peglin--kill-the-brickman
Hoplite,Let's! Revolution!,,,,"**Hoplite → Let's! Revolution!**, **Into the Breach → Let's! Revolution!** *(no connections today)* — BUCK's own postmortem: ""Unlike in Hoplite or Into the Breach (which quickly became two of our big inspirations for the turn-based combat), enemies in Let's! Revolution! attack regardless of the player's position, effectively giving them infinite range."" — [Game Developer](https://www.gamedeveloper.com/production/prototyping-i-let-s-revolution-i-transforming-i-minesweeper-i-into-a-turn-based-strategy-roguelike)",https://www.gamedeveloper.com/production/prototyping-i-let-s-revolution-i-transforming-i-minesweeper-i-into-a-turn-based-strategy-roguelike,,on sheet,,,con-hoplite--let-s-revolution
Into the Breach,Let's! Revolution!,,,,"**Hoplite → Let's! Revolution!**, **Into the Breach → Let's! Revolution!** *(no connections today)* — BUCK's own postmortem: ""Unlike in Hoplite or Into the Breach (which quickly became two of our big inspirations for the turn-based combat), enemies in Let's! Revolution! attack regardless of the player's position, effectively giving them infinite range."" — [Game Developer](https://www.gamedeveloper.com/production/prototyping-i-let-s-revolution-i-transforming-i-minesweeper-i-into-a-turn-based-strategy-roguelike)",https://www.gamedeveloper.com/production/prototyping-i-let-s-revolution-i-transforming-i-minesweeper-i-into-a-turn-based-strategy-roguelike,,on sheet,,,con-into-the-breach--let-s-revolution
Inscryption,Lethal Dungeon,,,,"**Inscryption → Lethal Dungeon** — にほへ (Nihohe Soft): 「『Inscryption』や『Shadowverse』など色んなカードゲームにも影響を受けていますが、『Baba Is You』には特に影響を受けています。」 (""I was influenced by card games like Inscryption and Shadowverse, and especially by Baba Is You."") *(Baba Is You isn't on the chart.)* — [Game*Spark interview](https://www.gamespark.jp/article/2026/05/10/166209.html)",https://www.gamespark.jp/article/2026/05/10/166209.html,,on sheet,,,con-inscryption--lethal-dungeon
Hades,Lost Eidolons: Veil of the Witch,,,,"**Hades → Lost Eidolons: Veil of the Witch**, **Slay the Spire → Lost Eidolons: Veil of the Witch** — Ocean Drive Studio: ""I'll save the details for another day, but for now I'll simply say that I'm a huge fan of games like Hades and Slay the Spire, and they've had a huge influence on Veil of the Witch."" — [Steam dev post](https://steamcommunity.com/games/2530490/announcements/detail/3658666178359170700). Also ""Hades and Slay the Spire were among our inspirations as we outlined the project."" — [Steam dev post](https://steamcommunity.com/games/2530490/announcements/detail/3731854112018763136)","https://steamcommunity.com/games/2530490/announcements/detail/3658666178359170700
https://steamcommunity.com/games/2530490/announcements/detail/3731854112018763136",,on sheet,,,con-hades--lost-eidolons-veil-of-the-witch
Slay the Spire,Lost Eidolons: Veil of the Witch,,,,"**Hades → Lost Eidolons: Veil of the Witch**, **Slay the Spire → Lost Eidolons: Veil of the Witch** — Ocean Drive Studio: ""I'll save the details for another day, but for now I'll simply say that I'm a huge fan of games like Hades and Slay the Spire, and they've had a huge influence on Veil of the Witch."" — [Steam dev post](https://steamcommunity.com/games/2530490/announcements/detail/3658666178359170700). Also ""Hades and Slay the Spire were among our inspirations as we outlined the project."" — [Steam dev post](https://steamcommunity.com/games/2530490/announcements/detail/3731854112018763136)","https://steamcommunity.com/games/2530490/announcements/detail/3658666178359170700
https://steamcommunity.com/games/2530490/announcements/detail/3731854112018763136",,on sheet,,,con-slay-the-spire--lost-eidolons-veil-of-the-witch
Into the Breach,Lost For Swords,,,,"**Into the Breach → Lost For Swords** — Max (MaxBytes), its developer, in the r/iosgaming thread the sheet already cites for its other rows, asked about a Switch release: ""I eventually want to release this on the switch too! Until then, my switch recommendations would be Slay The Spire and Into The Breach. Both inspirations for Lost For Swords and incredible games!"" *(Slay the Spire is already on the chart for it.)* — [Reddit comment](https://www.reddit.com/r/iosgaming/comments/1hjehh9/lost_for_swords_a_dungeon_crawler_focusing_on/mbg6to4/)",https://www.reddit.com/r/iosgaming/comments/1hjehh9/lost_for_swords_a_dungeon_crawler_focusing_on/mbg6to4/,,on sheet,,,con-into-the-breach--lost-for-swords
Luck be a Landlord,Maze Mice,,yes,,"**Luck be a Landlord → Maze Mice** *(Dev/Series Relation)* — ""Gameplay designed by the same solo developer who brought you Luck be a Landlord."" — [Steam store page](https://store.steampowered.com/app/3385370/)",https://store.steampowered.com/app/3385370/,,on sheet,,,con-luck-be-a-landlord--maze-mice
Hades,Metallic Child,,,,"**Hades → Metallic Child** — 한대훈 (Han Dae-hoon, director): 「하데스를 플레이했는데, 너무 잘 만들었던 거죠… 거기서 자극을 받았고… 기준치가 올라간 거죠.」 (""I played Hades and it was so well made… I was spurred on by it, and my bar went up."") He gives this as why development ran three years instead of one. — [Ruliweb interview](https://bbs.ruliweb.com/news/read/152932)",https://bbs.ruliweb.com/news/read/152932,,on sheet,,,con-hades--metallic-child
Mystery Dungeon 2: Shiren the Wanderer,Million Depth,,,,"**Mystery Dungeon 2: Shiren the Wanderer → Million Depth** — αPop (director): 「ゲームシステムの面では、『風来のシレン』シリーズから影響を受けています。」 (""On the game-system side, it was influenced by the Shiren the Wanderer series."") He names *Shiren 6 (Serpentcoil Island)* as his favourite game. The quote is about the series; added as `Mystery Dungeon 2: Shiren the Wanderer`. — [Game*Spark interview](https://www.gamespark.jp/article/2025/12/23/160936.html)",https://www.gamespark.jp/article/2025/12/23/160936.html,,on sheet,,,con-mystery-dungeon-2-shiren-the-wanderer--million-depth
Inkbound,Monster Train 2,,yes,,"**Inkbound → Monster Train 2** *(Dev/Series Relation; one feature)* — ModusPwnenz (Shiny Shoe design team): ""The idea behind the swappable Pyre Hearts was similar to the trinkets from Inkbound"" — [Steam dev post](https://steamcommunity.com/games/2742830/announcements/detail/572625355297261274)",https://steamcommunity.com/games/2742830/announcements/detail/572625355297261274,,on sheet,,,con-inkbound--monster-train-2
Hades,Moonlighter 2: The Endless Vault,,,,"**Hades → Moonlighter 2: The Endless Vault** — Israel Mallén (Digital Sun): ""you've seen that the progression is clearly inspired by Hades in terms of choosing your path, choosing which upgrade you want. It's a huge inspiration"" — [TheGamer](https://www.thegamer.com/moonlighter-2-the-endless-vault-preview-inteview-hades-inspired/). Also Luis Pérez (co-design director): ""We take less of a Binding of Isaac approach and more of a Hades approach to the map."" — [Game Rant](https://gamerant.com/moonlighter-2-endless-vault-interview/)","https://www.thegamer.com/moonlighter-2-the-endless-vault-preview-inteview-hades-inspired/
https://gamerant.com/moonlighter-2-endless-vault-interview/",,on sheet,,,con-hades--moonlighter-2-the-endless-vault
Returnal,Morbid Metal,,,,"**Returnal → Morbid Metal** — Felix Schade, on the level structure: ""The way this is structured is very much inspired by games like Returnal and partly Risk of Rain 2."" *(Risk of Rain 2 is already on the sheet)* — [GamingBolt interview](https://gamingbolt.com/morbid-metal-interview-shapeshifting-level-design-combat-and-more)",https://gamingbolt.com/morbid-metal-interview-shapeshifting-level-design-combat-and-more,,on sheet,,,con-returnal--morbid-metal
Spelunky Classic,Mr. Sun's Hatbox,,,,"**Spelunky Classic → Mr. Sun's Hatbox** *(the sheet already had it as Spelunky Classic)* — Kenny Sun: ""I stole that idea and combined it with elements from another favorite game of mine, Spelunky."" and ""I stole the boomerang from Spelunky"" — [Road to the IGF 2023](https://www.gamedeveloper.com/road-to-igf-2023/road-to-the-igf-2023-kenny-sun-s-mr-sun-s-hatbox) *(the sheet has only Spelunky Classic as an influence; from the timing this is Spelunky, 2012)*",https://www.gamedeveloper.com/road-to-igf-2023/road-to-the-igf-2023-kenny-sun-s-mr-sun-s-hatbox,,on sheet,,,con-spelunky-classic--mr-sun-s-hatbox
NetHack,Mystery Dungeon 2: Shiren the Wanderer,,,,"**NetHack → Mystery Dungeon 2: Shiren the Wanderer** — Koichi Nakamura (Chunsoft), asked why Shiren got an original hero rather than a Torneko sequel: ""When Nethack came out, it was an evolution on Rogue, and allowed for thrilling new actions like being able to steal from the shops inside dungeons. We wanted to replicate that excitement with our next roguelike game. But Torneko was a merchant and it would be weird for him to steal."" *(Shmuplations' English translation of Chunsoft's 30th-anniversary interview.)* — [shmuplations](https://shmuplations.com/chunsoft30th/)",https://shmuplations.com/chunsoft30th/,,on sheet,,,con-nethack--mystery-dungeon-2-shiren-the-wanderer
Dead Cells,Neon Abyss,,,,**Dead Cells → Neon Abyss** — same quote as **Enter the Gungeon → Neon Abyss**,,,on sheet,,,con-dead-cells--neon-abyss
Enter the Gungeon,Neon Abyss,,,,"**Enter the Gungeon → Neon Abyss** — Yop (lead designer): ""for Neon Abyss, we drew more inspiration from well-known roguelikes like The Binding of Isaac, Enter the Gungeon, and Dead Cells."" — [GameGrin interview](https://www.gamegrin.com/articles/developer-interview-neon-abyss-2-veewo-games/)",https://www.gamegrin.com/articles/developer-interview-neon-abyss-2-veewo-games/,,on sheet,,,con-enter-the-gungeon--neon-abyss
Rogue Legacy,Nordic Ashes: Survivors of Ragnarok,,,,**Rogue Legacy → Nordic Ashes: Survivors of Ragnarok** — same as **The Binding of Isaac → Nordic Ashes: Survivors of Ragnarok**,,,on sheet,,,con-rogue-legacy--nordic-ashes-survivors-of-ragnarok
The Binding of Isaac,Nordic Ashes: Survivors of Ragnarok,,,,"**The Binding of Isaac → Nordic Ashes: Survivors of Ragnarok** — ""inspired by top games like The Binding of Isaac and Rogue Legacy"" — [Steam dev post](https://steamcommunity.com/games/2068280/announcements/detail/5301322539098227375)",https://steamcommunity.com/games/2068280/announcements/detail/5301322539098227375,,on sheet,,,con-the-binding-of-isaac--nordic-ashes-survivors-of-ragnarok
FTL,Nuclear Throne,,,,"**FTL → Nuclear Throne**, **Spelunky Classic → Nuclear Throne**, **The Binding of Isaac → Nuclear Throne** *(Spelunky added as Spelunky Classic)* *(medium: the journalist's paraphrase of Rami Ismail, and worded as a description)* — ""Wasteland Kings [Nuclear Throne's working title] can also be described as a mix of other people's games: FTL, Spelunky and The Binding of Isaac, Ismail says."" — [Engadget](https://engadget.com/2013/08/15/wasteland-kings-is-vlambeers-next-big-little-game)",https://engadget.com/2013/08/15/wasteland-kings-is-vlambeers-next-big-little-game,,on sheet,,,con-ftl--nuclear-throne
Spelunky Classic,Nuclear Throne,,,,"**FTL → Nuclear Throne**, **Spelunky Classic → Nuclear Throne**, **The Binding of Isaac → Nuclear Throne** *(Spelunky added as Spelunky Classic)* *(medium: the journalist's paraphrase of Rami Ismail, and worded as a description)* — ""Wasteland Kings [Nuclear Throne's working title] can also be described as a mix of other people's games: FTL, Spelunky and The Binding of Isaac, Ismail says."" — [Engadget](https://engadget.com/2013/08/15/wasteland-kings-is-vlambeers-next-big-little-game)",https://engadget.com/2013/08/15/wasteland-kings-is-vlambeers-next-big-little-game,,on sheet,,,con-spelunky-classic--nuclear-throne
The Binding of Isaac,Nuclear Throne,,,,"**FTL → Nuclear Throne**, **Spelunky Classic → Nuclear Throne**, **The Binding of Isaac → Nuclear Throne** *(Spelunky added as Spelunky Classic)* *(medium: the journalist's paraphrase of Rami Ismail, and worded as a description)* — ""Wasteland Kings [Nuclear Throne's working title] can also be described as a mix of other people's games: FTL, Spelunky and The Binding of Isaac, Ismail says."" — [Engadget](https://engadget.com/2013/08/15/wasteland-kings-is-vlambeers-next-big-little-game)",https://engadget.com/2013/08/15/wasteland-kings-is-vlambeers-next-big-little-game,,on sheet,,,con-the-binding-of-isaac--nuclear-throne
Rogue,Omega,,,,"**Rogue → Omega** — Laurence Brothers, by email to the CRPG Addict: ""One of my proudest achievements in school was winning a Rogue game fair and square without hacking it at all."" He credits the ""obvious"" idea that Rogue-like play ""could be expanded out of its one simple dungeon to...a larger world"". *(The second sentence is the blogger framing Brothers' quoted words.)* — [CRPG Addict, ""Omega: Everything is a Reference""](http://crpgaddict.blogspot.com/2011/05/omega-everything-is-reference.html)",http://crpgaddict.blogspot.com/2011/05/omega-everything-is-reference.html,,on sheet,,,con-rogue--omega
868-Hack,Order Automatica,,,,"**868-Hack → Order Automatica** — ""inspired by the games of Michael Brough, such as 868-hack and Cinco Paus."" — [Steam dev post](https://steamcommunity.com/games/2105840/announcements/detail/670626757615813587)",https://steamcommunity.com/games/2105840/announcements/detail/670626757615813587,,on sheet,,,con-868-hack--order-automatica
Slice & Dice,Order Automatica,,,,"**Slice & Dice → Order Automatica** — ""This system takes inspiration from roguelikes like Shotgun King and Slice & Dice"" — [Steam dev post](https://steamcommunity.com/games/2105840/announcements/detail/526488742956893954)",https://steamcommunity.com/games/2105840/announcements/detail/526488742956893954,,on sheet,,,con-slice-and-dice--order-automatica
Diablo,Our Darker Purpose,,,,"**Diablo → Our Darker Purpose** — ""Don't Starve and FTL were also huge influences, as well as mainstream classic games like Diablo and Zelda"" — [Steam dev post](https://steamcommunity.com/games/262790/announcements/detail/1694779751808309596)",https://steamcommunity.com/games/262790/announcements/detail/1694779751808309596,,on sheet,,,con-diablo--our-darker-purpose
Don't Starve,Our Darker Purpose,,,,**Don't Starve → Our Darker Purpose** — same as **Diablo → Our Darker Purpose**,,,on sheet,,,con-don-t-starve--our-darker-purpose
Enter the Gungeon,Patch Quest,,,,"**Enter the Gungeon → Patch Quest** — Lychee Game Labs' solo developer, asked what inspired the game: ""The basic gameplay resembles Enter the Gungeon or the Binding of Isaac. But the monster-taming element feels more like Pokemon or Super Mario Odyssey."" — [Niche Gamer interview](https://nichegamer.com/patch-quest-interview/) *(the live page blocks fetching; it was read in an archived copy. ""Resembles"" is his word, in his answer to the inspiration question, and Isaac, already on the sheet, is in the same sentence)*",https://nichegamer.com/patch-quest-interview/,,on sheet,,,con-enter-the-gungeon--patch-quest
Diablo,Picayune Dreams,,,,"**Diablo → Picayune Dreams** — ""Inspirations … Diablo (power scaling and item visualization)"" — [Steam store page](https://store.steampowered.com/app/2088840/)",https://store.steampowered.com/app/2088840/,,on sheet,,,con-diablo--picayune-dreams
Hades,Rabbit and Steel,,,,"**Hades → Rabbit and Steel** *(no connections today)* — mino_dev: ""There's a number of inspirations I could list; the way the roguelike items work is probably closest to something like Hades. But really the main inspiration was 'what if my last game, but roguelike and MMO raid mechanics?'"" — [GameDiscoverCo](https://newsletter.gamediscover.co/p/how-rabbit-and-steel-raided-its-way). Also to GamesRadar, on the original Hades: it ""had some really good design that I could learn from"" — [GamesRadar](https://www.gamesradar.com/games/roguelike/a-4000-hour-final-fantasy-14-diehard-made-his-own-mmo-raid-infused-roguelike-and-its-tearing-it-up-on-steam-beating-the-4-year-sales-of-his-last-game-in-24-hours/). *(Final Fantasy XIV raids and his own Maiden and Spell are the rest; neither is on the chart.)*","https://newsletter.gamediscover.co/p/how-rabbit-and-steel-raided-its-way
https://www.gamesradar.com/games/roguelike/a-4000-hour-final-fantasy-14-diehard-made-his-own-mmo-raid-infused-roguelike-and-its-tearing-it-up-on-steam-beating-the-4-year-sales-of-his-last-game-in-24-hours/",,on sheet,,,con-hades--rabbit-and-steel
NetHack,Realm of the Mad God,,,,"**NetHack → Realm of the Mad God** — Alex Carobus: ""RotMG was really born out of a love of roguelikes, arcade games and a deep disappointment with MMOs… I wanted to make an MMO that was as fun to play as an old arcade game, as re-playable as NetHack or Spelunky"" — [Road to the IGF interview](https://www.gamedeveloper.com/design/road-to-the-igf-spry-fox-s-and-wild-shadow-studios-i-realm-of-the-mad-god-i-#:~:text=re-playable)",https://www.gamedeveloper.com/design/road-to-the-igf-spry-fox-s-and-wild-shadow-studios-i-realm-of-the-mad-god-i-#:~:text=re-playable,,on sheet,,,con-nethack--realm-of-the-mad-god
Spelunky Classic,Realm of the Mad God,,,,"**Spelunky Classic → Realm of the Mad God** — same quote as **NetHack → Realm of the Mad God** *(RotMG is 2010, so this is the 2008 freeware Spelunky; Spelunky (2012) came after it)*",,,on sheet,,,con-spelunky-classic--realm-of-the-mad-god
Brogue,Rift Wizard,,,,"**Brogue → Rift Wizard** — ""inspired by classics such as Nethack, Dungeon Crawl Stone Soup, Brogue, and Tales of Maj'Eyal"" — [Steam store page](https://store.steampowered.com/app/1271280/)",https://store.steampowered.com/app/1271280/,,on sheet,,,con-brogue--rift-wizard
Enter the Gungeon,Roboquest,,,,"**Enter the Gungeon → Roboquest** — ""modern roguelites such as Dead Cells, Enter the Gungeon, and Nuclear Throne"" — [Steam dev post](https://steamcommunity.com/games/692890/announcements/detail/4599817768902300278)",https://steamcommunity.com/games/692890/announcements/detail/4599817768902300278,,on sheet,,,con-enter-the-gungeon--roboquest
Slay the Spire,Rogue Blight,,,,"**Slay the Spire → Rogue Blight** *(the map)* — store page: ""a difficult rogue-lite with focus on souls-like combat, featuring a Slay The Spire-inspired map system."" — [Steam store page](https://store.steampowered.com/app/1890310/)",https://store.steampowered.com/app/1890310/,,on sheet,,,con-slay-the-spire--rogue-blight
Backpack Battles,Rogue Voltage,,,,**Backpack Battles → Rogue Voltage** — same as **Peglin → Rogue Voltage**,,,on sheet,,,con-backpack-battles--rogue-voltage
Peglin,Rogue Voltage,,,,"**Peglin → Rogue Voltage** — ""roguelikes, that served as inspiration for Rogue Voltage, such as Peglin, Backpack Hero and recently Backpack Battles"" — [Steam dev post](https://steamcommunity.com/games/1494560/announcements/detail/4187858160655360600)",https://steamcommunity.com/games/1494560/announcements/detail/4187858160655360600,,on sheet,,,con-peglin--rogue-voltage
Slay the Spire,Rogue: Genesia,,,,"**Slay the Spire → Rogue: Genesia** — ""I thought of making a mix of Slay the Spire and Vampire Survivors."" — [Steam dev post](https://steamcommunity.com/games/2067920/announcements/detail/3908626109457877555)",https://steamcommunity.com/games/2067920/announcements/detail/3908626109457877555,,on sheet,,,con-slay-the-spire--rogue-genesia
Diablo,Runeborn,,,,"**Diablo → Runeborn**, **Darkest Dungeon → Runeborn** *(the art only)* — the studio's Reddit AMA, asked where the art style came from, answering for Jonathan, its creative director: ""Fantasy is my favorite genre, and some games that inspire me directly would be Diablo, Darkest Dungeon, Battle Chasers."" *(Battle Chasers isn't on the chart. The same AMA says of design: ""When we started development, we were heavily inspired by Balatro"", its row today.)* — [r/pcgaming AMA](https://www.reddit.com/r/pcgaming/comments/1ix1kj1/we_are_the_developers_of_runeborn_a_dark_fantasy/meiosvh/)",https://www.reddit.com/r/pcgaming/comments/1ix1kj1/we_are_the_developers_of_runeborn_a_dark_fantasy/meiosvh/,,on sheet,,,con-diablo--runeborn
Darkest Dungeon,Runeborn,,,,"**Diablo → Runeborn**, **Darkest Dungeon → Runeborn** *(the art only)* — the studio's Reddit AMA, asked where the art style came from, answering for Jonathan, its creative director: ""Fantasy is my favorite genre, and some games that inspire me directly would be Diablo, Darkest Dungeon, Battle Chasers."" *(Battle Chasers isn't on the chart. The same AMA says of design: ""When we started development, we were heavily inspired by Balatro"", its row today.)* — [r/pcgaming AMA](https://www.reddit.com/r/pcgaming/comments/1ix1kj1/we_are_the_developers_of_runeborn_a_dark_fantasy/meiosvh/)",https://www.reddit.com/r/pcgaming/comments/1ix1kj1/we_are_the_developers_of_runeborn_a_dark_fantasy/meiosvh/,,on sheet,,,con-darkest-dungeon--runeborn
Dead Cells,Scourgebringer,,,,"**Dead Cells → Scourgebringer** *(the interviewer names it; he answers ""yes"" and adds one)* — Thomas Altenburger (Flying Oak Games), to the CNC, in French. Asked «Dead Cells et Celeste figurent parmi vos sources d'inspiration pour ce jeu. Y en a-t-il d'autres ?», he answers «Oui. Nous nous sommes également inspirés de Devil May Cry. Tous ces jeux ont la qualité et la fluidité dans le gameplay que nous souhaitons atteindre.» (""Dead Cells and Celeste are among your sources of inspiration for this game. Are there others?"" ""Yes. We were also inspired by Devil May Cry. All these games have the quality and fluidity of gameplay we want to reach."") *(Celeste and Devil May Cry are off the chart. This was already a row, with a screenshot; the interview is a second, linkable source for it.)* — [CNC](https://www.cnc.fr/jeu-video/actualites/focus-sur-scourgebringer-prime-a-lindie-game-contest_1055409)",https://www.cnc.fr/jeu-video/actualites/focus-sur-scourgebringer-prime-a-lindie-game-contest_1055409,,on sheet,,,con-dead-cells--scourgebringer
Rounds,Section 13,,,,"**Rounds → Section 13** *(both have no connections yet)* — 박재은 PD (Park Jae-eun): 「그는 '섹션 13' 개발에 영감을 준 게임으로 랜드폴게임즈의 로그라이크 PvP 게임 '라운즈(ROUNDS)'를 꼽았다.」 (""He named Landfall's roguelike PvP game ROUNDS as a game that inspired Section 13's development"", for its gun effects.) *(reporter's paraphrase of what the PD said, at Gamescom 2024)* — [Daum / gamescom interview](https://v.daum.net/v/pIwu8NNfMg?f=p)",https://v.daum.net/v/pIwu8NNfMg?f=p,,on sheet,,,con-rounds--section-13
Diablo,Sephiria,,,,"**Diablo → Sephiria** *(one feature: the artifacts)* — Ahn Tae-hyun (Team Horay), asked where the artifact and weapon combos came from: ""The artifact system started because I wanted to expand on the accessory system from Dungreed. I remembered playing 'Diablo' as a kid and being amazed by the 'Charm' system, where just having an item in your inventory granted effects. I wanted to capture that intuitive joy."" *(Gamemeca's English edition of a Korean interview.)* — [Gamemeca](https://www.gamemeca.com/en/view.php?gid=1778935)",https://www.gamemeca.com/en/view.php?gid=1778935,,on sheet,,,con-diablo--sephiria
Hades,Sephiria,,,,"**Hades → Sephiria** *(one feature: the weapons)* — same answer as **Diablo → Sephiria**: ""We brainstorm regularly as a team and play other roguelites for inspiration. We actually drew some influence from the weapon systems in 'Hades'."" — [Gamemeca](https://www.gamemeca.com/en/view.php?gid=1778935)",https://www.gamemeca.com/en/view.php?gid=1778935,,on sheet,,,con-hades--sephiria
Noita,Sephiria,,,,"**Noita → Sephiria** *(one feature, but the one the game is known for: the stone-tablet inventory)* — Ahn Tae-hyun, asked how the ""iconic"" stone-tablet inventory came about: ""It was inspired by the spell-casting system in 'Noita'."" — [Gamemeca](https://www.gamemeca.com/en/view.php?gid=1778935)",https://www.gamemeca.com/en/view.php?gid=1778935,,on sheet,,,con-noita--sephiria
Hades,Shadowveil: Legend of The Five Rings,,,,"**Hades → Shadowveil: Legend of The Five Rings** — the developer, asked what influenced the design: ""I can talk about my main inspirations regarding the specific feeling I wanted this game to invoke. Hades is probably my primary example of how a 'hack'n'slash' roguelite could become one of the most celebrated games of recent times."" *(Slay the Spire and Darkest Dungeon, named next in the same answer, are its two rows today.)* — [Rogueliker interview](https://rogueliker.com/shadowveil-legend-of-the-five-rings-interview/)",https://rogueliker.com/shadowveil-legend-of-the-five-rings-interview/,,on sheet,,,con-hades--shadowveil-legend-of-the-five-rings
20 Minutes Till Dawn,Slime 3K: Rise Against Despot,,,,**20 Minutes Till Dawn → Slime 3K: Rise Against Despot** — same as **Despotism 3k → Slime 3K: Rise Against Despot**,,,on sheet,,,con-20-minutes-till-dawn--slime-3k-rise-against-despot
Brotato,Slime 3K: Rise Against Despot,,,,**Brotato → Slime 3K: Rise Against Despot** — same as **Despotism 3k → Slime 3K: Rise Against Despot**,,,on sheet,,,con-brotato--slime-3k-rise-against-despot
Dota Auto Chess,Slime 3K: Rise Against Despot,,,,"**Dota Auto Chess → Slime 3K: Rise Against Despot** *(one feature: the shop)* — same store page as **Despotism 3k → Slime 3K: Rise Against Despot**: ""By introducing a shop straight out of AutoChess and some TCG deckbuilding mechanics to the familiar formula, we created what we've dubbed our perfect abomination"" — [Steam store page](https://store.steampowered.com/app/2348610/)",https://store.steampowered.com/app/2348610/,,on sheet,,,con-dota-auto-chess--slime-3k-rise-against-despot
Halls of Torment,Slime 3K: Rise Against Despot,,,,"**Halls of Torment → Slime 3K: Rise Against Despot** — same store page as **Despotism 3k → Slime 3K: Rise Against Despot**: ""We tried to blatantly clone games like Vampire Survivors, Halls of Torment, Brotato, Soulstone Survivors and 20 Minutes Till Dawn, but our crazy exp[eriments]…"" *(Vampire Survivors is already on the sheet)* — [Steam store page](https://store.steampowered.com/app/2348610/)",https://store.steampowered.com/app/2348610/,,on sheet,,,con-halls-of-torment--slime-3k-rise-against-despot
Soulstone Survivors,Slime 3K: Rise Against Despot,,,,**Soulstone Survivors → Slime 3K: Rise Against Despot** — same as **Despotism 3k → Slime 3K: Rise Against Despot**,,,on sheet,,,con-soulstone-survivors--slime-3k-rise-against-despot
Vampire Survivors,Slime 3K: Rise Against Despot,,,,"**Vampire Survivors → Slime 3K: Rise Against Despot** *(source currently ""look at it"")* — ""inspired by games like Vampire Survivors and auto-chess games."" — [Steam dev post](https://steamcommunity.com/games/1227280/announcements/detail/4522268823003961902)",https://steamcommunity.com/games/1227280/announcements/detail/4522268823003961902,,on sheet,,,con-vampire-survivors--slime-3k-rise-against-despot
Dicey Dungeons,Sol Cesto,,,,"**Dicey Dungeons → Sol Cesto** — Géraud Zucchini, in French: « Dicey Dungeon (Terry Cavanagh, 2019) a été une influence. » (""Dicey Dungeons was an influence."") — [Vallées de l'Etrange interview](https://valleesdeletrange.wordpress.com/2026/03/09/sol-cesto-le-bandit-manchot-et-ses-deux-tetes-entretien-avec-chariospirale-et-docgeraud/)",https://valleesdeletrange.wordpress.com/2026/03/09/sol-cesto-le-bandit-manchot-et-ses-deux-tetes-entretien-avec-chariospirale-et-docgeraud/,,on sheet,,,con-dicey-dungeons--sol-cesto
Inscryption,Sol Cesto,,,,"**Inscryption → Sol Cesto** — same answer as **Dicey Dungeons → Sol Cesto**: « Inscryption aussi, mais plus pour la partie ambiance, le côté puzzle méta. » (""Inscryption too, but more for the atmosphere and the meta-puzzle side."") *(limited to atmosphere and the meta-puzzle)*",,,on sheet,,,con-inscryption--sol-cesto
Risk of Rain 2,Soulstone Survivors,,,,"**Risk of Rain 2 → Soulstone Survivors** — said of their next project, then ""(which also became a core concept of Soulstone Survivors)"" — [Steam dev post](https://steamcommunity.com/games/2066020/announcements/detail/538872373928001896)",https://steamcommunity.com/games/2066020/announcements/detail/538872373928001896,,on sheet,,,con-risk-of-rain-2--soulstone-survivors
Hoplite,Spellmasons,,,,**Hoplite → Spellmasons** — same quote as **Nuclear Throne → Spellmasons**,,,on sheet,,,con-hoplite--spellmasons
Nuclear Throne,Spellmasons,,,,"**Nuclear Throne → Spellmasons** — Jordan O'Leary: 「インスピレーションを主に受けたのは、『Nuclear Throne』『Magicka』、iOSの『Hopile』、そして『Into the Breach』です。中でも一番大きな影響を受けたのは、『Into the Breach』ですね。」 (""My main inspirations were Nuclear Throne, Magicka, Hoplite on iOS, and Into the Breach. Into the Breach was the biggest."") *(""Hopile"" is the interview's misspelling of Hoplite.)* — [Game*Spark interview](https://www.gamespark.jp/article/2023/02/15/127110.html)",https://www.gamespark.jp/article/2023/02/15/127110.html,,on sheet,,,con-nuclear-throne--spellmasons
Magic Survival,Spirit Hunters: Infinite Horde,,,,"**Magic Survival → Spirit Hunters: Infinite Horde** — ""The combat … is inspired by Magical Survival and Vampire Survivors."" — [Steam dev post](https://steamcommunity.com/games/1914580/announcements/detail/3096792662638547858)",https://steamcommunity.com/games/1914580/announcements/detail/3096792662638547858,,on sheet,,,con-magic-survival--spirit-hunters-infinite-horde
20 Minutes Till Dawn,Star Survivor,,,,**20 Minutes Till Dawn → Star Survivor** — same as **Brotato → Star Survivor**,,,on sheet,,,con-20-minutes-till-dawn--star-survivor
Boneraiser Minions,Star Survivor,,,,**Boneraiser Minions → Star Survivor** — same as **Brotato → Star Survivor**,,,on sheet,,,con-boneraiser-minions--star-survivor
Brotato,Star Survivor,,,,"**Brotato → Star Survivor** — ""big call for those games I got inspirations from: Vampire Survivor, Brotato, SoulStone Survivors, 20 Minutes Till Dawn, Rogue: Genesia, Spellbook Demonslayers, Void Scrappers, Boneraiser Minions, Nova Drift…"" — [Steam store page](https://store.steampowered.com/app/2060750/)",https://store.steampowered.com/app/2060750/,,on sheet,,,con-brotato--star-survivor
Nova Drift,Star Survivor,,,,**Nova Drift → Star Survivor** — same as **Brotato → Star Survivor**,,,on sheet,,,con-nova-drift--star-survivor
Rogue: Genesia,Star Survivor,,,,**Rogue: Genesia → Star Survivor** — same as **Brotato → Star Survivor**,,,on sheet,,,con-rogue-genesia--star-survivor
Soulstone Survivors,Star Survivor,,,,**Soulstone Survivors → Star Survivor** — same as **Brotato → Star Survivor**,,,on sheet,,,con-soulstone-survivors--star-survivor
Spellbook Demonslayers,Star Survivor,,,,**Spellbook Demonslayers → Star Survivor** — same as **Brotato → Star Survivor**,,,on sheet,,,con-spellbook-demonslayers--star-survivor
Void Scrappers,Star Survivor,,,,**Void Scrappers → Star Survivor** — same as **Brotato → Star Survivor**,,,on sheet,,,con-void-scrappers--star-survivor
Brotato,Stolen Realm Survivors,,,,"**Brotato → Stolen Realm Survivors** — the developers, in the post the sheet already cites: ""The game started as a small side project inspired by games we couldn't stop playing like Vampire Survivors, Diablo 2, Brotato, and Path of Exile."" *(Vampire Survivors and Diablo are on the sheet from the same sentence; Path of Exile isn't on the chart.)* — [r/roguelites](https://www.reddit.com/r/roguelites/comments/1t6eumj/we_spent_2_years_making_a_coop_action_roguelite/)",https://www.reddit.com/r/roguelites/comments/1t6eumj/we_spent_2_years_making_a_coop_action_roguelite/,,on sheet,,,con-brotato--stolen-realm-survivors
Returnal,SULFUR,,,,"**Returnal → SULFUR**, **Iter Vehemens Ad Necem → SULFUR** *(paraphrase; IVAN is the chart's Iter Vehemens Ad Necem)* — GameDiscoverCo's writer: ""the devs cite everything from NetHack-influenced 2D roguelike IVAN (!) to games like Returnal and Dark Souls"" — [GameDiscoverCo](https://newsletter.gamediscover.co/p/how-sulfur-sold-50k-real-fast-and)",https://newsletter.gamediscover.co/p/how-sulfur-sold-50k-real-fast-and,,on sheet,,,con-returnal--sulfur
Iter Vehemens Ad Necem,SULFUR,,,,"**Returnal → SULFUR**, **Iter Vehemens Ad Necem → SULFUR** *(paraphrase; IVAN is the chart's Iter Vehemens Ad Necem)* — GameDiscoverCo's writer: ""the devs cite everything from NetHack-influenced 2D roguelike IVAN (!) to games like Returnal and Dark Souls"" — [GameDiscoverCo](https://newsletter.gamediscover.co/p/how-sulfur-sold-50k-real-fast-and)",https://newsletter.gamediscover.co/p/how-sulfur-sold-50k-real-fast-and,,on sheet,,,con-iter-vehemens-ad-necem--sulfur
Don't Starve,Sunless Sea,,,,"**Don't Starve → Sunless Sea** — a journalist relaying Failbetter's announcement: ""Failbetter cites as their influences FTL, Don't Starve, Elite, Sid Meier's Pirates"". Failbetter's own post wasn't found. — [Quarter to Three](https://www.quartertothree.com/fp/2013/07/30/ten-things-you-should-know-about-sunless-sea/)",https://www.quartertothree.com/fp/2013/07/30/ten-things-you-should-know-about-sunless-sea/,,on sheet,,,con-don-t-starve--sunless-sea
Slay the Spire,Super Bullet Break,,,,"**Slay the Spire → Super Bullet Break** — BeXide president 南治 (Minamiji): 「開発スタッフのひとりが『Slay the Spire』が好きで、ローグライク（ローグライト）って方向でやってみたら…いいんじゃないかって案が出てきまして」 (""One of the dev staff liked Slay the Spire, and the idea came up to try the roguelike direction."") — [Gamecast interview](https://www.gamecast-blog.com/archives/66001023.html)",https://www.gamecast-blog.com/archives/66001023.html,,on sheet,,,con-slay-the-spire--super-bullet-break
Vampire Survivors,Talented,,,,"**Vampire Survivors → Talented** *(one feature)* — TurtleFox's devlog: ""Experience Gems: Inspired by games like Geometry Wars 2 and Vampire Survivors - our enemies now drop tasty experience gems when you defeat them."" — [itch.io devlog](https://turtlefoxgames.itch.io/talented/devlog/354683/devlog-17-experimentation)",https://turtlefoxgames.itch.io/talented/devlog/354683/devlog-17-experimentation,,on sheet,,,con-vampire-survivors--talented
The Binding of Isaac,Tape to Tape,,,,"**The Binding of Isaac → Tape to Tape** — Hugo Julien (lead game designer, Excellent Rectangle), on his inspirations after NHL 94: ""Some of my favorite games which greatly impacted the development of Tape to Tape are Hades, Slay the Spire, and Binding of Isaac. Hades for its insanely addictive gameplay loop. Slay the Spire for its progression system … Finally Binding of Isaac for its incredibly fun 'controlled chaos' type of gameplay!"" *(Hades and Slay the Spire are its two rows today, from the studio's Reddit post; this interview is a second first-hand source for both.)* — [Shacknews](https://www.shacknews.com/article/135007/tape-to-tape-interview-with-lead-game-designer-hugo-julien)",https://www.shacknews.com/article/135007/tape-to-tape-interview-with-lead-game-designer-hugo-julien,,on sheet,,,con-the-binding-of-isaac--tape-to-tape
Stoneshard,The Last Spell,,,,**Stoneshard → The Last Spell** — pixel-art inspiration — [Steam dev post](https://steamcommunity.com/games/1105670/announcements/detail/2996568545566483264),https://steamcommunity.com/games/1105670/announcements/detail/2996568545566483264,,on sheet,,,con-stoneshard--the-last-spell
Revita,Tiny Rogues,,,,"**Revita → Tiny Rogues** — ""BenStar has been an inspiration for myself ever since I caught my first glimpse of Revita."" *(Revita → Tiny Rogues is already on the sheet; this is a first-hand source for it.)* — [Steam dev post](https://steamcommunity.com/games/2088570/announcements/detail/6770639657665738311)",https://steamcommunity.com/games/2088570/announcements/detail/6770639657665738311,,on sheet,,,con-revita--tiny-rogues
Enter the Gungeon,UnderMine,,,,"**Enter the Gungeon → UnderMine** — Clint Tasker (Thorium), asked ""which games inspired you the most when developing UnderMine"": ""We take inspiration from a lot of games, old and new. There are contemporaries that we respect a lot like The Binding of Isaac, Enter the Gungeon, and Hades. We look to the past a lot, too. Pilfers were inspired by Dragon Quest's slimes, the hub building was inspired by Soul Blazer, and 2D Zeldas loom large in everything we do."" *(Isaac → UnderMine is already on the sheet. The question was about the series, so these go on UnderMine, not UnderMine 2: under the sequel rule, UnderMine 2 inherits them.)* — [Screen Hype](https://www.screenhype.co.uk/undermine-2-interview-thorium-entertainment-exclusive/)",https://www.screenhype.co.uk/undermine-2-interview-thorium-entertainment-exclusive/,,on sheet,,,con-enter-the-gungeon--undermine
NetHack,Unexplored,,,,**NetHack → Unexplored** — same quote as **Rogue → Unexplored**,,,on sheet,,,con-nethack--unexplored
Rogue,Unexplored,,,,"**Rogue → Unexplored** — Joris Dormans: ""the whole tradition of roguelikes is still very important to us, so there is basically everything that builds up to Unexplored 1, from Brogue to Rogue itself to Nethack and all the influences that they carry over."" — [The Young Folks interview](https://www.theyoungfolks.com/video-games/154551/interview-joris-dormans-details-the-gameplay-and-story-of-unexplored-2/)",https://www.theyoungfolks.com/video-games/154551/interview-joris-dormans-details-the-gameplay-and-story-of-unexplored-2/,,on sheet,,,con-rogue--unexplored
Diablo,Vagante,,,,"**Diablo → Vagante** *(the setting and mood)* — Eugene Paik (Nuke Nine), in the piece the sheet already cites: ""Players of Vagante wouldn't be surprised to know that two of the larger influences for Vagante's setting include Diablo and the Castlevania series, both games that we enjoyed playing growing up. Vagante's dark mood and lighting was influenced by Diablo"". *(Castlevania, and the art's Final Fantasy Tactics, Tactics Ogre and Vagrant Story, aren't on the chart.)* — [Game Developer](https://www.gamedeveloper.com/game-platforms/eugene-paik-talks-about-vagante-a-roguelite-8-years-in-the-making)",https://www.gamedeveloper.com/game-platforms/eugene-paik-talks-about-vagante-a-roguelite-8-years-in-the-making,,on sheet,,,con-diablo--vagante
Soulstone Survivors,Vampire Hunters,,,,"**Soulstone Survivors → Vampire Hunters**, **Brotato → Vampire Hunters** — Tiago Zaidan (Gamecraft Studios), asked what games influenced it: ""The two most obvious influences are Vampire Survivors and Doom, but we also drew a lot of inspiration from COD Zombies, Serious Sam, and Killing Floor. During development, we were additionally influenced by other survivors games like Soulstone Survivors and Brotato."" — [What's It Like interview](https://www.whatsitlike.com.au/interview-with-tiago-zaidan-vampire-hunters/) ([archived copy](https://web.archive.org/web/20250811102650/https://www.whatsitlike.com.au/interview-with-tiago-zaidan-vampire-hunters/), if the site won't open for you)","https://www.whatsitlike.com.au/interview-with-tiago-zaidan-vampire-hunters/
https://web.archive.org/web/20250811102650/https://www.whatsitlike.com.au/interview-with-tiago-zaidan-vampire-hunters/",,on sheet,,,con-soulstone-survivors--vampire-hunters
Brotato,Vampire Hunters,,,,"**Soulstone Survivors → Vampire Hunters**, **Brotato → Vampire Hunters** — Tiago Zaidan (Gamecraft Studios), asked what games influenced it: ""The two most obvious influences are Vampire Survivors and Doom, but we also drew a lot of inspiration from COD Zombies, Serious Sam, and Killing Floor. During development, we were additionally influenced by other survivors games like Soulstone Survivors and Brotato."" — [What's It Like interview](https://www.whatsitlike.com.au/interview-with-tiago-zaidan-vampire-hunters/) ([archived copy](https://web.archive.org/web/20250811102650/https://www.whatsitlike.com.au/interview-with-tiago-zaidan-vampire-hunters/), if the site won't open for you)","https://www.whatsitlike.com.au/interview-with-tiago-zaidan-vampire-hunters/
https://web.archive.org/web/20250811102650/https://www.whatsitlike.com.au/interview-with-tiago-zaidan-vampire-hunters/",,on sheet,,,con-brotato--vampire-hunters
Dicey Dungeons,Words Can Kill,,,,"**Dicey Dungeons → Words Can Kill** — ""a spelling roguelike game hugely inspired by Slay the Spire and Dicey Dungeons."" — [Steam dev post](https://steamcommunity.com/games/1732090/announcements/detail/3328736922033412095)",https://steamcommunity.com/games/1732090/announcements/detail/3328736922033412095,,on sheet,,,con-dicey-dungeons--words-can-kill
