Sheet,Name,Type,Difficulty,Size,Game,Health,Damage,Goal Type,Goal,Ability,File,Tag,Phases,Ticked,Count,Confidence,Why this pairing,What it is there,Builds on,Needs,Clones,Source,Status,Owner,Owner Notes,ID
enemies,Aleax,Traditional,2-Medium,1x1,NetHack,1,2,Feat,Pray,N/A,Aleax,,,,,ok,"A hostile minion an angered lawful god sends after you — prayer gone wrong, made flesh",A minion a lawful god sends against a hero who has angered it; looks like the hero.,,,,https://nethackwiki.com/wiki/Aleax,to review,,,goa-nethack-aleax
enemies,Aligned Cleric,Traditional,1-Low,1x1,NetHack,1,1,Feat,Worship at an altar,N/A,AlignedCleric,,,,,ok,Tends the co-aligned temple altar where worship and sacrifice happen,Tends a temple's altar; donating to it or worshipping there is how a hero deals with the gods.,,,,https://nethackwiki.com/wiki/Aligned_cleric,to review,,,goa-nethack-aligned-cleric
bosses,Hexaghost,Deckbuilder,3-High,2x2,Slay the Spire,1,7,Feat,Complete a ritual with multiple steps,N/A,Hexaghost,fire,,,,ok,Its six flames light one per turn through a fixed seven-step pattern before Inferno; the wiki calls the fight a race to kill it before turn 9.,An Act 1 boss (or a Mind Bloom fight in Act 3): a ring of six ghostly flames.,,,,https://slaythespire.wiki.gg/wiki/Hexaghost,to review,,,goa-slay-the-spire-hexaghost
bosses,Satan,Action,3-High,2x2,The Binding of Isaac,1,7,Feat,Make a deal with a devil,N/A,Satan,god,,,,ok,Sheol's boss; Devil Rooms trade heart containers for items,The boss of Sheol; the fight opens with The Fallen.,,,,https://bindingofisaacrebirth.wiki.gg/wiki/Satan,to review,,,goa-the-binding-of-isaac-satan
enemies,Krampus,Action,1-Low,1x1,The Binding of Isaac,1,1,Feat,Trade health for resources,N/A,Krampus,,,,,ok,The Devil Room's boss — the room where items cost heart containers,"A mini-boss that can appear in a Devil Room in place of the deals, firing Brimstone lasers. (The Don't Starve note on this row is still there.)",,,"Revita Kid (Revita): a hero who pays for everything with their own soul, whose level-up would be this goal ('Beat a game while having paid with your own health')",https://bindingofisaacrebirth.wiki.gg/wiki/Krampus,to review,,,goa-the-binding-of-isaac-krampus
enemies,Uriel,Action,1-Low,1x1,The Binding of Isaac,1,1,Feat,Deal holy damage,N/A,Uriel,,,,,?,"Angel Room mini-boss; fires beams of light in a cross pattern Check: Uriel's goal is fine, but which release added the angels (Wrath of the Lamb or Rebirth) is unconfirmed, so the Game may want to be Rebirth.","An angel mini-boss, appearing when an Angel Room's statue is blown up; Gabriel is the other.",,,,https://bindingofisaacrebirth.wiki.gg/wiki/Uriel,to review,,,goa-the-binding-of-isaac-uriel
enemies,Skeleton,Traditional,1-Low,1x1,Crypt of the NecroDancer,1,1,Bounty,Defeat a skeleton,N/A,Skeleton,"undead, skeleton",,,,?,"Right about the creature, but the goal repeats live ones: the Bony's 'Defeat 5 skeletons' and Ball x Pit's three skeleton goals; its one quirk (losing its head at 1 HP and running) is the live Pacer's 'Defeat a headless enemy'. Worth a no.",A Zone 1 monster that moves every second beat; yellow and black skeletons lose their head at 1 HP and run from the last attack.,,,,https://crypt-of-the-necrodancer.fandom.com/wiki/Monsters,to review,,,goa-crypt-of-the-necrodancer-skeleton
enemies,Zombie,Traditional,1-Low,1x1,Crypt of the NecroDancer,1,1,Bounty,Defeat a zombie,N/A,Zombie,"undead, zombie",,,,ok,"Slow, relentless, never stops walking at you",A Zone 1 monster that walks every second beat in a straight line and turns around when it hits an obstruction; King Conga's lines are made of them.,,,,https://crypt-of-the-necrodancer.fandom.com/wiki/Monsters,to review,,,goa-crypt-of-the-necrodancer-zombie
bosses,Awakened One,Deckbuilder,3-High,2x2,Slay the Spire,1,7,Feat,Defeat a boss that feeds on your powers,N/A,AwakenedOne,undead,,,,ok,"Its Curiosity gives it Strength every time you play a Power, and when its HP hits 0 it is reborn, keeping that Strength. (The old row's 'resurrect yourself 3 times' was about the player, not it.)","The Act 3 boss, leader of the Cultists: two phases, the second after it 'dies' and awakens.",,,,https://slaythespire.wiki.gg/wiki/Awakened_One,to review,,,goa-slay-the-spire-awakened-one
enemies,Necromancer,Traditional,1-Low,1x1,Shattered Pixel Dungeon,1,1,Feat,Attack a deceased enemy,N/A,Necromancer,undead,,,,ok,Raises a skeleton from a corpse and re-raises it,,,,,,to review,,,goa-shattered-pixel-dungeon-necromancer
enemies,Ghost,Traditional,2-Medium,1x1,Crypt of the NecroDancer,1,2,Feat,Defeat an enemy that only comes for you when your back is turned,N/A,Ghost,"undead, ghost",,,,ok,"The Ghost pursues you every beat but is stationary and can't be attacked unless you have your back turned, so you have to let it close in. The old goal ('Gain an extra life') had nothing to do with it. Mario's Boo made the idea famous; this is the roguelike one.","A Zone 1 monster, 1 HP, that moves only while the player faces away from it.",,,,https://crypt-of-the-necrodancer.fandom.com/wiki/Monsters,to review,,,goa-crypt-of-the-necrodancer-ghost
enemies,Mummy,Traditional,2-Medium,1x1,NetHack,1,2,Discovery,Open a coffin or sarcophagus,N/A,Mummy,undead,,,,ok,"Mummies lie in tombs; opening a coffin or sarcophagus is a thing many games offer (Diablo, Spelunky, Crypt of the NecroDancer). The old goal, burying a body, is possible in almost none.","A whole monster class of wrapped undead (kobold mummy up to giant mummy), found in tombs and the Archeologist's quest.",,,,https://nethackwiki.com/wiki/Mummy,to review,,,goa-nethack-mummy
enemies,Violet Fungus,Traditional,1-Low,1x1,NetHack,1,1,Fetch,Obtain a mushroom,N/A,VioletFungus,mushroom,,,,ok,A mushroom that fights back; its corpse is the mushroom,A stationary fungus that grabs and sticks to the hero.,,,,https://nethackwiki.com/wiki/Violet_fungus,to review,,,goa-nethack-violet-fungus
enemies,Slime Creature,Traditional,2-Medium,1x1,Dungeon Crawl Stone Soup,1,2,Feat,"Fight a group of enemies in a corridor, so only one can reach you at a time",N/A,SlimeCreature,slime,,,,ok,"Slime creatures merge into bigger, deadlier ones when they bunch up, so the classic answer is to retreat into a corridor and take them one by one. Corridor fighting is the oldest roguelike tactic and works in any dungeon game. The old goal (double your max health) was unrelated.","A jelly that merges with nearby slime creatures into large, very large and enormous versions, each with more HP and damage.",,,,http://crawl.chaosforge.org/Slime_creature,to review,,,goa-dungeon-crawl-stone-soup-slime-creature
enemies,Monster Lord,Traditional,2-Medium,1x1,Crypt of the NecroDancer,1,2,Feat,Grow in size,N/A,MonsterLord,,,,,ok,"Lords are twice the size of their counterpart, with doubled HP and damage","Any of several monsters spawned as a 'lord': twice the size, with doubled HP and damage; they drop a Scroll of Gigantism or 24 gold.",,,,https://crypt-of-the-necrodancer.fandom.com/wiki/Monsters,to review,,,goa-crypt-of-the-necrodancer-monster-lord
enemies,Larry Jr.,Action,1-Low,1x2,The Binding of Isaac,1,1,Bounty,Defeat an enemy made of several segments,N/A,LarryJr,worm,,,,ok,"Larry Jr. is a worm of separate segments, each with its own health. The old goal (hit 5 enemies at once) wasn't his.","A segmented worm boss of the Basement: 1-4 bodies, 22 HP per segment.",,,,https://bindingofisaacrebirth.wiki.gg/wiki/Larry_Jr.,to review,,,goa-the-binding-of-isaac-larry-jr
enemies,Fat Gremlin,Deckbuilder,1-Low,1x1,Slay the Spire,1,1,Bounty,Defeat 3 gremlins,N/A,FatGremlin,gremlin,,,3,ok,"Gremlins come as a gang of four drawn from five kinds (Fat, Mad, Shield, Sneaky, Wizard), so three in one fight is the Gremlin Gang. (The old rows gave Fat Gremlin 'Have 5 of the same item', Mad Gremlin 'gets stronger when hit' and Shield Gremlin 'damage equal to your block'; the first two weren't about the monster and the second repeats DCSS's Hydra, so the gremlins are one row now.)","Act 1's gremlins: the Fat Gremlin applies Weak, the Mad one gets angrier when hit, the Shield one hands out block.",,,,https://slaythespire.wiki.gg/wiki/Fat_Gremlin,to review,,,goa-slay-the-spire-fat-gremlin
enemies,Spiker,Deckbuilder,1-Low,1x1,Slay the Spire,1,1,Bounty,Defeat an enemy that damages you back,N/A,Spiker,,,,,ok,"Spikers keep building Thorns, so every attack on one hurts you back and it gets worse the longer you wait.","One of Act 3's Shapes, with the Exploder and the Repulsor.",,,,https://slaythespire.wiki.gg/wiki/Spiker,to review,,,goa-slay-the-spire-spiker
enemies,Writhing Mass,Deckbuilder,3-High,1x1,Slay the Spire,1,3,Discovery,Face an enemy that changes every time you hit it,N/A,WrithingMass,,,,,ok,Reactive: it rerolls its intent whenever it's hit; Malleable: it gains block each time too. It is never the same enemy twice.,,,,,https://slaythespire.wiki.gg/wiki/Writhing_Mass,to review,,,goa-slay-the-spire-writhing-mass
enemies,Byrds,Deckbuilder,1-Low,1x1,Slay the Spire,1,1,Feat,Attack every enemy on screen at once,N/A,Byrds,bird,,,,ok,Byrds come three at a time and fly (halving damage) until hit enough to fall; area attacks are the classic answer.,"An Act 2 bird that flies, pecks in flurries and is stunned when knocked out of the air.",,,,https://slaythespire.wiki.gg/wiki/Byrd,to review,,,goa-slay-the-spire-byrds
enemies,Sentry,Deckbuilder,2-Medium,1x1,Slay the Spire,1,2,Bounty,Defeat 3 robots,N/A,Sentry,robot,,,3,ok,"Sentries are constructs fought in a row of three as an Act 1 Elite, alternating Bolt (Dazed) and Beam. (The old row's 'do three things in one turn' wasn't about them.)","An Act 1 Elite construct, fought three at a time, with Artifact.",,,,https://slaythespire.wiki.gg/wiki/Sentry,to review,,,goa-slay-the-spire-sentry
enemies,Oklob Plant,Traditional,2-Medium,1x1,Dungeon Crawl Stone Soup,1,2,Restriction,Win a fight without moving,N/A,OklobPlant,plant,,,,ok,Rooted forever and still lethal,A stationary plant that spits acid at range; it never moves.,,,,http://crawl.chaosforge.org/Oklob_plant,to review,,,goa-dungeon-crawl-stone-soup-oklob-plant
bosses,The Concierge,Action,4-Insane,2x2,Dead Cells,1,9,Restriction,Beat a boss without taking damage,N/A,TheConcierge,,,,,ok,"Every Dead Cells boss has an achievement for beating it 'without taking a single hit', and the Concierge's is the first a player can earn: his stab has a long, clear wind-up.","The first tier 1 boss, on the Black Bridge: a hulking jailer who stabs, leaps, shouts you away between phases and wraps himself in an Aura of Laceration.",,,"Acceptance (Revita): two bosses back to back (Enigma, then Acceptance) without a hit, for Acceptance's Memento",https://deadcells.wiki.gg/wiki/The_Concierge,to review,,,goa-dead-cells-the-concierge
enemies,Knight Bullet Kin,Action,1-Low,1x1,Enter the Gungeon,1,1,Feat,Blow up an enemy with an explosive barrel,N/A,KnightBulletKin,gun,,,,ok,"Bullet Kin and their armoured knights shoot explosive barrels to catch you in the blast, without checking how close they're standing, and blow themselves up. (The old row's helmet and 'no headgear' aren't in the wiki: they wear full plate, and armour is already NecroDancer's goal.)","Bullet Kin in rusty full plate, only in the R&G Dept: fast-firing but with crawling bullets, flipping tables and shooting barrels.",,,"Truck Hermit Crab (Dave the Diver): a boss no weapon can hurt, beaten by dropping five explosive barrels on it from above",https://enterthegungeon.wiki.gg/wiki/Knight_Bullet_Kin,to review,,,goa-enter-the-gungeon-knight-bullet-kin
enemies,Nymph,Traditional,2-Medium,1x1,NetHack,1,2,Restriction,Get naked,N/A,Nymph,,,,,ok,"Charms you into handing over worn armour, then teleports away","Steals an item, armour included, and teleports away.",,,,https://nethackwiki.com/wiki/Nymph,to review,,,goa-nethack-nymph
enemies,Watchman,Traditional,2-Medium,1x1,NetHack,1,2,Restriction,Do not kill any innocents,N/A,Watchman,cop,,,,ok,Peaceful until you swing; killing one is a murder,Keeps the peace in Minetown; angers if the hero kills peacefuls or damages the town.,,,,https://nethackwiki.com/wiki/Watchman,to review,,,goa-nethack-watchman
enemies,The Manacle,Deckbuilder,2-Medium,1x1,Balatro,1,2,Restriction,Win with a negative modifier,N/A,TheManacle,,,,,ok,-1 hand size for the blind,,,,,,to review,,,goa-balatro-the-manacle
enemies,The Water,Deckbuilder,2-Medium,1x1,Balatro,1,2,Restriction,Win a fight without discarding or rerolling anything,N/A,TheWater,,,,,ok,"Fixed against the wiki: The Water starts the round with 0 discards (it doesn't touch consumables). The ask is to win with the hand you're dealt: no discards, no rerolls.",,,,,,to review,,,goa-balatro-the-water
enemies,Greed,Action,1-Low,1x1,The Binding of Isaac,1,1,Restriction,Never skip an offered reward,N/A,Greed,,,,,ok,The boss that takes everything on offer,A Deadly Sin mini-boss who turns up in Shops and Secret Rooms.,,,,https://bindingofisaacrebirth.wiki.gg/wiki/Greed,to review,,,goa-the-binding-of-isaac-greed
enemies,Super Greed,Action,2-Medium,1x1,The Binding of Isaac,1,2,Restriction,Never buy more than 2 things in one shop,N/A,SuperGreed,,,,,ok,Greed's escalation — a shop-flavoured body for a shop rule,"Greed's stronger version, in a Shop or Secret Room once Greed has been met.",,,,https://bindingofisaacrebirth.wiki.gg/wiki/Super_Greed,to review,,,goa-the-binding-of-isaac-super-greed
bosses,Providence,Action,4-Insane,2x2,Risk of Rain,1,9,Feat,Hurt a shielded boss with damage over time,N/A,Providence,,,,,ok,"He shields himself at 66% and 33% health, and from then on every hit lands for 1, except damage over time (Thallium, the Rusty Knife), which goes through at full strength.","The final boss, 'Bulwark of the Weak', on the crashed UES Contact Light: slashes and shockwaves, then two Gilded Wurms, then a shade of himself.",,,,https://riskofrain.fandom.com/wiki/Providence,to review,,,goa-risk-of-rain-providence
enemies,I.D.P.D. Elite,Action,2-Medium,1x1,Nuclear Throne,1,2,Feat,Get the police on your trail,N/A,IDPDElite,cop,,,,ok,"The Inter-Dimensional Police Department comes through portals to kill you once you get too powerful; the more portals open, the tougher the troops (Grunts, then Inspectors, then Shielders).","The I.D.P.D.'s troops, built as the player's equal with tech instead of mutations. The old goal (kill every enemy you meet) had nothing to do with them; they even leave you alone if you stand still.",,,,https://nuclear-throne.fandom.com/wiki/I.D.P.D.,to review,,,goa-nuclear-throne-i-d-p-d-elite
enemies,Black Pudding,Traditional,1-Low,1x1,NetHack,1,1,Bounty,Defeat 5 of the same kind of enemy,N/A,BlackPudding,slime,,,5,ok,Pudding farming: the thing players do with a black pudding is make it multiply and kill the copies. The old goal (upgrade a weapon) had nothing to do with it.,"Divides when hit with an iron weapon, which players exploit ('pudding farming') for endless corpses.",Count goals (spec §7.7),,,https://nethackwiki.com/wiki/Black_pudding,to review,,,goa-nethack-black-pudding
bosses,Gronk,Action,2-Medium,2x2,Muck,1,5,Feat,Fight with a weapon in each hand,N/A,Gronk,,,,,ok,"Fixed against the wiki: Gronk forges nothing. He is a giant goblin holding a Gronk's Sword in each hand, the fastest ground unit in the game.",,,,,,to review,,,goa-muck-gronk
enemies,Warlock,Traditional,2-Medium,1x1,Shattered Pixel Dungeon,1,2,Feat,Enchant an item 5+ times,N/A,Warlock,,,,,ok,Its darts degrade what you carry; stacking enchantment anyway is the counter,,,,,,to review,,,goa-shattered-pixel-dungeon-warlock
enemies,Disenchanter,Traditional,2-Medium,1x1,NetHack,1,2,Feat,Get an item or ability downgraded,N/A,Disenchanter,,,,,ok,Its touch strips enchantment off what you wield or wear,Its touch drains the enchantment from your gear.,,,,https://nethackwiki.com/wiki/Disenchanter,to review,,,goa-nethack-disenchanter
enemies,Mind Flayer,Traditional,2-Medium,1x1,NetHack,1,2,Feat,Lose an ability permanently and win anyway,N/A,MindFlayer,,,,,ok,Eats an intrinsic straight out of your head,Sucks out the hero's brain: Intelligence loss and amnesia.,,,,https://nethackwiki.com/wiki/Mind_flayer,to review,,,goa-nethack-mind-flayer
enemies,Keystone Kops,Traditional,2-Medium,1x1,NetHack,1,2,Feat,Steal from a shop and escape,N/A,KeystoneKops,cop,,,,ok,Spawn the moment you leave without paying and chase you,Swarm out when the hero leaves a shop without paying.,,,,https://nethackwiki.com/wiki/Keystone_Kop,to review,,,goa-nethack-keystone-kops
bosses,Aurelionite,Action,2-Medium,2x2,Risk of Rain 2,1,5,Feat,Make a boss beatable by activating every beacon around it,N/A,Aurelionite,rock,,,,ok,"Aurelionite is invincible until every Halcyon Beacon on the Gilded Coast is paid for and lit, and the beacons go out again after a while. (The old row's 'obtain 5 max tier items' wasn't about her; she is a boss, not an enemy.)","A golden Stone Titan with horns and a massive sword, the special boss of the Gilded Coast, reached through a Gold Portal from an Altar of Gold.",,,"Formless Prime (Voidigo): like every boss there, its health bar is locked until you light every beacon on the level, and it hunts you from room to room meanwhile",https://riskofrain2.wiki.gg/wiki/Aurelionite,to review,,,goa-risk-of-rain-2-aurelionite
enemies,Golden Monkey,Action,1-Low,1x1,Spelunky 2,1,1,Fetch,Acquire a gem or a diamond,N/A,GoldenMonkey,monkey,,,,?,"Checked against the wiki: in Spelunky 2 the Golden Monkey is a friendly character (Kali's gift for a sacrificed Golden Idol, a monkey a Sorceress turned to gold), not an enemy, which the goal-enemy rule asks for. The goal itself is fine.",,,,,,to review,,,goa-spelunky-2-golden-monkey
enemies,Glyphid Praetorian,Action,1-Low,1x1,Deep Rock Galactic: Survivor,1,1,Feat,Hit an armoured enemy in its open mouth,N/A,GlyphidPraetorian,bug,,,,ok,"Praetorians are plated in Heavy Armor that blocks all damage until each plate breaks, but their mouths have no plating, and they open them to spray acid. The old goal ('Mine an ore') had nothing to do with it. Aiming for the weak spot is how half of all action-game bosses fall.",A large armoured Glyphid with an acid spray of deceptive range; the abdomen is unarmoured too.,,,,https://deeprockgalactic.wiki.gg/wiki/Glyphid_Praetorian,to review,,,goa-deep-rock-galactic-survivor-glyphid-praetorian
enemies,Mimic,Traditional,1-Low,1x1,Shattered Pixel Dungeon,1,1,Feat,Open 10 locked doors or chests,N/A,Mimic,,,,,ok,A locked chest that turns out to be a monster,,,,,,to review,,,goa-shattered-pixel-dungeon-mimic
enemies,Minotaur,Traditional,1-Low,1x1,Crypt of the NecroDancer,1,1,Feat,Break down a door,N/A,Minotaur,,,,,?,"Kept from the blind pass; the wiki's Monsters article, as read, doesn't list the Minotaur, so its charge couldn't be checked.",,,,,https://crypt-of-the-necrodancer.fandom.com/wiki/Monsters,to review,,,goa-crypt-of-the-necrodancer-minotaur
bosses,Treadnaught,Action,2-Medium,2x2,Enter the Gungeon,1,5,Bounty,Defeat a tank,N/A,Treadnaught,,,,,ok,"It's a tank, with four corner turrets, that can only drive in straight lines. (The old row's 'pilot a vehicle' has the player driving, which the fight doesn't; vehicles already have three goals.)",A Black Powder Mine boss: a tank driving the room's horizontals and verticals while its corner turrets fire on their own.,,,,https://enterthegungeon.wiki.gg/wiki/Treadnaught,to review,,,goa-enter-the-gungeon-treadnaught
bosses,Xi Construct,Action,2-Medium,2x2,Risk of Rain 2,1,5,Feat,Step inside an enemy's shield to hit it,N/A,XiConstruct,robot,,,,ok,"Its Xi Barrier is a golden bubble that stops shots from outside but not from inside, so you walk in and fight it there. (The old row said 'pilot a flying machine', which nothing in the fight involves; it is a boss.)",A Survivors of the Void boss of the Construct family: a beam cannon that keeps summoning four Alpha Constructs and throws up a bubble shield below half health.,,,,https://riskofrain2.wiki.gg/wiki/Xi_Construct,to review,,,goa-risk-of-rain-2-xi-construct
enemies,DM-200,Traditional,2-Medium,1x1,Shattered Pixel Dungeon,1,2,Feat,Repair a vehicle or a machine,N/A,DM200,robot,,,,ok,Dwarven machinery still running long after its keepers died,,,,,,to review,,,goa-shattered-pixel-dungeon-dm-200
bosses,DM-300,Traditional,2-Medium,2x2,Shattered Pixel Dungeon,1,5,Feat,Fix a broken machine,N/A,DM300,robot,,,,ok,The broken mining machine boss,,,,,,to review,,,goa-shattered-pixel-dungeon-dm-300
bosses,The Giant,Action,2-Medium,2x2,Dead Cells,1,5,Feat,Interrupt an attack before it finishes charging,N/A,TheGiant,,,,,ok,"The Giant charges each fist three times before a special attack, and destroying the charging fist first interrupts it. (The old row filed him as an enemy who destroys a building; he is a boss, and the fight is about his fists.)","A tier 2 boss from Rise of the Giant: a colossus in Guardian's Haven, hurt only through the eye that pops out when a fist is destroyed. His skeleton lies in the Prisoners' Quarters until you beat the Hand of the King.",,,,https://deadcells.wiki.gg/wiki/The_Giant,to review,,,goa-dead-cells-the-giant
enemies,Goblin Leader,Strategy,2-Medium,1x1,Loop Hero,1,2,Feat,Build a house or a base,N/A,GoblinLeader,goblin,,,,ok,Spawns from a goblin camp you placed — appears because you built something,,,,,,to review,,,goa-loop-hero-goblin-leader
enemies,Strider,Action,1-Low,1x1,The Binding of Isaac,1,1,Feat,Touch water,N/A,Strider,water,,,,?,"Downpour is waist-deep water and Striders swim it, pits included Check: the goal is a pun on water striders rather than anything this spider does. Probably worth dropping.",A variant on the wiki's Spider page; nothing about it involves water.,,,,https://bindingofisaacrebirth.wiki.gg/wiki/Spider,to review,,,goa-the-binding-of-isaac-strider
enemies,Dingle,Action,1-Low,1x1,The Binding of Isaac: Rebirth,1,1,Discovery,Enter a sewer,N/A,Dingle,stinky,,,,ok,The sewage boss; Flushmaster already covers flushing Tagged stinky: the live Dross location's goal is 'Defeat a stinky enemy' and no body carries that tag yet.,The boss version of the Dips (living poops) in the Basement: fires shots and whistles up more Dips.,,,,https://bindingofisaacrebirth.wiki.gg/wiki/Dingle,to review,,,goa-the-binding-of-isaac-dingle
enemies,Ukko,Action,2-Medium,1x1,Noita,1,2,Feat,Defeat an enemy you heard before you saw,N/A,Ukko,lightning,,,,ok,Ukko is famous for being heard first: the crackle is the warning. Sound cues before a fight are common. The old goal (change the weather) wasn't about it.,The Thunder Mage of the Snowy Depths and the Vault: a telltale electric crackling gives it away before it fires its charged thunder projectile.,,,,https://noita.wiki.gg/wiki/Ukko,to review,,,goa-noita-ukko
enemies,Slog of the Cloaca,Traditional,2-Medium,1x1,Caves of Qud,1,2,Feat,Defeat an enemy whose attack changes with the ground it stands on,N/A,SlogOfTheCloaca,slime,,,,ok,"Slog spews whatever liquid it is undulating on, and each one does something different when it knocks you prone (black ooze can give you glotrot or ironshank, brown sludge rusts your metal, green goo poisons); on dry ground it can't spew at all.","A legendary mollusk in the Cloaca of Golgotha, faster in deep liquid. The old row asked you to carry four liquids, which Slog has nothing to do with.",,,,https://wiki.cavesofqud.com/wiki/Slog_of_the_Cloaca,to review,,,goa-caves-of-qud-slog-of-the-cloaca
bosses,Ylialkemisti,Action,2-Medium,2x2,Noita,1,5,Feat,Drink a mystery liquid,N/A,Ylialkemisti,,,,,ok,"The high alchemist — unlabelled flasks, unpredictable results","The High Alchemist, boss of the Abandoned Alchemy Lab: slow, with deadly projectiles and a field that reflects shots back; drops the Greek spells.",,,,https://noita.wiki.gg/wiki/Ylialkemisti,to review,,,goa-noita-ylialkemisti
enemies,Limatoukka,Action,2-Medium,1x1,Noita,1,2,Discovery,Dig an enemy out of solid rock to fight it,N/A,Limatoukka,slime,,,,ok,"Limatoukka has to be dug out of the rock before it can be fought, which is the whole encounter; it hits far too hard for a Low body. The old goal (be solid, liquid and gas) wasn't about it.","The Slime Maggot: a miniboss embedded in dense rock in the Meat Realm, bleeding poison and biting for extreme damage.",,,,https://noita.wiki.gg/wiki/Limatoukka,to review,,,goa-noita-limatoukka
enemies,Gas Spore,Traditional,2-Medium,1x1,NetHack,1,2,Feat,Defeat an enemy whose death kills another enemy,N/A,GasSpore,,,,,ok,"A gas spore's whole point is the explosion it leaves behind: kill it next to something else and both die. The old goal (a boss in one turn) was unrelated, and 'explode an enemy' is already the King Bomber's goal.","Explodes when killed, hurting everything around it; floats like a floating eye.",,,"Psy-Linked Gunner (Beneath Oresa): deals 25 damage to every other enemy when it is killed, a gunner rather than a floating bomb",https://nethackwiki.com/wiki/Gas_spore,to review,,,goa-nethack-gas-spore
bosses,The Time Keeper,Action,1-Low,2x2,Dead Cells,1,3,Feat,Get hooked and pulled in by an enemy,N/A,TheTimeKeeper,,,,,ok,"Her Hook and Slash throws a hook that drags you to her and roots you for the slash. (The old row's 'beat the clock' is about Dead Cells' timed doors, not her; that idea is the Timed Door object row now. She is a boss, not an enemy.)","The first tier 2 boss, in the Clock Room: a ninja who throws shurikens, hooks you in, dashes the length of the room and rains swords. 'It's in this room that the Time K... No, it was in this room that...'",,,,https://deadcells.wiki.gg/wiki/The_Time_Keeper,to review,,,goa-dead-cells-the-time-keeper
bosses,Death,Action,3-High,2x2,Vampire Survivors,1,7,Bounty,Reach level 30,N/A,Death,undead,,,,ok,Arrives at the 30-minute mark — the game's hard timer with a scythe,,,,,,to review,,,goa-vampire-survivors-death
bosses,Deep Blues,Traditional,2-Medium,2x2,Crypt of the NecroDancer,1,5,Bounty,Defeat the king of an army of chess pieces,N/A,DeepBlues,,,,,ok,"Deep Blues is an entire chessboard of enemies (pawns that promote, knights that jump, a rook that castles), and the fight ends when the King falls; the King won't attack until the rest are dead and teleports away if hit early. The old goal ('Complete a daily or weekly run') described something else.","A boss: a full chess army, named after the chess computer Deep Blue.",,,,https://crypt-of-the-necrodancer.fandom.com/wiki/Deep_Blues,to review,,,goa-crypt-of-the-necrodancer-deep-blues
bosses,Cerberus,Action,1-Low,2x2,Hades,1,3,Feat,Pet a pet,N/A,Cerberus,dog,,,,ok,"The House's three-headed watchdog, and petting him is one of the best-loved things in Hades; in the Temple of Styx you bribe him with a Satyr Sack, his favourite snack.","The infernal watchdog guarding the Underworld's exit, companion of Hades and Zagreus.",,,"Dog (Colt Canyon): a wild dog that can be tamed (a long-unofficial secret), which unlocks it as a playable character",https://hades.fandom.com/wiki/Cerberus,to review,,,goa-hades-cerberus
enemies,Little Dog,Traditional,1-Low,1x1,NetHack,1,1,Feat,Feed an animal,N/A,LittleDog,dog,,,,ok,Feeding is how a pet stays yours,A common starting pet; feeding it treats keeps it loyal.,,,,https://nethackwiki.com/wiki/Little_dog,to review,,,goa-nethack-little-dog
bosses,Leshy,Action,2-Medium,2x2,Cult of the Lamb,1,5,Feat,Tame an enemy,N/A,Leshy,,,,,?,"Bishops can be recruited into your cult once beaten, and Leshy is the first. Check: 'Defeat an enemy you can then recruit' is also a Pokémon Mystery Dungeon candidate, so one of the two should go.","The youngest of the four Bishops of the Old Faith, ruler of Darkwood and the first major boss; after the story, the bishops can be recruited as followers.",,,,https://cult-of-the-lamb.fandom.com/wiki/Leshy,to review,,,goa-cult-of-the-lamb-leshy
enemies,Kallamar,Action,2-Medium,1x1,Cult of the Lamb,1,2,Feat,Defeat a boss that keeps running away from you,N/A,Kallamar,fish,,,,ok,Kallamar's fight is a chase: he refuses to stand and face you. The old goal (catch 5 creatures) wasn't his.,"The second-eldest Bishop, ruler of Anchordeep: the hardest boss in the game, and famously unwilling to face the Lamb.",,,,https://cult-of-the-lamb.fandom.com/wiki/Kallamar,to review,,,goa-cult-of-the-lamb-kallamar
bosses,Medusa,Traditional,2-Medium,2x2,NetHack,1,5,Feat,Turn an enemy to stone,N/A,Medusa,,,,,ok,"Medusa is a unique boss in NetHack, not a rank-and-file monster, and petrification is what she does. The old goal (have an enemy kill 3 others) wasn't hers, and 'reflect a projectile' is already a live goal (Host), so the counter-trick is out. NetHack's bosses are now three: Medusa, Vlad, the Wizard.","The unique boss of Medusa's Island, whose gaze turns whoever meets it to stone.",,,,https://nethackwiki.com/wiki/Medusa,to review,,,goa-nethack-medusa
enemies,Dar Blademaster,Traditional,2-Medium,1x1,Brogue,1,2,Feat,Train an ally to be stronger,N/A,DarBlademaster,,,,,ok,"Brogue allies grow: they learn abilities from the corpses of what they kill (a centipede's weakness, a mystic's shield), and a Wand of Empowerment makes one stronger and smarter. The blademaster is the ally that needs least looking after, blinking out of trouble on his own.","A dar swordsman, found in packs from depth 10, who blinks towards his enemies and sometimes carries an item; often found captive and freed as an ally.",,,,https://brogue.fandom.com/wiki/Dar_Blademaster,to review,,,goa-brogue-dar-blademaster
bosses,Dracula,Action,1-Low,2x2,Dead Cells,1,3,Discovery,Encounter a character from another series,N/A,Dracula,"undead, vampire",,,,ok,"Dracula comes from Castlevania, with Richter, Alucard, Maria and Death, in the Return to Castlevania DLC: a whole other series' cast walking into this one.","A tier 3 boss in the Master's Keep who teleports between attacks; beaten, his arena transforms and he returns in his Final Form.",,,,https://deadcells.wiki.gg/wiki/Dracula,to review,,,goa-dead-cells-dracula
bosses,Kolmisilma,Action,3-High,2x2,Noita,1,7,Feat,Wake a boss by taking the treasure it guards,N/A,Kolmisilma,eye,,,,ok,"The fight starts the moment you take the Sampo, a trigger many games share. It is the final boss, so High rather than Low, and the old goal (play a game in another language) was a joke about the Finnish names rather than about it.","Kolmisilmä (Three-Eye), the final boss in The Laboratory: curled up beside the Sampo until you grab it, then the arena floods with lava.",,,,https://noita.wiki.gg/wiki/Kolmisilmä,to review,,,goa-noita-kolmisilma
enemies,Hush,Action,2-Medium,1x1,The Binding of Isaac: Rebirth,1,2,Discovery,Reach a hidden area within a time limit,N/A,Hush,,,,,ok,Hush is only ever met by reaching the Blue Womb fast enough; racing a clock to a secret place is a goal any game with timed secrets can host. The old goal (a new achievement) wasn't about Hush.,"The boss of the Blue Womb (???), reachable only if you get there within a time limit.",,,,https://bindingofisaacrebirth.wiki.gg/wiki/Hush,to review,,,goa-the-binding-of-isaac-hush
bosses,Delirium,Action,4-Insane,2x2,The Binding of Isaac: Rebirth,1,9,Bounty,Defeat a boss that turns into other bosses,N/A,Delirium,,,,,ok,Delirium's whole fight is borrowing other bosses' forms. The old goal (10 achievements in a run) wasn't about it.,"The boss of The Void (Afterbirth+), which teleports and turns into other bosses mid-fight.",,,,https://bindingofisaacrebirth.wiki.gg/wiki/Delirium,to review,,,goa-the-binding-of-isaac-delirium
bosses,Voidling,Action,3-High,2x2,Risk of Rain 2,1,7,Discovery,Enter a void,N/A,Voidling,,,,,ok,"You reach it by going down into the void itself, through the Void Fields and the Void Locus to the Planetarium.","The alternate final boss (Survivors of the Void), fought around the ring of the Planetarium in the depths of the void, gaining an attack each phase.",,,,https://riskofrain2.wiki.gg/wiki/Voidling,to review,,,goa-risk-of-rain-2-voidling
enemies,Ultra Greed,Action,2-Medium,1x1,The Binding of Isaac: Rebirth,1,2,Discovery,Beat a boss in a game's alternate mode,N/A,UltraGreed,,,,,ok,Ultra Greed is Greed Mode's final boss; most roguelikes have an alternate mode with its own ending. The old goal (unlock a character) wasn't about it.,"The final boss of Greed Mode, the wave-based alternate mode.",,,,https://bindingofisaacrebirth.wiki.gg/wiki/Ultra_Greed,to review,,,goa-the-binding-of-isaac-ultra-greed
bosses,Johannes,Action,3-High,2x2,Rogue Legacy,1,7,Bounty,Defeat the character you played at the start of the game,N/A,Johannes,,,,,ok,"The tutorial has you play Johannes, the knight who murders the king for the Fountain of Youth; the final boss is Johannes again, grey as a statue, in the same hall. (The old row's 'play a character that looks like you' wasn't in the wiki.)","The Traitor, first phase of the final boss: he chases you with attacks and spells drawn from the player's own classes.",,,,https://roguelegacy.wiki.gg/wiki/Johannes,to review,,,goa-rogue-legacy-johannes
bosses,Hand of the King,Action,2-Medium,2x2,Dead Cells,1,5,Feat,Hit a shielded enemy from behind,N/A,HandOfTheKing,,,,,ok,"His shield turns projectiles from the front and drops only while he attacks, so you get round him or wait for his swing. (The old row's 'beat a game you would rate 8 or higher' wasn't about him, or checkable.)","The usual final boss, in the Throne Room: the king's armoured right hand, with a front shield, a charging attack he doubles in his third phase, and resistance to freeze and stun.",,,"Shield Giant (The Rogue Prince of Persia): a Hun behemoth that can only be hit from behind, and grunts in confusion when you roll past its bash",https://deadcells.wiki.gg/wiki/The_Hand_of_the_King,to review,,,goa-dead-cells-hand-of-the-king
enemies,The Fallen,Action,2-Medium,1x1,The Binding of Isaac,1,2,Feat,Defeat a boss that only appears because of a deal you made,N/A,TheFallen,undead,,,,?,"The Fallen comes for you after a devil deal; that's the only thing about it no other body covers. Check: its other trait, splitting in two, is already a live goal (Spike Slime), and the old goal (a push-up per lost run) had nothing to do with it. Possibly worth dropping.",A boss that only appears once you have entered a Devil Room; splits into two at half health.,,,,https://bindingofisaacrebirth.wiki.gg/wiki/The_Fallen,to review,,,goa-the-binding-of-isaac-the-fallen
enemies,Amalaric Sniper,Action,2-Medium,1x1,Vampire Survivors,1,2,Feat,Reach maximum crit chance,N/A,AmalaricSniper,gun,,,,ok,One aimed shot from off-screen for a huge chunk,,,,,,to review,,,goa-vampire-survivors-amalaric-sniper
enemies,Shotgrub,Action,2-Medium,1x1,Enter the Gungeon,1,2,Bounty,Defeat an enemy with a shotgun,N/A,Shotgrub,"gun, bug",,,,ok,"A Shotgun Kin variant: each spread of shells bursts into waving bullets when it hits a wall, which makes it Bullet Hell's priority target.",A dangerous Shotgun Kin from Bullet Hell that walks at you firing three spreads at a time.,,,,https://enterthegungeon.wiki.gg/wiki/Shotgrub_(Enemy),to review,,,goa-enter-the-gungeon-shotgrub
enemies,Cockatrice,Traditional,2-Medium,1x1,NetHack,1,2,Feat,Use an improvised weapon,N/A,Cockatrice,,,,,ok,Wield the corpse with gloves and petrify what you touch,"Its touch petrifies; wielding its corpse with gloves turns enemies to stone, the most famous improvised weapon in roguelikes.",,,,https://nethackwiki.com/wiki/Cockatrice,to review,,,goa-nethack-cockatrice
enemies,Blobulin,Action,1-Low,1x1,Enter the Gungeon,1,1,Bounty,Defeat 4 slimes,N/A,Blobulin,slime,,,4,ok,"A Blobulon splits into two Blobuloids and each of those into two Blobulins: four slimes from one. (The old row's 'defeat an enemy without violence' and the Devolver aren't on its page; splitting itself is already Spike Slime's live goal, so this counts them.)","The smallest Blobulonian: quick, leaves a trail of harmless goop, and dies on touching you.",,,,https://enterthegungeon.wiki.gg/wiki/Blobulin,to review,,,goa-enter-the-gungeon-blobulin
bosses,Violet Vessel,Deckbuilder,3-High,1x1,Balatro,1,7,Discovery,Make the number 100000 appear,N/A,VioletVessel,,,,,ok,A finisher blind whose requirement puts six figures on screen,,,,,,to review,,,goa-balatro-violet-vessel
enemies,The Lamb,Action,3-High,1x1,The Binding of Isaac: Rebirth,1,3,Bounty,Defeat a boss that keeps fighting after its body dies,N/A,TheLamb,god,,,,ok,The Lamb's second phase is its detached head. The old goal (beat a boss on 1 Health) wasn't about it.,The boss of the Dark Room; its head carries on fighting after its body falls.,,,,https://bindingofisaacrebirth.wiki.gg/wiki/The_Lamb,to review,,,goa-the-binding-of-isaac-the-lamb
bosses,Goo,Traditional,1-Low,2x2,Shattered Pixel Dungeon,1,3,Feat,Go from 1 health to full health,N/A,Goo,slime,,,,ok,Regenerates in the water it sits in,,,,,,to review,,,goa-shattered-pixel-dungeon-goo
enemies,Mega Satan,Action,3-High,1x1,The Binding of Isaac: Rebirth,1,3,Discovery,Open a door that needs a special key,N/A,MegaSatan,god,,,,ok,"Getting to Mega Satan at all means assembling a key, and keys are the one resource here with nothing to spend them on. The old goal (halve your Max Health) wasn't about it.","Waits behind the Golden Gate in the Chest and Dark Room, which only opens with both Key Pieces (or the Dad's Key).",,,,https://bindingofisaacrebirth.wiki.gg/wiki/Mega_Satan,to review,,,goa-the-binding-of-isaac-mega-satan
bosses,Hecate,Action,2-Medium,2x2,Hades II,1,5,Feat,Get hexed or cursed,N/A,Hecate,,,,,ok,The Witch of the Crossroads fights with hexes,,,,,,to review,,,goa-hades-ii-hecate
enemies,Chub,Action,1-Low,1x1,The Binding of Isaac,1,1,Feat,Make an enemy swallow a bomb,N/A,Chub,,,,,ok,Feeding Chub a bomb is the Chub fight. The old goal ('Puke') wasn't.,"A worm boss of the Caves that charges you and eats any bomb in its path, stunning itself.",,,,https://bindingofisaacrebirth.wiki.gg/wiki/Chub,to review,,,goa-the-binding-of-isaac-chub
enemies,Mom,Action,2-Medium,1x1,The Binding of Isaac,1,2,Bounty,Defeat a boss whose whole body you never see,N/A,Mom,,,,,ok,"Mom is fought as a foot, a hand and an eye. 'Defeat your parent' only works in a few games; a boss you never see whole works in many.",The first final boss: you only ever see her foot stomping down and her hands and eyes in the doors.,,,,https://bindingofisaacrebirth.wiki.gg/wiki/Mom,to review,,,goa-the-binding-of-isaac-mom
enemies,Blue Baby,Action,2-Medium,1x1,The Binding of Isaac,1,2,Feat,Defeat a boss that is a copy of you,N/A,BlueBaby,,,,,ok,"??? is Isaac himself, dead; mirror matches and doppelganger bosses are a common fight. The old goal (make someone cry) wasn't.","??? (Blue Baby), the boss of the Chest: a dead Isaac.",,,Corrupted Void Hunters (Soulstone Survivors): end-of-Titan-Hunt bosses that are corrupted versions of the playable heroes,https://bindingofisaacrebirth.wiki.gg/wiki/???,to review,,,goa-the-binding-of-isaac-blue-baby
bosses,Mithrix,Action,3-High,2x2,Risk of Rain 2,1,7,Feat,Escape a level before it collapses,N/A,Mithrix,god,,,,ok,"Beating Mithrix isn't the end: you then have to get off the moon before the timer runs out, which is what beating the game means. (The old row's 'destroy a planet or a moon' doesn't happen.)","The final boss, at the apex of Commencement, the moon of Petrichor V: Providence's banished brother, a cyclopean god who steals your items in his last phase.",,,"Bandit Boss (Colt Canyon): the final boss of the canyon, after which you still have to fight your way back home through the B-levels, with no collapse timer",https://riskofrain2.wiki.gg/wiki/Mithrix,to review,,,goa-risk-of-rain-2-mithrix
enemies,Heket,Action,1-Low,1x1,Cult of the Lamb,1,1,Feat,Defeat a boss while you are starving or out of food,N/A,Heket,frog,,,,ok,"Heket is the Bishop of hunger ('he of havoc, he of blight; she of hunger, they of might'). The old goal (defeat a green creature) was wrong: she's red. Pairs with the Hungry curse candidate.","The second-youngest Bishop, ruler of Anura: a red toad, 'she of hunger' in the bishops' litany, who hops onto the Lamb.",,,,https://cult-of-the-lamb.fandom.com/wiki/Heket,to review,,,goa-cult-of-the-lamb-heket
enemies,Book of Stabbing,Deckbuilder,1-Low,1x1,Slay the Spire,1,1,Bounty,Defeat a living book,N/A,BookOfStabbing,,,,,ok,"It's a book that stabs you, and its stabs leave Wounds. Living books turn up in plenty of dungeons (Gungeon's Bookllets, Mewgenics' Grimoire). (The old row was 'Read a book'.)",An Act 2 Elite whose multi-stab grows by one each time.,,,,https://slaythespire.wiki.gg/wiki/Book_of_Stabbing,to review,,,goa-slay-the-spire-book-of-stabbing
enemies,Bullet Kin,Action,1-Low,1x1,Enter the Gungeon,1,1,Feat,Flip a table,N/A,BulletKin,gun,,,,ok,"Bullet Kin walk to tables and flip them for cover, and so can you: table-flipping is one of the Gungeon's own verbs. (The old row's 'skip the tutorial' was about where you first meet them, not what they do.)","The commonest member of the Cult of the Gundead: walks at you, fires single bullets, flips tables and shoots barrels.",,,,https://enterthegungeon.wiki.gg/wiki/Bullet_Kin,to review,,,goa-enter-the-gungeon-bullet-kin
enemies,Witch Doctor,Action,2-Medium,1x1,Spelunky 2,1,2,Feat,Sacrifice a creature you defeated,N/A,WitchDoctor,,,,,?,"Checked against the wiki: the goal is wrong. Witch Doctors curse you through a voodoo skull effigy; sacrifice belongs to Kali's altars. A fix ('get cursed by an enemy') would sit on the live Hexer ability and the Accursed candidate, so the row waits for the owner.",,,,,,to review,,,goa-spelunky-2-witch-doctor
enemies,Vampire,Action,1-Low,1x1,Spelunky 2,1,1,Fetch,Drink blood,N/A,Vampire,vampire,,,,ok,The Kapala drinks blood; the vampire is where it comes from,"Also in Dwarf Fortress, where vampires arrive with migrants and hide among the dwarves until someone is found drained of blood: 'Unmask an enemy disguised as one of your own' is the alternative goal from there (https://dwarffortresswiki.org/index.php/Vampire).",,,,,to review,,,goa-spelunky-2-vampire
bosses,Olmec,Action,2-Medium,2x2,Spelunky 2,1,5,Bounty,Defeat an enemy you cannot damage,N/A,Olmec,rock,,,,ok,Indestructible — mattock and bombs do nothing,,,,,,to review,,,goa-spelunky-2-olmec
enemies,Angry Shopkeeper,Action,2-Medium,1x1,Spelunky 2,1,2,Feat,Anger a shopkeeper and survive the floor,N/A,AngryShopkeeper,gun,,,,ok,Shoot one and every shopkeeper in the run hunts you,,,,,,to review,,,goa-spelunky-2-angry-shopkeeper
enemies,Qilin,Action,1-Low,1x1,Spelunky 2,1,1,Feat,Ride an animal,N/A,Qilin,,,,,ok,"A rideable mount, not a vehicle",,,,,,to review,,,goa-spelunky-2-qilin
bosses,The Collector,Strategy,1-Low,2x2,Darkest Dungeon,1,3,Fetch,Fill your inventory to the last slot,N/A,TheCollector,,,,,ok,Ambushes when 13+ inventory slots are full — summoned by how you play,"A wandering Eldritch miniboss that may appear when the inventory is at least 79% full, summoning the heads of dead heroes.",,,,https://darkestdungeon.wiki.gg/wiki/The_Collector_(Darkest_Dungeon),to review,,,goa-darkest-dungeon-the-collector
bosses,The Shambler,Strategy,3-High,2x2,Darkest Dungeon,1,7,Restriction,Play a whole level with no light,N/A,TheShambler,,,,,ok,Ambushes at torch level 0,"An Eldritch miniboss that lurks at 0 torchlight (or comes from its altar), dropping ancestral trinkets.",,,,https://darkestdungeon.wiki.gg/wiki/Shambler_(Darkest_Dungeon),to review,,,goa-darkest-dungeon-the-shambler
enemies,Swine Prince,Strategy,1-Low,1x1,Darkest Dungeon,1,1,Feat,Beat a boss by killing its helper first,N/A,SwinePrince,pig,,,,ok,Wilbur buffs him; kill the small one and the fight collapses,"The Warrens' boss, with Wilbur beside it; striking Wilbur first changes the fight.",,,,https://darkestdungeon.wiki.gg/wiki/Swine_Prince,to review,,,goa-darkest-dungeon-swine-prince
enemies,Madman,Strategy,2-Medium,1x1,Darkest Dungeon,1,2,Feat,Survive an enemy that never attacks you directly,N/A,Madman,,,,,ok,"Deals only stress, never damage",A deranged human whose Doomsay hits the whole party with stress rather than damage.,,,,https://darkestdungeon.wiki.gg/wiki/Madman,to review,,,goa-darkest-dungeon-madman
enemies,The Countess,Strategy,3-High,1x1,Darkest Dungeon,1,3,Feat,Beat a boss while diseased or cursed,N/A,TheCountess,,,,,ok,"Crimson Court's finale, where the curse is the fight",The final boss of the Courtyard (The Crimson Court DLC): a vampiress and the source of the Crimson Curse.,,,,https://darkestdungeon.wiki.gg/wiki/Countess,to review,,,goa-darkest-dungeon-the-countess
enemies,Bone Courtier,Strategy,1-Low,1x1,Darkest Dungeon,1,1,Feat,Defeat the enemy at the back of a group first,N/A,BoneCourtier,"undead, skeleton",,,,ok,"Bone Courtier always stands at the back, and taking out the back rank first is how players beat it. The old goal (stop a boss summoning) didn't fit: it isn't a boss and doesn't summon, and Madman already covers stress attacks. It's an early Ruins enemy, so 1-Low.",An Unholy enemy of the Ruins that always stands at the back of its party and deals stress with its Tempting Goblet.,,,,https://darkestdungeon.wiki.gg/wiki/Bone_Courtier,to review,,,goa-darkest-dungeon-bone-courtier
enemies,The Fanatic,Strategy,3-High,1x1,Darkest Dungeon,1,3,Feat,Keep an ally alive for a whole floor,N/A,TheFanatic,fire,,,,ok,"He burns your heroes at the stake — the threat, not the escortee",A wandering boss who hunts heroes carrying the Crimson Curse and puts one on his pyre.,,,,https://darkestdungeon.wiki.gg/wiki/The_Fanatic,to review,,,goa-darkest-dungeon-the-fanatic
enemies,Thing From The Stars,Strategy,1-Low,1x1,Darkest Dungeon,1,1,Discovery,Encounter something from space,N/A,ThingFromTheStars,alien,,,,ok,The Color of Madness mini-boss,"An Eldritch miniboss from The Color of Madness DLC: a shard of alien malignity, many turns per round.",,,,https://darkestdungeon.wiki.gg/wiki/Thing_from_the_Stars,to review,,,goa-darkest-dungeon-thing-from-the-stars
bosses,Seraph,Deckbuilder,4-Insane,2x2,Monster Train,1,9,Restriction,Win a fight where the enemy sets an extra rule,N/A,Seraph,god,,,,ok,"Every Seraph fight adds a rule of its own: the Chaste halves your buffs and debuffs every turn, the Diligent eats the first spell you play each turn, the Temperant Saps your units, the Patient weakens your front line.","The Great Traitor, Monster Train's final boss in Ring 8, who puts a Lightwings on the train every turn.",,,,https://monster-train.fandom.com/wiki/Seraph,to review,,,goa-monster-train-seraph
enemies,Lightwing,Deckbuilder,2-Medium,1x1,Monster Train,1,2,Restriction,Protect something for a whole fight,N/A,Lightwing,,,,,ok,"Seraph puts one on the train every turn of the final fight, and like everything aboard it climbs toward the Pyre, the thing the whole game asks you to protect.","A Winged enemy summoned by Seraph, also part of the Pyrewings and Winged Horde fights.",,,,https://monster-train.fandom.com/wiki/Lightwings,to review,,,goa-monster-train-lightwing
enemies,Avowed Gladiator,Deckbuilder,1-Low,1x1,Monster Train 2,1,1,Feat,Fight on two fronts at once,N/A,AvowedGladiator,,,,,ok,"The highest-health non-boss enemy in the game, on the rings where two floors are fought at once",,,,,,to review,,,goa-monster-train-2-avowed-gladiator
enemies,Ragewing Assassin,Deckbuilder,1-Low,1x1,Monster Train 2,1,1,Bounty,Defeat an enemy that ignores your front line,N/A,RagewingAssassin,,,,,ok,A back-line enemy with Sweep — it never fights the thing you put in front,,,,,,to review,,,goa-monster-train-2-ragewing-assassin
enemies,Kecleon,Traditional,4-Insane,1x1,Pokémon Mystery Dungeon: Red and Blue Rescue Team,1,4,Bounty,Defeat a shopkeeper,N/A,Kecleon,,,,,ok,Rob the shop and the floor fills with double-speed Kecleon,,,,,,to review,,,goa-pok-mon-mystery-dungeon-red-and-blue-rescue-team-kecleon
bosses,Groudon,Traditional,2-Medium,2x2,Pokémon Mystery Dungeon: Red and Blue Rescue Team,1,5,Bounty,Defeat an enemy with ten times your health,N/A,Groudon,,,,,ok,1600+ HP in Magma Cavern,,,,,,to review,,,goa-pok-mon-mystery-dungeon-red-and-blue-rescue-team-groudon
enemies,Zapdos,Traditional,2-Medium,1x1,Pokémon Mystery Dungeon: Red and Blue Rescue Team,1,2,Bounty,Defeat an enemy you can then recruit,N/A,Zapdos,"bird, lightning",,,,ok,"Beat it, then it can join you",,,,,,to review,,,goa-pok-mon-mystery-dungeon-red-and-blue-rescue-team-zapdos
enemies,Rayquaza,Traditional,2-Medium,1x1,Pokémon Mystery Dungeon: Red and Blue Rescue Team,1,2,Bounty,Beat a final boss on your first attempt,N/A,Rayquaza,dragon,,,,ok,"Sky Tower's wall, and the run's ending",,,,,,to review,,,goa-pok-mon-mystery-dungeon-red-and-blue-rescue-team-rayquaza
bosses,Primal Dialga,Traditional,3-High,2x2,Pokémon Mystery Dungeon: Explorers of Sky,1,7,Bounty,Defeat a boss that controls time,N/A,PrimalDialga,dragon,,,,ok,The Explorers finale,,,,,,to review,,,goa-pok-mon-mystery-dungeon-explorers-of-sky-primal-dialga
enemies,Zombie Master,Traditional,2-Medium,1x1,Cataclysm: Dark Days Ahead,1,2,Discovery,Watch an enemy upgrade another enemy,N/A,ZombieMaster,"undead, zombie",,,,ok,Turns a pack of ordinary zombies into spitters and shockers,,,,,,to review,,,goa-cataclysm-dark-days-ahead-zombie-master
enemies,Shocker Zombie,Traditional,1-Low,1x1,Cataclysm: Dark Days Ahead,1,1,Bounty,Defeat an enemy that shocks you,N/A,ShockerZombie,"undead, zombie, lightning",,,,ok,The zapper line's evolution,,,,,,to review,,,goa-cataclysm-dark-days-ahead-shocker-zombie
enemies,Boomer,Traditional,1-Low,1x1,Cataclysm: Dark Days Ahead,1,1,Feat,Get covered in something,N/A,Boomer,"undead, zombie",,,,ok,Bursts and coats you in bile,,,,,,to review,,,goa-cataclysm-dark-days-ahead-boomer
enemies,Zombie Hulk,Traditional,2-Medium,1x1,Cataclysm: Dark Days Ahead,1,2,Bounty,Defeat an enemy that knocks you through a wall,N/A,ZombieHulk,"undead, zombie",,,,ok,Made from the strongest humans,,,,,,to review,,,goa-cataclysm-dark-days-ahead-zombie-hulk
enemies,Mi-go,Traditional,2-Medium,1x1,Cataclysm: Dark Days Ahead,1,2,Feat,Permanently change your own body,N/A,MiGo,alien,,,,ok,Lab and temple surgeons — the game's body horror,,,,,,to review,,,goa-cataclysm-dark-days-ahead-mi-go
enemies,Skeletal Juggernaut,Traditional,2-Medium,1x1,Cataclysm: Dark Days Ahead,1,2,Discovery,Survive until the enemies get stronger,N/A,SkeletalJuggernaut,"undead, skeleton",,,,ok,"A tank-sized late-evolution zombie: enormous health, enormous armour, and it only exists because time passed",,,,,,to review,,,goa-cataclysm-dark-days-ahead-skeletal-juggernaut
enemies,Chicken Walker,Traditional,1-Low,1x1,Cataclysm: Dark Days Ahead,1,1,Bounty,Defeat a walking machine,N/A,ChickenWalker,robot,,,,ok,Military hardware still walking its patrol,,,,,,to review,,,goa-cataclysm-dark-days-ahead-chicken-walker
bosses,Behemoth,Traditional,3-High,2x2,Cogmind,1,7,Bounty,Defeat an enemy that takes up four spaces,N/A,Behemoth,robot,,,,ok,Behemoths occupy four tiles instead of one — the footprint goal,,,,,,to review,,,goa-cogmind-behemoth
enemies,Watcher,Traditional,3-High,1x1,Cogmind,1,3,Restriction,Clear a floor without being spotted,N/A,Watcher,robot,,,,ok,Unarmed; exists only to report you,,,,,,to review,,,goa-cogmind-watcher
enemies,Programmer,Traditional,2-Medium,1x1,Cogmind,1,2,Discovery,Watch an enemy turn your ally against you,N/A,Programmer,robot,,,,ok,"Corrupts other robots with EM weaponry, yours included",,,,,,to review,,,goa-cogmind-programmer
enemies,Hunter,Traditional,1-Low,1x1,Cogmind,1,1,Discovery,Be hunted across floors,N/A,Hunter,robot,,,,ok,Works in pairs to track you down,,,,,,to review,,,goa-cogmind-hunter
enemies,Swarmer,Traditional,1-Low,1x1,Cogmind,1,1,Feat,Be surrounded on every side,N/A,Swarmer,robot,,,,ok,Small flying bots that overwhelm in groups,,,,,,to review,,,goa-cogmind-swarmer
enemies,Grunt,Traditional,1-Low,1x1,Cogmind,1,1,Bounty,Defeat an enemy that outguns you,N/A,Grunt,robot,,,,ok,The basic front-line combat robot,,,,,,to review,,,goa-cogmind-grunt
enemies,Operator,Traditional,1-Low,1x1,Cogmind,1,1,Feat,Hack or override a machine,N/A,Operator,robot,,,,ok,The robot that works the terminals,,,,Max (Cobalt Core): a hacker hero whose level-up would be this same goal ('Beat a game while having hacked a machine'),,to review,,,goa-cogmind-operator
enemies,Hauler,Traditional,3-High,1x1,Cogmind,1,3,Restriction,Win using only equipment taken from enemies,N/A,Hauler,robot,,,,ok,Carries salvage around the complex,,,,,,to review,,,goa-cogmind-hauler
enemies,Recycler,Traditional,1-Low,1x1,Cogmind,1,1,Fetch,Get some scrap,N/A,Recycler,robot,,,,ok,Collects what is left of the dead,,,,,,to review,,,goa-cogmind-recycler
bosses,Xucat',Action,3-High,2x2,Curse of the Dead Gods,1,7,Feat,Carry four curses at once,N/A,Xucat,,,,,ok,Four curses is the cap before the fifth and final one lands,,,,,,to review,,,goa-curse-of-the-dead-gods-xucat
enemies,Xak'olchir,Action,1-Low,1x1,Curse of the Dead Gods,1,1,Feat,Pay for something with your own blood,N/A,XakOlchir,,,,,ok,Blood offerings are one of the three ways corruption fills,,,,,,to review,,,goa-curse-of-the-dead-gods-xak-olchir
enemies,Champion of Death,Action,1-Low,1x1,Curse of the Dead Gods,1,1,Bounty,Defeat an enemy while cursed,N/A,ChampionOfDeath,undead,,,,ok,Killing a champion is one of only two ways to lift a curse,,,,,,to review,,,goa-curse-of-the-dead-gods-champion-of-death
enemies,Dreadful Offspring,Action,2-Medium,1x1,Curse of the Dead Gods,1,2,Feat,Clear a room where every kill spawns more,N/A,DreadfulOffspring,,,,,?,"Checked against the wiki: the goal is wrong. Dreadful Offspring are petrified babies on gliding stone platforms that teleport near you and shoot lightning; kills don't spawn more of them. 'Teleports next to you' repeats Blink Batty (Dungeons of Dredmor), so the row waits for a better goal or a no.",,,,,,to review,,,goa-curse-of-the-dead-gods-dreadful-offspring
enemies,Headless Guardian,Action,1-Low,1x1,Curse of the Dead Gods,1,1,Bounty,Defeat something with no head,N/A,HeadlessGuardian,undead,,,,?,"Checked: the wiki holds (a headless hammer warrior with a floating mask), but the goal repeats the live Pacer ('Defeat a headless enemy').",,,,,,to review,,,goa-curse-of-the-dead-gods-headless-guardian
bosses,The Wicked Twins,Action,2-Medium,2x2,Curse of the Dead Gods,1,5,Bounty,Defeat two bosses in one fight,N/A,TheWickedTwins,,,,,ok,"One encounter, two champions",,,,"Meg & Byte (Beat Blast): a two-part boss, mines and a charging head, where the survivor changes its attack once its partner falls",,to review,,,goa-curse-of-the-dead-gods-the-wicked-twins
enemies,Infernal Jaguars,Action,1-Low,1x1,Curse of the Dead Gods,1,1,Bounty,Defeat a big cat,N/A,InfernalJaguars,"cat, fire",,,,ok,The Jaguar temple's namesake,,,,,,to review,,,goa-curse-of-the-dead-gods-infernal-jaguars
enemies,Malok paal,Action,1-Low,1x1,Curse of the Dead Gods,1,1,Bounty,Defeat something stitched from other creatures,N/A,MalokPaal,,,,,?,"Checked: the Flesh Monstrosity is made of flesh and stone, with a broken stone mask, not stitched together from other creatures; the goal is a loose fit.",,,,,,to review,,,goa-curse-of-the-dead-gods-malok-paal
enemies,Kashio,Deckbuilder,2-Medium,1x1,Griftlands,1,2,Feat,Resolve an encounter without fighting,N/A,Kashio,,,,,ok,A Spark Baron you can argue down instead of killing,,,,"Titan Ape (Renowned Explorers: International Society): any of its encounters can be won with friendly or devious talk instead of blows, each changing the enemy's mood",,to review,,,goa-griftlands-kashio
bosses,Fellemo,Deckbuilder,2-Medium,2x2,Griftlands,1,5,Feat,Turn an enemy into an ally,N/A,Fellemo,,,,,ok,Negotiation is a full parallel combat system here,,,,,,to review,,,goa-griftlands-fellemo
bosses,Plocka,Deckbuilder,2-Medium,2x2,Griftlands,1,5,Feat,Make an enemy flee or surrender,N/A,Plocka,,,,,ok,Break resolve rather than health,,,,,,to review,,,goa-griftlands-plocka
enemies,Jake Smuggler,Deckbuilder,1-Low,1x1,Griftlands,1,1,Fetch,Complete a side quest or bounty,N/A,JakeSmuggler,,,,,ok,The Jakes run the jobs board,,,,,,to review,,,goa-griftlands-jake-smuggler
enemies,Arint,Deckbuilder,1-Low,1x1,Griftlands,1,1,Discovery,Meet an enemy that remembers a past run,N/A,Arint,,,,,ok,Griftlands tracks who you wronged,,,,,,to review,,,goa-griftlands-arint
bosses,Weirdling Beast,Traditional,2-Medium,2x2,Tales of Maj'Eyal,1,5,Bounty,Defeat an enemy that heals to full,N/A,WeirdlingBeast,,,,,ok,"Heals to full in a few turns, and does it often",,,,,,to review,,,goa-tales-of-maj-eyal-weirdling-beast
bosses,Ukruk the Fierce,Traditional,2-Medium,2x2,Tales of Maj'Eyal,1,5,Feat,Survive a fight you were meant to lose,N/A,UkrukTheFierce,,,,,ok,A scripted ambush you are not supposed to win,,,,,,to review,,,goa-tales-of-maj-eyal-ukruk-the-fierce
enemies,Bill the Stone Troll,Traditional,2-Medium,1x1,Tales of Maj'Eyal,1,2,Feat,Unlock a permanent upgrade,N/A,BillTheStoneTroll,"troll, rock",,,,ok,"Drops the Transmogrification Chest, which unlocks for all future characters",,,,,,to review,,,goa-tales-of-maj-eyal-bill-the-stone-troll
enemies,Grand Corruptor,Traditional,3-High,1x1,Tales of Maj'Eyal,1,3,Feat,Survive a room that hurts you every turn,N/A,GrandCorruptor,,,,,ok,"Drags you to the Fearscape, which damages you and heals him",,,,,,to review,,,goa-tales-of-maj-eyal-grand-corruptor
enemies,Rak'Shor Cultist,Traditional,2-Medium,1x1,Tales of Maj'Eyal,1,2,Discovery,Face an enemy that copies you,N/A,RakShorCultist,,,,,ok,"Spawns a shade with your appearance, stats and talents",,,,Sato the Stagemaster (Shogun Showdown): a boss whose attacks are tiles copied from your own,,to review,,,goa-tales-of-maj-eyal-rak-shor-cultist
bosses,The Lich,Strategy,3-High,2x2,Loop Hero,1,7,Bounty,Defeat a boss you summoned yourself,N/A,TheLich,"undead, skeleton",,,,ok,"Chapter I's boss, brought by the tiles you placed",,,,,,to review,,,goa-loop-hero-the-lich
enemies,Harpy,Strategy,1-Low,1x1,Loop Hero,1,1,Feat,Change the map to make an enemy appear,N/A,Harpy,bird,,,,ok,Spawns after you create a mountain peak,,,,,,to review,,,goa-loop-hero-harpy
enemies,Chest,Strategy,1-Low,1x1,Loop Hero,1,1,Bounty,Defeat a chest that fights back,N/A,Chest,,,,,ok,Spawns at the start of each loop on a battlefield,,,,,,to review,,,goa-loop-hero-chest
enemies,Blood Clot,Strategy,1-Low,1x1,Loop Hero,1,1,Bounty,Defeat an enemy made of blood,N/A,BloodClot,,,,,ok,Spawns every 4 days on a blood path,,,,,,to review,,,goa-loop-hero-blood-clot
enemies,Frost Jailer,Deckbuilder,1-Low,1x1,Wildfrost,1,1,Feat,Free something frozen or trapped,N/A,FrostJailer,ice,,,,ok,Companions are freed from ice blocks; the Jailer is what puts them there,,,,"Crystal Prisoner (Realm of the Mad God): a prisoner sealed in a self-healing crystal who talks you into breaking him out, then fights you",,to review,,,goa-wildfrost-frost-jailer
enemies,Truffle,Deckbuilder,1-Low,1x1,Wildfrost,1,1,Bounty,Defeat a mushroom,N/A,Truffle,mushroom,,,,ok,One of the game's named bosses,,,,,,to review,,,goa-wildfrost-truffle
bosses,Eye of the Storm,Deckbuilder,3-High,2x2,Wildfrost,1,7,Restriction,Win a fight using only status effects,N/A,EyeOfTheStorm,"ice, eye",,,,ok,"The final fight, decided by stacked statuses",,,,,,to review,,,goa-wildfrost-eye-of-the-storm
bosses,Bamboozle,Deckbuilder,2-Medium,2x2,Wildfrost,1,5,Restriction,Win a fight without knowing what the enemy does,N/A,Bamboozle,,,,,ok,"The Act 1 boss, named for the trick it plays, and it splits into Bam and Boozle when it dies",,,,,,to review,,,goa-wildfrost-bamboozle
enemies,Krunker,Deckbuilder,2-Medium,1x1,Wildfrost,1,2,Bounty,Defeat an enemy that destroys your items,N/A,Krunker,,,,,ok,"The Act 2 boss, and a Clunker — the junk that clogs up what you brought",,,,,,to review,,,goa-wildfrost-krunker
enemies,Warden,Action,1-Low,1x1,Deep Rock Galactic: Survivor,1,1,Bounty,Defeat the enemy protecting the others,N/A,Warden,bug,,,,ok,Mind-links nearby enemies and hands them damage reduction,"A Glyphid that never attacks: its spore emitter gives nearby Glyphids half damage taken and regeneration, and a lone Warden screeches Grunts up out of the ground around it.",,,"Buffer (Brotato): a weak alien that runs from you and buffs every other enemy's health, damage and speed",https://deeprockgalactic.wiki.gg/wiki/Glyphid_Warden,to review,,,goa-deep-rock-galactic-survivor-warden
enemies,Bulk Detonator,Action,1-Low,1x1,Deep Rock Galactic: Survivor,1,1,Feat,Survive an explosion that fills the screen,N/A,BulkDetonator,bug,,,,ok,Goes off big enough to take the room,"An Exploder that lived long enough to grow to tremendous size, one of the biggest creatures in the game; it explodes when it dies.",,,,https://deeprockgalactic.wiki.gg/wiki/Glyphid_Bulk_Detonator,to review,,,goa-deep-rock-galactic-survivor-bulk-detonator
enemies,Oppressor,Action,1-Low,1x1,Deep Rock Galactic: Survivor,1,1,Bounty,Defeat an enemy you cannot hurt from the front,N/A,Oppressor,bug,,,,ok,"Armoured at the front, soft behind","A mutated Praetorian in black armour over every inch of its body except a small green abdomen on its back; slow, and it rushes into melee.",,,,https://deeprockgalactic.wiki.gg/wiki/Glyphid_Oppressor,to review,,,goa-deep-rock-galactic-survivor-oppressor
enemies,Stingtail,Action,1-Low,1x1,Deep Rock Galactic: Survivor,1,1,Feat,Get grabbed and escape,N/A,Stingtail,bug,,,,ok,Grabs and drags you out of position,A Glyphid whose long tail ends in a five-pronged claw: it grabs its target and drags it into melee range.,,,,https://deeprockgalactic.wiki.gg/wiki/Glyphid_Stingtail,to review,,,goa-deep-rock-galactic-survivor-stingtail
enemies,Web Spitter,Action,1-Low,1x1,Deep Rock Galactic: Survivor,1,1,Feat,Get stuck in place and break out,N/A,WebSpitter,"bug, spider",,,,ok,Webs the ground under you,A ranged Glyphid that hangs from walls and ceilings and spits webs that slow its target.,,,,https://deeprockgalactic.wiki.gg/wiki/Glyphid_Web_Spitter,to review,,,goa-deep-rock-galactic-survivor-web-spitter
enemies,Gorilla,Action,1-Low,1x1,Streets of Rogue,1,1,Bounty,Defeat a beast in melee,N/A,Gorilla,monkey,,,,ok,"No weapons, only Primal Lunge","An NPC and playable character: Gorillas fight with their fists and Primal Lunge, and are found caged in science labs (freeing one unlocks the Gorilla), in zoos, and in the Park's caves.",,,,https://streetsofrogue.fandom.com/wiki/Gorilla,to review,,,goa-streets-of-rogue-gorilla
enemies,Werewolf,Action,1-Low,1x1,Streets of Rogue,1,1,Discovery,Witness an enemy transform,N/A,Werewolf,,,,,ok,Turns when the conditions are right,"Looks like an Office Drone (all attributes 1) until it turns; as an NPC it only appears hidden, in the Vampire's Big Quest or the Many Werewolves mutator. Killing a Ghost unlocks it.",,,,https://streetsofrogue.fandom.com/wiki/Werewolf,to review,,,goa-streets-of-rogue-werewolf
enemies,Cop,Action,2-Medium,1x1,Streets of Rogue,1,2,Feat,Bribe an officer of the law,N/A,Cop,cop,,,,ok,"Cops attack anyone they catch breaking the law, and the way past them is to pay: a bribe gives you Above the Law, and all the floor's Cops ignore your crimes. Bribing 3 Cops unlocks the Cop. The old goal ('without killing anyone') was the Doctor's pacifism, not the Cop's.","An NPC and playable character patrolling Slums 2-3, Industrial and Downtown, with a baton or a pistol; Cops grow more numerous floor by floor.",,,,https://streetsofrogue.fandom.com/wiki/Cop,to review,,,goa-streets-of-rogue-cop
bosses,The First Hero,Action,4-Insane,2x2,Skul: The Hero Slayer,1,9,Bounty,Defeat another game's protagonist,N/A,TheFirstHero,,,,,ok,"Skul inverts the usual story: you are the Demon King's skeleton and the heroes are the enemy, and the First Hero, the Sword of Carleon, is the hero you came to slay.","The main antagonist and final boss in the Holy Sanctuary, over three phases (sword, light swords and illusions, then his fists).",,,,https://skul.fandom.com/wiki/Sword_of_Carleon:_First_Hero,to review,,,goa-skul-the-hero-slayer-the-first-hero
bosses,Elder Ent: Yggdrasil,Action,1-Low,2x2,Skul: The Hero Slayer,1,3,Bounty,Defeat a tree,N/A,ElderEntYggdrasil,plant,,,,ok,"A massive, ancient Ent, the living embodiment of the Forest of Harmony, with branches you stand on as platforms.","The first stage boss, in the Forest of Harmony; it was filed as an enemy.",,,,https://skul.fandom.com/wiki/Elder_Ent:_Yggdrasil,to review,,,goa-skul-the-hero-slayer-elder-ent-yggdrasil
bosses,Distorted Goddess: Chimera,Action,2-Medium,2x2,Skul: The Hero Slayer,1,5,Bounty,Defeat the failed experiment of a mad scientist,N/A,DistortedGoddessChimera,god,,,,ok,A failed lab experiment meant to be the vessel for the Goddess Leonia's second coming; it introduces itself by devouring the Black Lab chief mid-monologue.,"The Black Lab's stage boss: two lion heads, snakes on its back, a wing, faces on its shoulders. Its old goal (a creature made of several) repeated Curse of the Dead Gods' stitched creature, which was there first.",,,,https://skul.fandom.com/wiki/Distorted_Goddess:_Chimera,to review,,,goa-skul-the-hero-slayer-distorted-goddess-chimera
bosses,Alexander,Action,3-High,2x2,Skul: The Hero Slayer,1,7,Bounty,Defeat an emperor,N/A,Alexander,,,,,?,"Emperor of Carleon: Alexander, the kingdom's ruler, fought in the Dark Mirror.",The Dark Mirror's boss; the wiki lists him on its Bosses page with no page of his own yet.,,,,https://skul.fandom.com/wiki/Bosses,to review,,,goa-skul-the-hero-slayer-alexander
enemies,The Angler,Deckbuilder,1-Low,1x1,Inscryption,1,1,Bounty,Defeat an enemy that steals from you mid-fight,N/A,TheAngler,fish,,,,ok,Hooks your last-played card every other turn,,,,,,to review,,,goa-inscryption-the-angler
enemies,The Trapper,Deckbuilder,1-Low,1x1,Inscryption,1,1,Fetch,Trade a monster drop for something better,N/A,TheTrapper,,,,,ok,"Turns your dead cards into pelts, which the Trader buys back as creatures",,,,,,to review,,,goa-inscryption-the-trapper
enemies,The Prospector,Deckbuilder,1-Low,1x1,Inscryption,1,1,Feat,Turn something you own into currency,N/A,TheProspector,,,,,ok,Second phase turns your played cards into gold,,,,,,to review,,,goa-inscryption-the-prospector
bosses,Grimora,Deckbuilder,2-Medium,2x2,Inscryption,1,5,Feat,Leave a record of a character who died,N/A,Grimora,undead,,,,ok,The death scrybe; death cards persist into later runs,,,,,,to review,,,goa-inscryption-grimora
bosses,P03,Deckbuilder,3-High,2x2,Inscryption,1,7,Discovery,Catch the game changing its own rules,N/A,P03,robot,,,,ok,Takes the game over from the inside,,,,,,to review,,,goa-inscryption-p03
enemies,The Unfinished Boss,Deckbuilder,1-Low,1x1,Inscryption,1,1,Bounty,Defeat an unfinished enemy,N/A,TheUnfinishedBoss,,,,,ok,An Uberbot P03 never completed,,,,,,to review,,,goa-inscryption-the-unfinished-boss
enemies,Ogre,Traditional,2-Medium,1x1,Brogue,1,2,Feat,Free a caged enemy and fight beside it,N/A,Ogre,ogre,,,,ok,"Captives are shackled or caged in the early dungeon and fight beside you once freed; the ogre is the classic early one, with high health and huge hits. (Wiki: Cage, and the Ogre page's 'As an ally'.)","One of the first big threats: high health, heavy armour and an enormous club, but off balance after every swing, missing its next turn.",,,,https://brogue.fandom.com/wiki/Ogre,to review,,,goa-brogue-ogre
enemies,Bloat,Traditional,1-Low,1x1,Brogue,1,1,Bounty,Defeat an enemy that bursts into gas when it dies,N/A,Bloat,,,,,ok,"Pop it next to you and a cloud of caustic gas fills the room; burn it and the gas never comes. (The old row named a 'paralytic bloat', which the wiki doesn't have: its bloats are caustic, pit and explosive. 'Lose a turn to paralysis' also repeated Angband's 'held in place' candidate, so both changed.)","A common, flitting, flying gasbag that drifts into you and bursts, releasing a concentrated cloud of caustic gas; fire kills it without the gas.",,,,https://brogue.fandom.com/wiki/Bloat,to review,,,goa-brogue-paralytic-bloat
enemies,Phantom,Traditional,1-Low,1x1,Brogue,1,1,Feat,Fight something you cannot see,N/A,Phantom,ghost,,,,ok,"Phantoms are permanently invisible; you find them by telepathy, by the gap they leave in a gas cloud, or by bumping into them.","A fast, flitting, flying undead from depth 16 that is always invisible and hits hard.",,,,https://brogue.fandom.com/wiki/Phantom,to review,,,goa-brogue-phantom
enemies,Goblin Conjurer,Traditional,1-Low,1x1,Brogue,1,1,Bounty,Defeat a summoner and watch its summons vanish,N/A,GoblinConjurer,goblin,,,,ok,"The conjurer hides behind swarms of spectral blades, and they all disappear when it dies; reaching it is the fight. (The old row gave it 'let a summon land the killing blow', which is about YOUR summons; that goal moved to the Spectral Blade.)","A goblin caster that summons packs of 3-5 spectral blades, usually travelling with other goblins and jackals.",,,,https://brogue.fandom.com/wiki/Goblin_Conjurer,to review,,,goa-brogue-goblin-conjurer
bosses,Warden of Yendor,Traditional,3-High,2x2,Brogue,1,7,Feat,Escape an enemy that can't be harmed,N/A,WardenOfYendor,,,,,ok,"Every attack on the Warden fails; all you can do is outpace him, strand him across deep water or lava, or wall him in with sanctuary runes. (The old row said it guards what lies past the required depth; the wiki has it hunting you after you take the Amulet. 'Go deeper' is close to Angband's 'deepest floor' candidate anyway.)","An immortal presence that stalks you through the dungeon once you take the Amulet of Yendor, slow but immune to everything.",,,,https://brogue.fandom.com/wiki/Warden_of_Yendor,to review,,,goa-brogue-warden-of-yendor
enemies,Fenrir,Strategy,2-Medium,1x1,Mewgenics,1,2,Bounty,Defeat an enemy that hides and lays traps,N/A,Fenrir,dog,,,,ok,"Fenrir hides in tall grass and plants invisible bear traps; the goal is his whole fight. He is a miniboss in Mewgenics and the game already ships ten Mewgenics bosses, so he is an ordinary body here.","A Hunter-like cat miniboss in The Alley: stays in Tall Grass, plants invisible Beartraps, shoves anyone who hits it.",,,,https://mewgenics.wiki.gg/wiki/Fenrir,to review,,,goa-mewgenics-fenrir
bosses,Boris,Strategy,1-Low,2x2,Mewgenics,1,3,Bounty,Pop something swollen,N/A,Boris,cat,,,,?,"A swollen blob-cat; popping something bloated is the nearest thing a player does in any game. Check: Mewgenics already supplies ten live bosses, so this one may be one too many; it could be an ordinary body instead. (Dungeon Crawl's Boris is a different monster.)","The Sewers' boss: a grotesquely bloated Blob-Cat who tramples toward whatever last damaged him, four times a round.",,,,https://mewgenics.wiki.gg/wiki/Boris,to review,,,goa-mewgenics-boris
bosses,Bob,Action,3-High,2x2,Muck,1,7,Feat,Build a vehicle and leave in it,N/A,Bob,,,,,ok,The last thing you kill once the boat is built and you set sail,,,,,,to review,,,goa-muck-bob
enemies,Woodman,Action,1-Low,1x1,Muck,1,1,Feat,Trade with a creature that only fights if you attack it,N/A,Woodman,plant,,,,ok,"Fixed against the wiki: Woodmen are neutral traders in the Trader Camps, swapping items for coins, and stay passive unless attacked or a Chief's Chest is opened. Nothing about trees.",,,,,,to review,,,goa-muck-woodman
enemies,Wyvern,Action,1-Low,1x1,Muck,1,1,Bounty,Defeat a flying beast,N/A,Wyvern,dragon,,,,ok,Night-spawning boss,,,,,,to review,,,goa-muck-wyvern
enemies,Chief,Action,1-Low,1x1,Muck,1,1,Bounty,Defeat a leader,N/A,Chief,,,,,ok,One of the six bosses between you and the boat,,,,,,to review,,,goa-muck-chief
bosses,Skeleton King,Action,1-Low,2x2,Ball x Pit,1,3,Bounty,Defeat a crowned undead,N/A,SkeletonKing,"undead, skeleton",,,,ok,A stage boss with a crown on,"The final boss of The BONExYARD, king of the skeletons whose rank and file are already live goals here.",,,,https://ballxpit.wiki.gg/wiki/Skeleton_King,to review,,,goa-ball-x-pit-skeleton-king
bosses,Sabertooth,Action,1-Low,2x2,Ball x Pit,1,3,Bounty,Defeat an extinct animal,N/A,Sabertooth,cat,,,,ok,A stage boss,The final boss of The GORYxGRASSLANDS: a sabre-toothed cat.,,,,https://ballxpit.wiki.gg/wiki/Sabertooth,to review,,,goa-ball-x-pit-sabertooth
bosses,Lord of Owls,Action,1-Low,2x2,Ball x Pit,1,3,Bounty,Defeat a bird,N/A,LordOfOwls,bird,,,,ok,A stage boss,The final boss of The HEAVENLYxGATES.,,,,https://ballxpit.wiki.gg/wiki/Lord_of_Owls,to review,,,goa-ball-x-pit-lord-of-owls
bosses,Shroom Swarm,Action,2-Medium,2x2,Ball x Pit,1,5,Bounty,Defeat a mushroom colony,N/A,ShroomSwarm,mushroom,,,,ok,A stage boss made of many bodies,"The final boss of The FUNGALxFOREST, a mass of mushroom bodies.",,,,https://ballxpit.wiki.gg/wiki/Shroom_Swarm,to review,,,goa-ball-x-pit-shroom-swarm
bosses,Old King,Action,1-Low,2x2,Enter the Gungeon,1,3,Bounty,Defeat a king,N/A,OldKing,gun,,,,ok,"The previous Lead Lord, pushed off his throne and retreated into the Abbey: a dethroned king, and a hard one. (He has no crown to take, so the old row's second half is gone; it was filed as an enemy.)","The Abbey of the True Gun's secret boss, a fiercer version of the Bullet King, and a reference to Old King Doran from Demon's Souls.",,,,https://enterthegungeon.wiki.gg/wiki/Old_King,to review,,,goa-enter-the-gungeon-old-king
bosses,Kill Pillars,Action,1-Low,2x2,Enter the Gungeon,1,3,Bounty,Defeat four enemies that share one fight,N/A,KillPillars,,,,,ok,"Four statues possessed by demons, each with its own health bar, moving and jumping as one group.",A boss of the Hollow: four pillars that spin bullets through the arena and jump at you together.,,,"Pentaract (Realm of the Mad God): five towers linked into a pentagram, each dropping loot once all five fall",https://enterthegungeon.wiki.gg/wiki/Kill_Pillars,to review,,,goa-enter-the-gungeon-kill-pillars
bosses,High Priest,Action,1-Low,2x2,Enter the Gungeon,1,3,Bounty,Defeat a priest,N/A,HighPriest,gun,,,,ok,"The Hollow's priest of the Cult of the Gundead, firing homing skulls and darkening the room.","A boss of the Hollow that drifts and dashes, rings itself with bullets and homing skulls, and fades into darkness.",,,,https://enterthegungeon.wiki.gg/wiki/High_Priest,to review,,,goa-enter-the-gungeon-high-priest
bosses,Mine Flayer,Action,1-Low,2x2,Enter the Gungeon,1,3,Bounty,Defeat a boss inside a mine,N/A,MineFlayer,,,,,ok,"It lives in the Black Powder Mine and throws claymore mines that chase you; it also hides among bells, and only the right one brings it back.","The Black Powder Mine's boss: rings and streams of bullets, walking claymores, and a disappearing act among bells.",,,,https://enterthegungeon.wiki.gg/wiki/Mine_Flayer,to review,,,goa-enter-the-gungeon-mine-flayer
bosses,King Conga,Traditional,1-Low,2x2,Crypt of the NecroDancer,1,3,Bounty,Defeat a line of enemies that all follow the one in front,N/A,KingConga,monkey,,,,ok,"King Conga sits on a throne that can't be hit, guarded by two conga lines of eight Zombies: the yellow head follows you and every Zombie behind follows the one ahead, and when a head dies the next one takes over. Breaking up the lines is the fight. (The old goal, 'Wear a crown', was about his look, not his fight.)","A Zone 1 boss, a gorilla king on a throne; only the Dagger of Phasing hits him while his lines stand.",,,,https://crypt-of-the-necrodancer.fandom.com/wiki/King_Conga,to review,,,goa-crypt-of-the-necrodancer-king-conga
bosses,The Necrodancer,Traditional,3-High,2x2,Crypt of the NecroDancer,1,7,Restriction,Do not pause the game,N/A,TheNecrodancer,,,,,ok,The game that never stops moving to the beat,"The final boss, fought as Cadence and Dorian together: pairs of floor switches must be pressed at once to bomb his stage, then he summons minibosses in time with the music.",,,,https://crypt-of-the-necrodancer.fandom.com/wiki/The_Necrodancer,to review,,,goa-crypt-of-the-necrodancer-the-necrodancer
bosses,Coral Riff,Traditional,1-Low,2x2,Crypt of the NecroDancer,1,3,Bounty,Defeat a musician,N/A,CoralRiff,fish,,,,ok,A boss made of instruments,"A boss in a water-filled arena: an Octoboss whose tentacles are instruments (drums, horns) that surface around you to the beat.",,,,https://crypt-of-the-necrodancer.fandom.com/wiki/Coral_Riff,to review,,,goa-crypt-of-the-necrodancer-coral-riff
bosses,Death Metal,Traditional,2-Medium,2x2,Crypt of the NecroDancer,1,5,Bounty,Defeat an armoured enemy,N/A,DeathMetal,,,,,ok,"A boss in metal armour with a speaker in its chest, three phases deep","A boss with 9 health and 4 phases ('Ah, welcome!'): in the first it carries a shield and can only be hit from the sides or behind; later it summons skeletons and throws fireballs.",,,,https://crypt-of-the-necrodancer.fandom.com/wiki/Death_Metal,to review,,,goa-crypt-of-the-necrodancer-death-metal
bosses,The Guardian,Deckbuilder,1-Low,2x2,Slay the Spire,1,3,Feat,Make an enemy change form,N/A,TheGuardian,robot,,,,ok,"Mode Shift: deal it enough damage and it flips into Defensive Mode, Sharp Hide out, then back again.","An Act 1 boss (or a Mind Bloom fight), a great construct with 240 HP. It was filed as an enemy.",,,,https://slaythespire.wiki.gg/wiki/The_Guardian,to review,,,goa-slay-the-spire-the-guardian
enemies,Giant Head,Deckbuilder,2-Medium,1x1,Slay the Spire,1,2,Bounty,Defeat an enemy that punishes you for being slow,N/A,GiantHead,,,,,ok,"It counts down for four turns, then uses It Is Time every turn after, harder each time; the longer the fight, the worse it gets.","An Act 3 Elite, a huge stone head with 500 HP.",,,,https://slaythespire.wiki.gg/wiki/Giant_Head,to review,,,goa-slay-the-spire-giant-head
bosses,Nemesis,Deckbuilder,3-High,2x2,Slay the Spire,1,7,Restriction,Defeat an enemy that is untouchable every other turn,N/A,Nemesis,,,,,ok,"Intangible reduces every hit to 1 damage, and Nemesis gains it every other turn: you have to time your damage. (The old row said it halves damage, which it doesn't.)",An Act 3 Elite ghost with a scythe that also burns you.,,,,https://slaythespire.wiki.gg/wiki/Nemesis,to review,,,goa-slay-the-spire-nemesis
enemies,Dogma,Action,2-Medium,1x1,The Binding of Isaac: Rebirth,1,2,Feat,Break a screen,N/A,Dogma,,,,,ok,A boss who climbs out of the television,"The first boss of Home (Repentance), attached to a television that has to be destroyed.",,,,https://bindingofisaacrebirth.wiki.gg/wiki/Dogma,to review,,,goa-the-binding-of-isaac-dogma
enemies,Gurdy,Action,1-Low,1x1,The Binding of Isaac,1,1,Bounty,Defeat a boss that never moves,N/A,Gurdy,,,,,ok,Gurdy sits still for the whole fight. 'An enemy made of other enemies' didn't describe her.,A stationary blob boss of the Caves that never moves.,,,,https://bindingofisaacrebirth.wiki.gg/wiki/Gurdy,to review,,,goa-the-binding-of-isaac-gurdy
enemies,Monstro,Action,1-Low,1x1,The Binding of Isaac,1,1,Bounty,Defeat an enemy that jumps on you,N/A,Monstro,,,,,ok,The first boss most players ever meet,A Basement boss that hops toward you and jumps off-screen to land on you.,,,,https://bindingofisaacrebirth.wiki.gg/wiki/Monstro,to review,,,goa-the-binding-of-isaac-monstro
bosses,The Beast,Action,3-High,2x2,The Binding of Isaac: Rebirth,1,7,Bounty,Reach an ending most players never see,N/A,TheBeast,,,,,ok,Repentance's true finale,"The final boss of Repentance (Ending 22), and of The Binding of Isaac as a whole.",,,,https://bindingofisaacrebirth.wiki.gg/wiki/The_Beast,to review,,,goa-the-binding-of-isaac-the-beast
bosses,Bone Hydra,Action,1-Low,2x2,Hades,1,3,Bounty,Defeat an enemy with more than one head,N/A,BoneHydra,"undead, skeleton",,,,ok,"The Lernaean Bone Hydra, Asphodel's boss: a skeletal hydra that grows extra heads as the fight goes on.","The boss of Asphodel, nicknamed Lernie. It was filed as an enemy.",,,,https://hades.fandom.com/wiki/Bone_Hydra,to review,,,goa-hades-bone-hydra
bosses,The Furies,Action,1-Low,2x2,Hades,1,3,Discovery,Meet the same boss with a different face,N/A,TheFuries,,,,,ok,"Tartarus's boss is Megaera at first, then her sisters Alecto or Tisiphone take her place on later runs: the same fight with a different Fury.","The three sisters of vengeance, the first boss of every run (Megaera is live already). They were filed as an enemy.",,,,https://hades.fandom.com/wiki/The_Furies,to review,,,goa-hades-the-furies
enemies,Charybdis,Action,2-Medium,1x1,Hades II,1,2,Feat,Get swallowed,N/A,Charybdis,water,,,,ok,A mouth in the sea,,,,,,to review,,,goa-hades-ii-charybdis
bosses,Wizard of Yendor,Traditional,4-Insane,2x2,NetHack,1,9,Bounty,Defeat a boss that keeps coming back,N/A,WizardOfYendor,,,,,ok,"Killed, and then he is back","The final antagonist, who keeps coming back after being killed and harasses the hero all the way up.",,,,https://nethackwiki.com/wiki/Wizard_of_Yendor,to review,,,goa-nethack-wizard-of-yendor
bosses,Scavenger,Action,3-High,2x2,Risk of Rain,1,7,Bounty,Defeat an enemy that uses the same items you do,N/A,Scavenger,,,,,ok,"'Tasting your own Medicine': it fights with the planet's items, the ones you pick up yourself (a Disposable Missile Launcher, a Brilliant Behemoth, an Ukulele), and heals with a Mysterious Vial.","A late-game pack-rat boss, the only one that can appear on any stage, once the difficulty meter is about three-quarters full.",,,,https://riskofrain.fandom.com/wiki/Scavenger,to review,,,goa-risk-of-rain-scavenger
bosses,Magma Worm,Action,2-Medium,2x2,Risk of Rain,1,5,Bounty,Defeat an enemy that burrows,N/A,MagmaWorm,"fire, worm",,,,ok,"'Ancient Lava Swimmer': it surfaces under you, turns, and dives again, and a patch of flame marks where it will come up.",A segmented boss whose only attack is surfacing and submerging; it can drop the Burning Witness.,,,,https://riskofrain.fandom.com/wiki/Magma_Worm,to review,,,goa-risk-of-rain-magma-worm
bosses,Imp Overlord,Action,1-Low,2x2,Risk of Rain,1,3,Bounty,Defeat something from another dimension,N/A,ImpOverlord,,,,,ok,"'Lord of the Red Plane': it manifests out of empty space, and its imps teleport about through red portals.",A boss with fire from the sky and a fast lunge; it drops the Imp Overlord's Tentacle.,,,,https://riskofrain.fandom.com/wiki/Imp_Overlord,to review,,,goa-risk-of-rain-imp-overlord
enemies,Parent,Action,2-Medium,1x1,Risk of Rain,1,2,Bounty,Defeat an enemy that's hunting you for defeating its child,N/A,Parent,alien,,,,ok,The field notes: 'mad with grief and rage... their only aim to crush the butcher of their offspring.' The Child is already in the game.,"A big, slow ground monster that slams the ground into great cracks. The old row had it grabbing and throwing you, which it doesn't do.",,,,https://riskofrain.fandom.com/wiki/Parent,to review,,,goa-risk-of-rain-parent
enemies,The Wall,Deckbuilder,1-Low,1x1,Balatro,1,1,Feat,Beat an encounter with double the requirement,N/A,TheWall,,,,,ok,An extra-large blind,,,,,,to review,,,goa-balatro-the-wall
bosses,The Eye,Deckbuilder,3-High,1x1,Balatro,1,7,Restriction,Do not use the same attack twice,N/A,TheEye,eye,,,,ok,No repeat hand types this blind,,,,,,to review,,,goa-balatro-the-eye
enemies,The Ox,Deckbuilder,1-Low,1x1,Balatro,1,1,Feat,Lose all your currency at once,N/A,TheOx,,,,,ok,Fixed against the wiki: playing your most played hand this run sets your money to $0. It takes your money; you don't spend it.,,,,Dramatist (Dice & Fold): takes all your Gold Coins if left standing for 6 turns,,to review,,,goa-balatro-the-ox
enemies,Mother,Action,3-High,2x2,Brotato,1,3,Bounty,Defeat an enemy that fills the screen,N/A,Mother,alien,,,,?,"Kept from the blind pass, but the wiki can't confirm it: Mother's page gives stats only (+750 health a wave, 100% knockback resistance, speed 250) and no behaviour.","An elite, drawn from a zone's elite pool. It is not a wave-20 boss, as the old row said: those are the Predator and the Invoker.",,,,https://brotato.fandom.com/wiki/Mother,to review,,,goa-brotato-the-mother
enemies,Monk,Action,3-High,1x1,Brotato,1,3,Feat,Get in close to an enemy that keeps its distance,N/A,Monk,alien,,,,ok,"The Monk lays 15 Slasher Eggs, then hangs back: it alternates between firing 5 projectiles a second and holding a fixed distance from you while it spawns Tentacles. Closing that distance is the fight. The old goal ('never stops moving') was wrong.","An elite: lays 15 Slasher Eggs, then alternates between firing 5 projectiles a second and holding a fixed distance while spawning Tentacles.",,,,https://brotato.fandom.com/wiki/Monk,to review,,,goa-brotato-monk-elite
bosses,Cain,Action,2-Medium,2x2,Rogue Legacy 2,1,5,Bounty,Defeat a sibling,N/A,Cain,,,,,?,"Cain is the true final boss and king of Genesis; to reach him you walk past portraits of every heir you've played. The sibling is the biblical Cain's (Abel), which the wiki's page doesn't spell out, so check it in game.","The true final boss, in Castle Hamson, behind three broken stained-glass windows.",,,,https://rogue-legacy-2.fandom.com/wiki/Cain,to review,,,goa-rogue-legacy-2-cain
bosses,Estuary Lamech,Action,2-Medium,2x2,Rogue Legacy 2,1,5,Feat,Hit two targets without touching the ground,N/A,EstuaryLamech,,,,,ok,"His door opens only if you spin-kick both red lanterns outside without landing, which needs the Air Dash. (The old row's 'beat the first boss with no upgrades' is the opposite of what reaching him takes.)","The first boss, in Citadel Agartha: spear dashes across the arena, spirals of blue fireballs from a staff.",,,"Combos (Downwell): kill 8 or more enemies in a row before landing and the combo pays gems, a charge and at 25 a point of health",https://rogue-legacy-2.fandom.com/wiki/Estuary_Lamech,to review,,,goa-rogue-legacy-2-estuary-lamech
bosses,Byarrrith and Halpharrr,Action,3-High,2x2,Rogue Legacy 2,1,7,Bounty,Defeat two enemies that share a health bar,N/A,ByarrrithAndHalpharrr,,,,,?,"The second boss is a pair, the Void Beasts of Axis Mundi. That they share one health bar is from memory; the wiki's page doesn't say, so check in game. (Curse of the Dead Gods' 'two bosses in one fight' is the looser version.)","The Void Beasts of Axis Mundi, Byarrrith and Halpharrr, the second boss fight.",,,,https://rogue-legacy-2.fandom.com/wiki/The_Void_Beasts_of_Axis_Mundi,to review,,,goa-rogue-legacy-2-byarrrith-and-halpharrr
enemies,Xeroc,Traditional,1-Low,1x1,Rogue,1,1,Discovery,Be fooled by something disguised as loot,N/A,Xeroc,,,,,ok,Imitates an item until you touch it,,,,,,to review,,,goa-rogue-xeroc
enemies,Aquator,Traditional,1-Low,1x1,Rogue,1,1,Feat,Have your armour ruined and keep going,N/A,Aquator,,,,,ok,Rusts armour on contact,,,,,,to review,,,goa-rogue-aquator
bosses,Praxis,Action,2-Medium,2x2,Ember Knights,1,5,Bounty,Defeat someone who sends others to fight you,N/A,Praxis,,,,,ok,"Checked against the wiki: the final boss in Netherra; on doom mode, holding the Architect's power, he stays in one arena and summons copies of the minibosses (Guzzle, Phalanx, Herald, Scrapper) between his phases.",,,,,,to review,,,goa-ember-knights-praxis
enemies,Plague Bringer,Action,2-Medium,1x1,Ember Knights,1,2,Feat,Win while poisoned,N/A,PlagueBringer,,,,,?,"Checked against the wiki: a mini-boss of Scoggfirth by name only, with no page; nothing there says it poisons, so the goal can't be confirmed.",,,,,,to review,,,goa-ember-knights-plague-bringer
bosses,The Architect,Action,2-Medium,2x2,Ember Knights,1,5,Bounty,Defeat a boss that builds its own arena,N/A,TheArchitect,,,,,?,"Checked against the wiki: it has no page for the Architect as a boss. The DLC's final fight is Arch Praxis, in the Architect Realm, with power stolen from the Architect; the row's boss may be misnamed.",,,,,,to review,,,goa-ember-knights-the-architect
enemies,Prickwood,Deckbuilder,1-Low,1x1,Dungeon Clawler,1,1,Bounty,Defeat the first boss of a run,N/A,Prickwood,plant,,,,ok,The first boss the game gives you,,,,"Phrike (Returnal): the first boss as the famous wall of a hard game, asked for on the first attempt rather than at all",,to review,,,goa-dungeon-clawler-prickwood
enemies,Bee Queen,Deckbuilder,1-Low,1x1,Dungeon Clawler,1,1,Bounty,Defeat a bee or a wasp,N/A,BeeQueen,bug,,,,ok,Drops honey balls into the claw machine so everything they touch comes up in one sticky clump,,,,,,to review,,,goa-dungeon-clawler-bee-queen
bosses,Daemon Master,Strategy,3-High,2x2,Forward: Escape the Fold,1,7,Bounty,Defeat the second to last boss of a run,N/A,DaemonMaster,,,,,ok,Always the penultimate boss — the rest are randomised,,,,,,to review,,,goa-forward-escape-the-fold-daemon-master
bosses,Strong Daemon Master,Strategy,4-Insane,2x2,Forward: Escape the Fold,1,9,Bounty,Defeat a final boss on the highest difficulty,N/A,StrongDaemonMaster,,,,,ok,Always the last boss,,,,,,to review,,,goa-forward-escape-the-fold-strong-daemon-master
enemies,Grip,Traditional,1-Low,1x1,Angband,1,1,Bounty,Defeat a named enemy,N/A,Grip,dog,,,,ok,"One of Farmer Maggot's dogs, and the first unique most runs ever meet",,,,,,to review,,,goa-angband-grip
enemies,Wormtongue,Traditional,2-Medium,1x1,Angband,1,2,Feat,Live through being slowed or held in place,N/A,Wormtongue,,,,,ok,Saruman's agent opens by slowing you and filling the floor with traps,,,,,,to review,,,goa-angband-wormtongue
enemies,Boldor,Traditional,2-Medium,1x1,Angband,1,2,Bounty,Defeat the king of the feeblest creatures in the game,N/A,Boldor,,,,,ok,"King of the Yeeks, whose subjects are the weakest thing in the dungeon",,,,,,to review,,,goa-angband-boldor
bosses,Sauron,Traditional,3-High,2x2,Angband,1,7,Bounty,Defeat the boss standing between you and the last one,N/A,Sauron,,,,,ok,He dies on level 99 or the stairs to Morgoth never appear,,,,,,to review,,,goa-angband-sauron
bosses,Morgoth,Traditional,4-Insane,2x2,Angband,1,9,Feat,Reach the deepest floor of the game,N/A,Morgoth,,,,,ok,"Waits on dungeon level 100, which is the bottom of Angband",,,,,,to review,,,goa-angband-morgoth
enemies,Kranach,Traditional,1-Low,1x1,Ancient Domains of Mystery,1,1,Feat,Clear an optional area the run did not require,N/A,Kranach,,,,,ok,A raider lord in a side quest nothing forces you to take,,,,,,to review,,,goa-ancient-domains-of-mystery-kranach
enemies,Keethrax,Traditional,2-Medium,1x1,Ancient Domains of Mystery,1,2,Bounty,Defeat an enemy that curses you when it hits you,N/A,Keethrax,,,,,ok,The evil druid of the first quest corrupts by touch,,,,,,to review,,,goa-ancient-domains-of-mystery-keethrax
bosses,Cat Lord,Traditional,3-High,2x2,Ancient Domains of Mystery,1,7,Restriction,Do not harm any animals,N/A,CatLord,cat,,,,ok,He arrives stronger and angrier for every cat the run has killed,,,,,,to review,,,goa-ancient-domains-of-mystery-cat-lord
bosses,Emperor Lich,Traditional,4-Insane,2x2,Ancient Domains of Mystery,1,9,Bounty,Defeat an enemy that raises the dead against you,N/A,EmperorLich,undead,,,,ok,Summons meat shields by the screenful and paralyses on touch,,,,,,to review,,,goa-ancient-domains-of-mystery-emperor-lich
enemies,Diggle,Traditional,1-Low,1x1,Dungeons of Dredmor,1,1,Bounty,Defeat an enemy guarding its young,N/A,Diggle,bird,,,,ok,"The early floors' bird, found standing over its eggs",,,,,,to review,,,goa-dungeons-of-dredmor-diggle
enemies,Blink Batty,Traditional,2-Medium,1x1,Dungeons of Dredmor,1,2,Bounty,Defeat an enemy that teleports,N/A,BlinkBatty,,,,,ok,A batty that blinks away the moment you swing at it,,,,,,to review,,,goa-dungeons-of-dredmor-blink-batty
bosses,Lord Dredmor,Traditional,3-High,2x2,Dungeons of Dredmor,1,7,Feat,Beat the boss the game is named after,N/A,LordDredmor,,,,,ok,The whole descent is aimed at him and nothing else,,,,,,to review,,,goa-dungeons-of-dredmor-lord-dredmor
enemies,Champion,Traditional,2-Medium,1x1,Tangledeep,1,2,Bounty,Defeat an elite version of an ordinary enemy,N/A,Champion,,,,,ok,Champions are rolled-up variants of the normal roster,,,,,,to review,,,goa-tangledeep-champion
enemies,Mamel,Traditional,1-Low,1x1,Mystery Dungeon 2: Shiren the Wanderer,1,1,Bounty,Defeat the weakest enemy in the game,N/A,Mamel,,,,,ok,The first and feeblest monster a Shiren run meets,,,,,,to review,,,goa-mystery-dungeon-2-shiren-the-wanderer-mamel
enemies,Gitan Mamel,Traditional,2-Medium,1x1,Mystery Dungeon 2: Shiren the Wanderer,1,2,Fetch,Take a fortune off a single enemy,N/A,GitanMamel,,,,,ok,"Drops 2,000 gitan, and moves at double speed so it is hard to collect",,,,,,to review,,,goa-mystery-dungeon-2-shiren-the-wanderer-gitan-mamel
enemies,Pacorepkin,Traditional,2-Medium,1x1,Mystery Dungeon 2: Shiren the Wanderer,1,2,Discovery,Witness an enemy move through solid wall,N/A,Pacorepkin,,,,,ok,Pacorepkins travel through walls,,,,,,to review,,,goa-mystery-dungeon-2-shiren-the-wanderer-pacorepkin
enemies,Zoltan,Strategy,1-Low,1x1,FTL,1,1,Feat,Put up a shield that stops a hit before it lands,N/A,Zoltan,,,,,ok,A Zoltan shield keeps a hit — and a boarding party — off the hull entirely,,,,,,to review,,,goa-ftl-zoltan
enemies,Mantis Boarder,Strategy,2-Medium,1x1,FTL,1,2,Feat,Repel an enemy that reaches your own side,N/A,MantisBoarder,,,,,ok,Mantis crews teleport aboard and fight you in your own rooms,,,,,,to review,,,goa-ftl-mantis-boarder
bosses,Rebel Flagship,Strategy,4-Insane,2x2,FTL,1,9,Bounty,Defeat the final boss of the game,N/A,RebelFlagship,,,,,ok,"The Last Stand's three-phase flagship, and the only way a run is won",,,,,,to review,,,goa-ftl-rebel-flagship
enemies,Psion,Strategy,1-Low,1x1,Into the Breach,1,1,Bounty,Defeat the enemy that is making the others stronger,N/A,Psion,,,,,ok,Harmless itself; every other Vek loses its buff the moment it dies,,,,,,to review,,,goa-into-the-breach-psion
enemies,Scarab,Strategy,2-Medium,1x1,Into the Breach,1,2,Bounty,Defeat an enemy that outranges you,N/A,Scarab,bug,,,,ok,Lobs artillery from five tiles away,,,,,,to review,,,goa-into-the-breach-scarab
bosses,Spider Leader,Strategy,2-Medium,2x2,Into the Breach,1,5,Feat,Destroy an egg before it hatches,N/A,SpiderLeader,"bug, spider",,,,ok,An island boss whose whole threat is the eggs it leaves behind,,,,,,to review,,,goa-into-the-breach-spider-leader
enemies,Titan,Strategy,3-High,2x2,Dwarf Fortress,1,3,Bounty,Defeat an enemy that came to attack your home,N/A,Titan,,,,,ok,A surface megabeast that paths to your fort once it is rich enough to notice,"A procedurally generated megabeast of the surface, attracted by a fortress's wealth and population, that paths straight to it.",,,,https://dwarffortresswiki.org/index.php/Titan,to review,,,goa-dwarf-fortress-titan
bosses,Forgotten Beast,Strategy,2-Medium,2x2,Dwarf Fortress,1,5,Discovery,Meet a monster the game invented for this run,N/A,ForgottenBeast,,,,,ok,"Procedurally generated in the caverns, and no two are ever the same",The underground equivalent of titans: a procedurally generated horror woken by digging too deep.,,,,https://dwarffortresswiki.org/index.php/Forgotten_beast,to review,,,goa-dwarf-fortress-forgotten-beast
bosses,Bronze Colossus,Strategy,3-High,2x2,Dwarf Fortress,1,7,Bounty,Defeat an enemy made of metal,N/A,BronzeColossus,,,,,ok,A bronze statue that has to be worn down rather than hurt; it feels no pain,"A megabeast in the form of a gigantic bronze humanoid; killed, it leaves a masterwork bronze statue of itself.",,,,https://dwarffortresswiki.org/index.php/Bronze_colossus,to review,,,goa-dwarf-fortress-bronze-colossus
enemies,Slime,Deckbuilder,1-Low,1x1,Dicey Dungeons,1,1,Feat,Poison an enemy,N/A,Slime,slime,,,,ok,"Its element is Poison and it carries Slime Balls and Toxic Ooze, so a slime is usually the first poison a run meets; the goal turns that round.",A low-level enemy that only ever says 'SLORP'. Dislikes broccoli.,,,,https://diceydungeons.fandom.com/wiki/Slime,to review,,,goa-dicey-dungeons-slime
enemies,Snowman,Deckbuilder,2-Medium,1x1,Dicey Dungeons,1,2,Bounty,Defeat an enemy made of ice or snow,N/A,Snowman,ice,,,,ok,"A buff snowman who came into the dungeon looking for the Fireman, throwing Snowballs that freeze your dice.",One of the game's Super enemies; fire and burn equipment is the wiki's advice against him.,,,,https://diceydungeons.fandom.com/wiki/Snowman,to review,,,goa-dicey-dungeons-snowman
bosses,Lady Luck,Deckbuilder,4-Insane,2x2,Dicey Dungeons,1,9,Feat,Win a fight decided by a lucky roll,N/A,LadyLuck,,,,,ok,"The goddess of the gameshow, and the dungeon is dice: the prize she offers is a ruse, and every contestant finally confronts her in the Backstage.","The host of Dicey Dungeons and its endgame boss, after every contestant's Bonus Round.",,,,https://diceydungeons.fandom.com/wiki/Lady_Luck,to review,,,goa-dicey-dungeons-lady-luck
enemies,Stumpy Stump,Deckbuilder,1-Low,1x1,Peglin,1,1,Bounty,Defeat an enemy sheltering behind a fallen one's body,N/A,StumpyStump,plant,,,,ok,"A dead Stump leaves a corpse that can't move or attack but blocks non-piercing shots at whatever stands behind it, so the fight is getting round your own kills. (The old row's 'an enemy that is a plant' sits too close to Skul's 'Defeat a tree'.)","A weak Forest tree-stump (200 health, 2 damage) whose boards are packed with bombs and dense pegs.",,,,https://peglin.wiki.gg/wiki/Stumpy_Stump,to review,,,goa-peglin-stumpy-stump
bosses,Thesaurosus,Deckbuilder,2-Medium,2x2,Peglin,1,5,Discovery,Meet an enemy whose name is a pun,N/A,Thesaurosus,,,,,ok,"A thesaurus-saurus, and Peglin names nearly everything this way (Knight Knight, Slenderlin, Pigment of Imagination, Wand of Skulltimate Greed).","The Mines' boss: a stationary dinosaur with 12,000 health whose fire breath pulls your orbs towards a board exit, gaining strength each time one falls in.",,,,https://peglin.wiki.gg/wiki/Thesaurosus,to review,,,goa-peglin-thesaurosus
enemies,Jack of Dust,Deckbuilder,1-Low,1x1,Hand of Fate,1,1,Bounty,Defeat a bandit or a thief,N/A,JackOfDust,,,,,ok,"The Dust suit is human thieves, and the Jack is their elite",,,,,,to review,,,goa-hand-of-fate-jack-of-dust
enemies,King of Scales,Deckbuilder,2-Medium,1x1,Hand of Fate,1,2,Bounty,Defeat a lizard or a reptile,N/A,KingOfScales,,,,,ok,Scales is the lizardman suit; the King is its heaviest card,,,,,,to review,,,goa-hand-of-fate-king-of-scales
bosses,The Dealer,Deckbuilder,3-High,2x2,Hand of Fate,1,7,Feat,Beat the game's own narrator,N/A,TheDealer,,,,,ok,He deals the cards all game and is the thirteenth and last boss,,,,,,to review,,,goa-hand-of-fate-the-dealer
enemies,Caveman,Action,1-Low,1x1,Spelunky Classic,1,1,Bounty,Defeat an enemy that charges straight at you,N/A,Caveman,,,,,ok,"Runs at you and does nothing else, which is the whole of its plan",,,,,,to review,,,goa-spelunky-classic-caveman
bosses,Selt,Action,1-Low,2x2,UnderMine,1,3,Feat,Jump over an attack,N/A,Selt,,,,,ok,"Selt's rock waves and her closing charge are both dodged by jumping over them, and the jump is UnderMine's own dodge. (The old row said only her tail takes damage; the wiki gives her no weak spot, so 'hit one specific spot' moved to Ponzu, whose crystal is one.)","Queen of Sand, the Goldmine's last boss and the cause of its earthquakes: a giant sandworm that lays eggs that hatch into Larvae, sends rock waves while chasing her tail, then burrows and charges.",,,,https://undermine.wiki.gg/wiki/Selt,to review,,,goa-undermine-selt
bosses,Seer,Action,3-High,2x2,UnderMine,1,7,Bounty,Defeat a boss that leaves fire wherever it walks,N/A,Seer,fire,,,,ok,"Seer's footprints set you alight, and so does touching her. (The old row's 'beat a boss without healing' repeats a live goal, 'Beat a game without purposefully healing', a size up.)","World's Heart, the final boss of the Golden Core: her footprints and her touch ignite, she spits bouncing orbs and meteors, and hides behind a red cloud that a bomb in her face cancels.",,,,https://undermine.wiki.gg/wiki/Seer,to review,,,goa-undermine-seer
enemies,Snake,Action,1-Low,1x1,Spelunky Classic,1,1,Bounty,Defeat a snake,N/A,Snake,,,,,ok,"Fixed against the wiki: nothing ties the snake to the first room. 'Any game featuring a whip-toting, fedora-sporting treasure hunter also stipulates the ophidiophobic hero's worst fear': the Mines' basic snake, now a plain Bounty.",,,,,,to review,,,goa-spelunky-classic-snake
enemies,Bones,Strategy,1-Low,1x1,Slice & Dice,1,1,Bounty,Defeat an enemy that another enemy summoned,N/A,Bones,"undead, skeleton",,,,ok,"Bones are what other monsters summon: the Grave, the Imp, the Wisp and the Chest all have a 'Bone Ritual' side, and the Lich summons them at health breakpoints.","A tiny 4-HP skeleton with 3-4 damage on every side; weak alone, deadly as a swarm, and when one dies it hits the monsters above and below it for 1.",,,,https://slice-and-dice.fandom.com/wiki/Bones,to review,,,goa-slice-and-dice-bones
enemies,Demon,Strategy,2-Medium,1x1,Slice & Dice,1,2,Bounty,Defeat a demon,N/A,Demon,demon,,,,?,"The Demon is what Hexia, the hardest final boss, summons; players say it can end a run on its own. The wiki has no page for it, so this rests on player comments: check it in game.",A monster summoned by Hexia in her final-boss fight (from player discussion; no wiki page).,,,,https://tann.itch.io/slice-dice/comments?after=325,to review,,,goa-slice-and-dice-demon
enemies,Shielder,Strategy,1-Low,1x1,Shogun Showdown,1,1,Feat,Strip a shield off an enemy,N/A,Shielder,,,,,ok,Casts shields that eat one instance of damage for an ally,,,,,,to review,,,goa-shogun-showdown-shielder
enemies,Grappler,Strategy,2-Medium,1x1,Shogun Showdown,1,2,Bounty,Defeat an enemy that drags you into melee,N/A,Grappler,,,,,?,"Checked against the wiki: it has no Grappler page, and its enemy table gives only lore ('a formidable foe, the grappler's mysterious origins add to its fearsome reputation'), so dragging you into melee can't be confirmed there.",,,,,,to review,,,goa-shogun-showdown-grappler
bosses,The Shogun,Strategy,4-Insane,2x2,Shogun Showdown,1,9,Feat,Beat a boss that has more than one phase,N/A,TheShogun,,,,,ok,"The run's target, and he has a second phase",,,,,,to review,,,goa-shogun-showdown-the-shogun
enemies,Tick,Strategy,1-Low,1x1,Dome Keeper,1,1,Bounty,Defeat an enemy before it reaches you,N/A,Tick,bug,,,,ok,"Tiny, arrives in groups, and the whole threat is it getting to the dome",,,,,,to review,,,goa-dome-keeper-tick
enemies,Driller,Strategy,2-Medium,1x1,Dome Keeper,1,2,Feat,Repair something an enemy has broken,N/A,Driller,,,,,ok,"Big and slow, carrying a drill that chews sustained damage into the dome",,,,,,to review,,,goa-dome-keeper-driller
enemies,Barbarian,Strategy,1-Low,1x1,Legend of Keepers: Career of a Dungeon Manager,1,1,Bounty,Defeat a hero,N/A,Barbarian,,,,,ok,"In a game where you are the dungeon, the heroes are the monsters",,,,,,to review,,,goa-legend-of-keepers-career-of-a-dungeon-manager-barbarian
enemies,Priestess,Strategy,2-Medium,1x1,Legend of Keepers: Career of a Dungeon Manager,1,2,Bounty,Defeat an enemy that heals the others,N/A,Priestess,,,,,ok,The healer in the party raiding your dungeon,,,,"Korlok Tyrant-Weed (Deep Rock Galactic: Survivor): a mini-boss behind spitting sprouts that grows healing pods, so you clear what keeps it alive first; Proteron (Returnal): never attacks at all, and heals every enemy in the room at once through green beams, announced by a pulse as you enter",,to review,,,goa-legend-of-keepers-career-of-a-dungeon-manager-priestess
bosses,Owl,Strategy,3-High,2x2,Ring of Pain,1,7,Discovery,Reach a secret or alternate ending,N/A,Owl,bird,,,,ok,"The final boss of the Dark Ending, which is not the ending you get by default",,,,,,to review,,,goa-ring-of-pain-owl
enemies,Polar Bear,Deckbuilder,2-Medium,1x1,Backpack Hero,1,2,Bounty,Defeat a bear,N/A,PolarBear,bear,,,,ok,From the Frozen Heart's roster,"A beast with 170 HP: 'Rarely seen outside of the arctic wastes and frozen core, polar bears will fight anyone willing to test their mettle.'",,,,https://backpackhero.wiki.gg/wiki/Enemies,to review,,,goa-backpack-hero-polar-bear
bosses,Farseer,Deckbuilder,3-High,2x2,Backpack Hero,1,7,Discovery,See what a room holds before you enter it,N/A,Farseer,,,,,?,"Kept from the blind pass, but the wiki can't confirm it: the Enemies table gives the Farseer 800 HP, the Chosen Cultist's power, a revive into a new phase on defeat, and the line 'He corrupts'. Nothing about seeing ahead beyond the name.",A boss with 800 HP that revives and changes phases when defeated.,,,,https://backpackhero.wiki.gg/wiki/Enemies,to review,,,goa-backpack-hero-farseer
enemies,Wolf,Deckbuilder,1-Low,1x1,Across the Obelisk,1,1,Bounty,Defeat a wolf,N/A,Wolf,wolf,,,,?,"Checked against the wiki: 34 pages, and no Wolf or enemy list beyond a stub, so the body can't be confirmed there.",,,,,,to review,,,goa-across-the-obelisk-wolf
enemies,Houndmaster,Deckbuilder,2-Medium,1x1,Across the Obelisk,1,2,Bounty,Defeat an enemy that fights alongside an animal,N/A,Houndmaster,,,,,?,Checked against the wiki: no Houndmaster page and a stub enemy list; a search finds nothing.,,,,,,to review,,,goa-across-the-obelisk-houndmaster
enemies,Former Human,Traditional,1-Low,1x1,Jupiter Hell,1,1,Bounty,Defeat someone who used to be on your side,N/A,FormerHuman,undead,,,,ok,"The colony's own crew, turned; the first thing the game shows you",,,,,,to review,,,goa-jupiter-hell-former-human
enemies,Turret,Traditional,2-Medium,1x1,Jupiter Hell,1,2,Bounty,Defeat an enemy that cannot move,N/A,Turret,robot,,,,ok,"CalSec's bolted-down gun, which shoots and never follows",,,,,,to review,,,goa-jupiter-hell-turret
enemies,Prismancer,Traditional,3-High,1x1,Rift Wizard,1,3,Feat,Use three different elements in one fight,N/A,Prismancer,,,,,?,"Checked against the wiki: it has pages for spells and only three monsters (the Tormentors), and none for a Prismancer, so neither the enemy nor its elements can be confirmed there.",,,,,,to review,,,goa-rift-wizard-prismancer
enemies,Archer,Traditional,1-Low,1x1,Hoplite,1,1,Feat,Beat a ranged enemy by standing next to it,N/A,Archer,,,,,ok,Range 5 and cannot attack an adjacent tile at all,,,,,,to review,,,goa-hoplite-archer
enemies,Wizard,Traditional,2-Medium,1x1,Hoplite,1,2,Feat,Use an enemy as cover,N/A,Wizard,,,,,ok,Its fire beam will not fire through another demon,,,,,,to review,,,goa-hoplite-wizard
enemies,Elite Kappa,Action,2-Medium,1x1,Gunfire Reborn,1,2,Bounty,Defeat a creature that lives in water,N/A,EliteKappa,,,,,ok,"A kappa is a river spirit, and it fights like one",,,,,,to review,,,goa-gunfire-reborn-elite-kappa
bosses,Abyssal Serpent,Action,3-High,1x3,Gunfire Reborn,1,7,Bounty,Defeat a giant serpent,N/A,AbyssalSerpent,,,,,ok,"An act boss, and long enough to need the room",,,,,,to review,,,goa-gunfire-reborn-abyssal-serpent
enemies,Pawn,Strategy,1-Low,1x1,Shotgun King: The Final Checkmate,1,1,Discovery,Watch a weak enemy turn into a strong one,N/A,Pawn,,,,,ok,"Reaches the far side and is promoted into a knight, a rook, a bishop or a queen",,,,,,to review,,,goa-shotgun-king-the-final-checkmate-pawn
enemies,Rook,Strategy,2-Medium,1x1,Shotgun King: The Final Checkmate,1,2,Bounty,Defeat an enemy that can only move in straight lines,N/A,Rook,,,,,ok,It moves and attacks orthogonally and has never done anything else,,,,,,to review,,,goa-shotgun-king-the-final-checkmate-rook
bosses,White King,Strategy,3-High,2x2,Shotgun King: The Final Checkmate,1,7,Feat,Defeat a boss that grows when it is cornered,N/A,WhiteKing,,,,,?,"Checked against the wiki: nothing says the White King grows when cornered; he is the chess king you hunt across 12 floors, guarded by his pieces. A chess-flavoured fix ('checkmate a king') would repeat the Deep Blues candidates, so the row waits for the owner.",,,,,,to review,,,goa-shotgun-king-the-final-checkmate-white-king
bosses,The Butcher,Action,2-Medium,2x2,Diablo,1,5,Discovery,Meet an enemy that speaks to you,N/A,TheButcher,,,,,ok,"""Ah, fresh meat!"" — greeting you from a room strewn with the townsfolk he butchered","A unique overlord with a cleaver in a room of corpses on level 2, who greets you with 'Ah... Fresh meat!'",,,,https://diablo.fandom.com/wiki/The_Butcher_(Diablo_I),to review,,,goa-diablo-the-butcher
bosses,King Leoric,Action,3-High,2x2,Diablo,1,7,Bounty,Defeat an enemy that heals off the damage it deals,N/A,KingLeoric,"undead, skeleton",,,,ok,"Diablo's Skeleton King under his own name, since Ball x Pit's crowned one already has the sheet's Skeleton King; he heals for everything he takes off you","The Skeleton King, in his tomb off level 3: raises skeletons as they fall, and every point of damage he deals heals him (100% life steal).",,,,https://diablo.fandom.com/wiki/Skeleton_King_(Diablo_I),to review,,,goa-diablo-king-leoric
enemies,Chaos Cyclops,Action,3-High,1x1,Wizard of Legend,1,3,Bounty,Defeat a one-eyed enemy,N/A,ChaosCyclops,eye,,,,ok,"A chaos-tier body from the Chaos Trials, where every enemy has a chaos variant",,,,,,to review,,,goa-wizard-of-legend-chaos-cyclops
enemies,Marching Ghost,Action,1-Low,1x1,Halls of Torment,1,1,Bounty,Defeat an enemy that moves in formation with others,N/A,MarchingGhost,undead,,,,ok,The Forgotten Viaduct's ghosts arrive in step and stay in step,,,,,,to review,,,goa-halls-of-torment-marching-ghost
enemies,Possessed Effigy,Action,2-Medium,1x1,Halls of Torment,1,2,Discovery,Watch a statue come to life,N/A,PossessedEffigy,statue,,,,ok,An effigy that stops being scenery,,,,,,to review,,,goa-halls-of-torment-possessed-effigy
bosses,"The Archivist, King of Old",Strategy,3-High,2x2,The Last Spell,1,7,Feat,Break something a boss is standing on,N/A,TheArchivistKingOfOld,,,,,ok,Its throne has to come down before the boss itself can be hurt,,,,,,to review,,,goa-the-last-spell-the-archivist-king-of-old
enemies,Treeguard,Action,2-Medium,1x1,Don't Starve,1,2,Feat,Make peace with an enemy you provoked,N/A,Treeguard,plant,,,,ok,"It wakes because you cut down its trees, and planting pine cones nearby settles it","A walking tree that can rise when an Evergreen is chopped; hostile to the woodcutter, pacified by planting new trees nearby.",,,,https://dontstarve.wiki.gg/wiki/Treeguard,to review,,,goa-don-t-starve-treeguard
bosses,Deerclops,Action,2-Medium,2x2,Don't Starve,1,5,Discovery,Meet an enemy that only comes out in one season,N/A,Deerclops,,,,,ok,"Winter only, and it walks through your camp on the way to you","A one-eyed giant active only in Winter, which wrecks camps and drains Sanity.",,,,https://dontstarve.wiki.gg/wiki/Deerclops,to review,,,goa-don-t-starve-deerclops
enemies,Sloth,Strategy,1-Low,1x1,Super Auto Pets,1,1,Restriction,Win a fight with the worst unit you have,N/A,Sloth,,,,,ok,"Tier 1, does nothing at all, and is beloved for it",,,,,,to review,,,goa-super-auto-pets-sloth
enemies,Gelatinous Cube,Traditional,2-Medium,1x1,Dungeonmans,1,2,Bounty,Defeat an enemy that engulfs what it touches,N/A,GelatinousCube,slime,,,,ok,"The dungeon's slow-moving cube, straight off the tabletop",,,,,,to review,,,goa-dungeonmans-gelatinous-cube
enemies,Drakee,Traditional,1-Low,1x1,Torneko's Great Adventure: Mystery Dungeon,1,1,Fetch,Take an item off an enemy that was carrying it,N/A,Drakee,,,,,ok,Monsters here spawn holding an item and drop it when they die,,,,,,to review,,,goa-torneko-s-great-adventure-mystery-dungeon-drakee
bosses,Baezl'bub,Traditional,4-Insane,2x2,Powder,1,9,Fetch,Carry a trophy from the last boss back to where you started,N/A,BaezlBub,demon,,,,ok,"Kill the arch-daemon on level 25, then carry his heart all the way back to the surface",,,,,,to review,,,goa-powder-baezl-bub
enemies,Grid Bug,Traditional,1-Low,1x1,NetHack,1,1,Bounty,Defeat an enemy with your very first attack,N/A,GridBug,bug,,,,ok,"The first monster most NetHack players ever kill, usually in one swing; a 1-Low body for the bug tag.",The weakest monster in the game; it can't move or attack diagonally.,bug tag (5 bodies),,,https://nethackwiki.com/wiki/Grid_Bug,to review,,,goa-nethack-grid-bug
enemies,Soldier Ant,Traditional,2-Medium,1x1,NetHack,1,2,Feat,Defeat an enemy that is faster than you,N/A,SoldierAnt,bug,,,,ok,Famous for being fast and deadly: one of the top causes of death in NetHack. Every game has a fast enemy.,"A fast, poisonous ant, among the most common early-game killers (#3 on NAO's death list).",bug tag,,,https://nethackwiki.com/wiki/Soldier_Ant,to review,,,goa-nethack-soldier-ant
enemies,Quantum Mechanic,Traditional,2-Medium,1x1,NetHack,1,2,Feat,Get teleported against your will,N/A,QuantumMechanic,,,,,ok,"Its one attack teleports you; being moved somewhere you didn't choose happens in lots of roguelikes (traps, enemies, portals). 'Defeat an enemy that teleports' is a different goal (Dungeons of Dredmor candidate).",A humanoid whose claw teleports its target at random.,,,,https://nethackwiki.com/wiki/Quantum_Mechanic,to review,,,goa-nethack-quantum-mechanic
enemies,Unicorn,Traditional,2-Medium,1x1,NetHack,1,2,Feat,Give a gift to an enemy,N/A,Unicorn,,,,,ok,Throwing gems to a unicorn is NetHack's most famous peaceful interaction (it pays in Luck). A gift to an enemy is a Regent-style 'make a friend' moment any game with trading or feeding can host.,"Three alignments of unicorn; throw it a gem and it may pay you in Luck, kill a co-aligned one and lose Luck.",Luck,,,https://nethackwiki.com/wiki/Unicorn,to review,,,goa-nethack-unicorn
bosses,Vlad the Impaler,Traditional,3-High,2x2,NetHack,1,7,Discovery,Climb to the top of a tower,N/A,VladTheImpaler,vampire,,,,ok,"Vlad waits at the top of his own tower; climbing to the top of something is a natural Discovery. No live body carries the vampire tag yet (Spelunky 2's Vampire is the other candidate), and the Whip and Bloody Tear (goal: defeat a vampire) and Antonio's level-up have been waiting for.",A unique vampire lord who guards the Candelabrum of Invocation at the top of Vlad's Tower.,"vampire goals (Whip, Bloody Tear, Antonio)",,,https://nethackwiki.com/wiki/Vlad_the_Impaler,to review,,,goa-nethack-vlad-the-impaler
enemies,Sigmund,Traditional,2-Medium,1x1,Dungeon Crawl Stone Soup,1,2,Bounty,Defeat an enemy far above your level,N/A,Sigmund,,,,,ok,Sigmund is the early unique that ends runs: he turns up on the second floor with a scythe and spells meant for a much later one. Beating something out of its depth is a goal every roguelike offers. ('Defeat a named enemy' is already an Angband candidate.),"Sigmund the Dreaded, one of the earliest and deadliest uniques (D:2-6), with a scythe, a robe and confusion and invisibility spells.",,,,http://crawl.chaosforge.org/Sigmund,to review,,,goa-dungeon-crawl-stone-soup-sigmund
enemies,Hydra,Traditional,2-Medium,1x1,Dungeon Crawl Stone Soup,1,2,Feat,Defeat an enemy that gets stronger each time you hit it,N/A,Hydra,,,,,ok,Cut a hydra's neck with a slashing weapon and it grows another head (another attack). The live roster has a splitter but nothing that grows from being hit.,"A many-headed reptile of the Lair and Swamp; slashing attacks sever heads, which regrow unless the stump is burned.",,,,http://crawl.chaosforge.org/Hydra,to review,,,goa-dungeon-crawl-stone-soup-hydra
bosses,Royal Jelly,Traditional,2-Medium,2x2,Dungeon Crawl Stone Soup,1,5,Bounty,Defeat a boss guarding a treasure vault,N/A,RoyalJelly,slime,,,,ok,"The Slime Pits' boss sits in front of a guaranteed treasure vault and the slimy rune; that pairing, a guardian and its hoard, is everywhere. A second slime boss for the slime tag.","The jelly boss of Slime:5: huge HP, acid, and every time it's damaged it spawns other jellies.",slime tag,,,http://crawl.chaosforge.org/Royal_Jelly,to review,,,goa-dungeon-crawl-stone-soup-royal-jelly
enemies,Gharbad the Weak,Action,1-Low,1x1,Diablo,1,1,Feat,Spare an enemy that begs for its life,N/A,GharbadTheWeak,,,,,ok,"Gharbad begs to be spared and promises a reward, then turns on you. Sparing an enemy is a choice many games offer (Undertale onwards), and it's his whole story.","A unique Flesh Clan goatman on level 4 who offers a reward in exchange for his life, then attacks after a few visits.",,,,https://diablo.fandom.com/wiki/Gharbad_the_Weak_(Diablo_I),to review,,,goa-diablo-gharbad-the-weak
enemies,Fallen One,Action,1-Low,1x1,Diablo,1,1,Feat,Make a group of enemies flee,N/A,FallenOne,,,,,ok,"Fallen attack in swarms but scatter in panic when one of them dies, which every Diablo player remembers. Routing a group works in any game where enemies can flee; it pairs with the Terrified status candidate.",Small imps that attack in large groups and run away in fear when one of their number is killed.,Terrified (status candidate),,,https://diablo.fandom.com/wiki/Fallen_One_(Diablo_I),to review,,,goa-diablo-fallen-one
bosses,Archbishop Lazarus,Action,3-High,2x2,Diablo,1,7,Discovery,"Defeat a boss inside a church, temple or cathedral",N/A,ArchbishopLazarus,,,,,ok,The traitor priest who led Tristram's people to the Butcher waits in the deepest part of the cathedral's underworld. Churches and temples are common settings in action roguelikes. With Leoric and the Butcher he makes Diablo's three bosses.,"The corrupted archbishop who lured the townsfolk to their deaths; fought at the end of his own quest, teleporting and summoning.",,,,https://diablo.fandom.com/wiki/Archbishop_Lazarus,to review,,,goa-diablo-archbishop-lazarus
enemies,Hound,Action,1-Low,1x1,Don't Starve,1,1,Feat,Survive a wave of enemies that arrives on a timer,N/A,Hound,dog,,,,ok,"The growling that warns a hound attack is coming is Don't Starve's clock. Timed waves are in survivors-likes, tower defence and roguelites alike.","Packs that attack every 3-13 days, announced by growling, bigger as the game goes on.",dog tag (1 body),,,https://dontstarve.wiki.gg/wiki/Hound,to review,,,goa-don-t-starve-hound
enemies,Werepig,Action,2-Medium,1x1,Don't Starve,1,2,Feat,Defeat an enemy at night or under a full moon,N/A,Werepig,,,,,ok,"Pigs turn into Werepigs at the full moon. A day/night clock is common, and night fights are a natural Feat. ('Witness an enemy transform' is already a Streets of Rogue candidate, so the night is the goal, not the change.)",Pigs become hostile Werepigs during a full moon or after eating too much monster meat.,,,,https://dontstarve.wiki.gg/wiki/Werepig,to review,,,goa-don-t-starve-werepig
enemies,Tentacle,Action,2-Medium,1x1,Don't Starve,1,2,Restriction,Cross a swamp or marsh without getting hit,N/A,Tentacle,,,,,ok,"Tentacles hide under the marsh and lash out at whatever walks past; the marsh is the danger, so crossing it untouched is the goal. ('Defeat an enemy that burrows' is a Risk of Rain candidate.)",Hidden in Marshes and Caves; the ground bubbles before one bursts up and attacks.,,,,https://dontstarve.wiki.gg/wiki/Tentacle,to review,,,goa-don-t-starve-tentacle
bosses,Ancient Guardian,Action,3-High,2x2,Don't Starve,1,7,Feat,Make a charging enemy crash into a wall,N/A,AncientGuardian,,,,,ok,"The Guardian charges like a Clockwork Rook, and the way to beat it is to make it hit the walls. Dodging a charge into terrain is an action-game staple. Don't Starve's bosses are now two: Deerclops and the Guardian.","The boss of the Ruins' Labyrinth: 2500 Health, charges at the player.",,,,https://dontstarve.wiki.gg/wiki/Ancient_Guardian,to review,,,goa-don-t-starve-ancient-guardian
bosses,Hag,Strategy,2-Medium,2x2,Darkest Dungeon,1,5,Feat,Rescue an ally that an enemy has captured,N/A,Hag,,,,,ok,The Hag's fight is her cooking pot: she throws a hero in and you have to get them out. Rescuing a captured ally is common in party games. With the Collector and the Shambler she makes Darkest Dungeon's three bosses.,"The Weald's boss: her pot takes the front ranks, and heroes thrown into it cook until rescued.",,,"Mini U.F.O. (Atomicrops): abducts your farm animals rather than a hero, and each one taken comes back as an Alien Pod enemy",https://darkestdungeon.wiki.gg/wiki/Hag,to review,,,goa-darkest-dungeon-hag
enemies,Carp,Strategy,1-Low,1x1,Dwarf Fortress,1,1,Feat,Get hurt by something that looked harmless,N/A,Carp,fish,,,,?,"The killer carp is one of the game's most famous legends: older versions made them savage. The wiki notes that current carp are benign, so the joke is the history. Any game has its harmless-looking hazard.","Freshwater fish in groups of 5-10; infamous in earlier versions for their aggression and powerful bite, an inconvenience at worst today.",fish tag,,,https://dwarffortresswiki.org/index.php/Carp,to review,,,goa-dwarf-fortress-carp
bosses,Shamura,Action,3-High,2x2,Cult of the Lamb,1,7,Feat,Defeat a boss that never stops chasing you,N/A,Shamura,spider,,,,ok,"Shamura, the eldest Bishop, rushes the Lamb and stays glued to them, with spiders bursting from webs. Being hounded is a common boss pattern. With Leshy and the live One Who Waits, Cult of the Lamb's three bosses.","The oldest Bishop, ruler of the Silk Cradle: a purple spider, the most aggressive boss in the game. 'Five becomes four becomes three becomes two becomes one becomes nothing.'",spider tag,,,https://cult-of-the-lamb.fandom.com/wiki/Shamura,to review,,,goa-cult-of-the-lamb-shamura
enemies,The Hangman,Strategy,2-Medium,1x1,For the King,1,2,Feat,Win a fight before a countdown on you runs out,N/A,TheHangman,,,,,ok,The Hangman marks a hero for death: the mark kills in a few turns unless the fight is won (or fled). Racing a death timer is a goal many games host. Pairs with the Doomed status candidate.,A creature with the Death Mark ability: a marked character dies 2-4 moves later unless the battle is won first.,Doomed (status candidate),,,https://fortheking.wiki.gg/wiki/Death_Mark,to review,,,goa-for-the-king-the-hangman
bosses,The Golem King,Action,1-Low,2x2,Moonlighter,1,3,Feat,Dodge an attack you can only see coming by its shadow,N/A,TheGolemKing,,,,,ok,"The Golem King's stone fist drops from above and the shadow is the only warning; reading shadows is an action staple. ('A boss that never moves' is already Gurdy's goal, so the shadow is his.)",The Golem Dungeon's boss: an immobile giant boulder whose flying stone hand smashes down where its shadow falls.,,,,https://moonlighter.fandom.com/wiki/The_Golem_King,to review,,,goa-moonlighter-the-golem-king
bosses,Carnivorous Mutae,Action,2-Medium,2x2,Moonlighter,1,5,Bounty,Defeat a boss after clearing every minion it planted,N/A,CarnivorousMutae,,,,,ok,"The Mutae plants spore-spitting plants around the arena, and clearing them first is the recommended strategy. A boss with adds is everywhere.","The Forest Dungeon's boss: a massive carnivorous plant that plants spitting minions, roots the floor with spikes and poisons on touch.",,,,https://moonlighter.fandom.com/wiki/Carnivorous_Mutae,to review,,,goa-moonlighter-carnivorous-mutae
enemies,Stevari,Action,3-High,1x1,Noita,1,3,Feat,Anger the guards by breaking something you shouldn't,N/A,Stevari,,,,,ok,"Stevari ('Steve') appears only if you damage the Holy Mountain, and hits as hard as anything in the game. Provoking a guardian by vandalism is a gag many games share (shopkeepers, guards, angels).","A flying skeletal guard that spawns when the Holy Mountain's protected brickwork is damaged: 600 health, very high damage; 'Mall Cop' to the community.",,,,https://noita.wiki.gg/wiki/Stevari,to review,,,goa-noita-stevari
bosses,Ponzu,Action,2-Medium,2x2,UnderMine,1,5,Feat,Defeat an enemy by hitting one specific spot,N/A,Ponzu,,,,,ok,Ponzu can only be hurt through the crystal on one of his necks; everything else is armour. The goal first drafted (blind) for Selt belongs here.,"Scaled Assembly, the Shimmering Caverns boss: heads rise out of four pits, a new one each quarter of his health, headbutting the walls to summon Scales.",Hades' many-headed candidate is about the heads; this is about the weak spot,,,https://undermine.wiki.gg/wiki/Ponzu,to review,,,goa-undermine-ponzu
bosses,Noori,Action,1-Low,2x2,UnderMine,1,3,Feat,Light a torch,N/A,Noori,,,,,ok,"The four torches in Noori's room set its armour: each one out takes 25% off your damage, all four out and it takes none. Relighting them is the fight.","Spectre of Darkness, the Halls of Din's boss: it snuffs the torches, opens portals for a hand to strike through, and fires cursed homing orbs.",,,,"https://undermine.wiki.gg/wiki/Noori,_Spectre_of_Darkness",to review,,,goa-undermine-noori
bosses,Mortar,Action,2-Medium,2x2,UnderMine,1,5,Feat,Defeat a boss with a bomb,N/A,Mortar,rock,,,,ok,"Mortar can only be hurt directly by bombs; anything else has to go through his orbs or arms. UnderMine is a bomb game, and the board has bombs.","Charged Golem, the Delvemore Dungeon's boss: a lightning golem that slams its arms down and sends orbs out that electrify the water.","Bombs (verb), bomb-immune bosses",,,"https://undermine.wiki.gg/wiki/Mortar,_Charged_Golem",to review,,,goa-undermine-mortar
bosses,"Din, the Old King",Action,3-High,2x2,UnderMine,1,7,Bounty,Defeat a character who helped you earlier in the same game,N/A,DinTheOldKing,,,,,ok,"Din is Arkanos, the archmage who greets you at the mine and sends you down it; at half health he drops the act. A friend turning out to be the last boss is a common twist.","The true final boss: after the five bosses' stones are collected, Arkanos becomes Din, a giant hurt only through the crystal in his ribcage, who sweeps you into the void.",,,,"https://undermine.wiki.gg/wiki/Din,_the_Old_King",to review,,,goa-undermine-din-the-old-king
enemies,Ogre Annihilator,Action,2-Medium,1x1,UnderMine,1,2,Feat,Defeat an enemy with its own weapon,N/A,OgreAnnihilator,,,,,ok,"The Annihilator is immune to everything but his own bombs, knocked back at him. 'Its own weapon' covers a thrown bomb, a dropped sword or a stolen gun; plain reflection is already Host's goal.",A Shimmering Caverns ogre that walks the room then throws one to three Rook's Bombs that explode in a plus shape.,,,,https://undermine.wiki.gg/wiki/Ogre_Annihilator,to review,,,goa-undermine-ogre-annihilator
enemies,Hoarding Pilfer,Action,2-Medium,1x1,UnderMine,1,2,Bounty,Defeat a treasure creature before it gets away,N/A,HoardingPilfer,slime,,,,ok,"A golden slime that drops gold every time it's hit and leaves after a while; ten hits before it goes pays a Blessing. The treasure goblin is a genre fixture. (The plain Pilfer, which steals dropped gold, is covered by two live goals: Giggling Minister's and Leprechaun's.)","A rare golden Pilfer (5% a floor) that drops Gold and Thorium when hit instead of stealing, hides in chests, and leaves on a timer.",,,"Scrounger (Ring of Pain): a treasure-dropping creature that walks one space toward the exit every 4 turns and leaves the floor if it gets there; Loot Bug (Deep Rock Galactic: Survivor): a harmless grub full of gold that never fights back or runs; Chrysoid (Returnal): a golden, harmless creature full of currency that runs and burrows away after a few seconds; Treasure Plane (Octogeddon): never attacks and pays coins every time it is hit as well as when it goes down",https://undermine.wiki.gg/wiki/Hoarding_Pilfer,to review,,,goa-undermine-hoarding-pilfer
enemies,Spectral Blade,Traditional,1-Low,1x1,Brogue,1,1,Feat,Let a summon land the killing blow,N/A,SpectralBlade,,,,,ok,"Your own Staff of Conjuration summons spectral blades too, and they fight for you until they flicker out. The goal first drafted for the Goblin Conjurer, on the body it was really about.","A flickering, ethereal weapon that swarms, levitates and fades after a while; summoned by goblin conjurers and by the staff of conjuration.",,,,https://brogue.fandom.com/wiki/Spectral_Blade,to review,,,goa-brogue-spectral-blade
enemies,Phylactery,Traditional,2-Medium,1x1,Brogue,1,2,Bounty,Destroy the thing keeping an enemy alive,N/A,Phylactery,undead,,,,ok,Kill a Lich and it reverts into a Phylactery; leave it and it becomes a Lich again. The Phoenix and its egg work the same way.,"The vessel a slain Lich turns into: helpless, but if not destroyed quickly it rises as a Lich again.","Lich (live boss, Enter the Gungeon)",,,https://brogue.fandom.com/wiki/Phylactery,to review,,,goa-brogue-phylactery
enemies,Acid Mound,Traditional,1-Low,1x1,Brogue,1,1,Feat,Take off your weapon to fight an enemy,N/A,AcidMound,slime,,,,ok,"Every hit on an acid mound corrodes your weapon, so Brogue players unequip it and punch; the game even warns you before you swing.","A mostly harmless blob that corrodes your weapon when you hit it and your armour when it hits you, a point of enchantment each time.",,,,https://brogue.fandom.com/wiki/Acid_Mound,to review,,,goa-brogue-acid-mound
bosses,Goblin Warlord,Traditional,2-Medium,2x2,Brogue,1,5,Bounty,Defeat a boss that runs from you,N/A,GoblinWarlord,goblin,,,,ok,"The warlord isn't threatening himself: he summons goblins, mystics and conjurers to fight for him and flees whenever he can.","The boss of a Goblin Warren, guarding rare items such as keys; he summons goblin packs and runs.",,,"Kowa the Coward (Shogun Showdown): a boss who runs from you and puts the enemies he spawns between you and him; Balrog (Red Rogue): the final boss holds the Amulet of Yendor and flees to the stairs, so the fight is cutting him off",https://brogue.fandom.com/wiki/Goblin_Warlord,to review,,,goa-brogue-goblin-warlord
bosses,Mama Tick,Action,2-Medium,2x2,Dead Cells,1,5,Feat,Skip a boss fight,N/A,MamaTick,bug,,,,ok,Her fight can be skipped altogether by sacrificing the Mushroom Boi at the Swamp Priest's altar; attack her eye and it starts anyway.,"A tier 1 boss in the Nest (The Bad Seed DLC): a giant tick in the water, only her eye showing at first, hiding her body as she takes damage.",,,,https://deadcells.wiki.gg/wiki/Mama_Tick,to review,,,goa-dead-cells-mama-tick
bosses,The Servants,Action,2-Medium,2x2,Dead Cells,1,5,Feat,Climb ahead of rising fire to the top of a level,N/A,TheServants,fire,,,,ok,"The Lighthouse burns from the bottom as you climb it, with Calliope, then Euterpe, then Kleio chasing you up and stopping you to fight.","Three bosses (The Queen and the Sea DLC), one per stat (Survival, Tactics, Brutality), fought on the way up the burning Lighthouse to the Queen.",,,,https://deadcells.wiki.gg/wiki/The_Servants,to review,,,goa-dead-cells-the-servants
enemies,Gold Gorger,Action,2-Medium,1x1,Dead Cells,1,2,Bounty,Defeat an enemy made of gold,N/A,GoldGorger,,,,,ok,"They absorb dropped gold to grow into stronger forms behind a force field, then drop every coin they ate.","Golden enemies of the Bank, with stolen tridents and swords; 50 gold makes their second form, 300 their third.",,,,https://deadcells.wiki.gg/wiki/Gold_Gorger,to review,,,goa-dead-cells-gold-gorger
bosses,Beetle Queen,Action,2-Medium,2x2,Risk of Rain 2,1,5,Bounty,Defeat a queen,N/A,BeetleQueen,bug,,,,ok,"The queen of the Beetle family, who calls Beetle Guards to her and fires acid that leaves burning pools.","A teleporter boss that spits arcs of acid, summons Beetle Guards and leaves lingering acid pools.",,,,https://riskofrain2.wiki.gg/wiki/Beetle_Queen,to review,,,goa-risk-of-rain-2-beetle-queen
bosses,Wandering Vagrant,Action,1-Low,2x2,Risk of Rain 2,1,3,Feat,Hide behind something to survive an attack,N/A,WanderingVagrant,fish,,,,ok,Its Genesis Supernova fills the area; the way through is to break line of sight behind terrain.,"A returning jellyfish boss that fires orb volleys and a slow homing orb bomb, and charges a supernova you can only hide from.",,,,https://riskofrain2.wiki.gg/wiki/Wandering_Vagrant,to review,,,goa-risk-of-rain-2-wandering-vagrant
enemies,Hermit Crab,Action,1-Low,1x1,Risk of Rain 2,1,1,Feat,Knock an enemy off the edge of the map,N/A,HermitCrab,,,,,ok,The challenge 'The Demons And The Crabs' asks you to chase 20 Hermit Crabs off the map's edge. Push is a verb here.,A ground mortar that buries itself to fire volleys from a distance; any hit over half its health stuns it.,Push (verb),,,https://riskofrain2.wiki.gg/wiki/Hermit_Crab,to review,,,goa-risk-of-rain-2-hermit-crab
bosses,Graveyard Golem,Strategy,2-Medium,2x2,The King is Watching,1,5,Feat,Sneak past a sleeping enemy without waking it,N/A,GraveyardGolem,undead,,,,ok,"The Wandering Graveyard shuffles about until it naps; asleep it's harmless, woken early it rampages. The wiki's advice is to tiptoe round it.",The Graveyard map's third-rank boss: a golem of countless corpses with a cemetery on its back that shakes undead loose to join the attack.,,,,https://thekingiswatching.wiki.gg/wiki/Graveyard_Golem,to review,,,goa-the-king-is-watching-graveyard-golem
bosses,Monkey King,Strategy,2-Medium,2x2,The King is Watching,1,5,Feat,Tell the real enemy apart from its illusions,N/A,MonkeyKing,monkey,,,,ok,He floods the field with illusions so your gaze chases false threats while his monkeys raid the kingdom. Create an Illusion is already a live goal; this is the other side.,A Shifting Sands boss: a rebellious trickster who lets no one else call himself king on his mountain.,,,,https://thekingiswatching.wiki.gg/wiki/Monkey_King,to review,,,goa-the-king-is-watching-monkey-king
bosses,O'Cthulupus,Strategy,1-Low,2x2,The King is Watching,1,3,Bounty,Defeat a pirate,N/A,OCthulupus,,,,,ok,"Part pirate, part eldritch horror, with cannons bolted to his tentacles; between volleys he drags away supplies and weapons.","The Dark Realm's first-rank boss, who fires on your units and steals from the kingdom.",,,,https://thekingiswatching.wiki.gg/wiki/O'Cthulupus,to review,,,goa-the-king-is-watching-o-cthulupus
bosses,Smokeeye,Strategy,1-Low,2x2,The King is Watching,1,3,Bounty,Defeat a sniper,N/A,Smokeeye,"goblin, gun",,,,ok,"A mercenary sharpshooter with a rifle 'welded together during a tantrum'; he stuns your troops with smoke, runs, and rings himself with spikes.","The Volcano's first-rank boss, hired by the Scarlet Goblins.",,,,https://thekingiswatching.wiki.gg/wiki/Smokeeye,to review,,,goa-the-king-is-watching-smokeeye
bosses,Unholy Crones,Strategy,2-Medium,2x2,The King is Watching,1,5,Bounty,Defeat a witch,N/A,UnholyCrones,,,,,ok,"Four sisters chasing necromancy and eternal youth, whose sibling rivalry keeps undermining their plans.","The Graveyard's second-rank boss: four crones, one flying, one in melee and two casting, each dealing its own kind of damage.",,,,https://thekingiswatching.wiki.gg/wiki/Unholy_Crones,to review,,,goa-the-king-is-watching-unholy-crones
bosses,Trigger Twins,Action,2-Medium,2x2,Enter the Gungeon,1,5,Bounty,Defeat a pair of twins,N/A,TriggerTwins,,,,,ok,Smiley and Shades share the fight; kill one and the other flies into a rage with new attacks.,"A Keep of the Lead Lord boss: two Bullet Kin brothers who charge, summon Bullet Kin and fire their own signature attacks.",,,"Orpheus and Erudyce (Barony): the sibling Archmagisters fought together at the end, a fire-and-melee brother and an ice-and-ranged sister",https://enterthegungeon.wiki.gg/wiki/Trigger_Twins,to review,,,goa-enter-the-gungeon-trigger-twins
bosses,HM Absolution,Action,3-High,2x2,Enter the Gungeon,1,7,Discovery,Go back to your character's past and change it,N/A,HMAbsolution,,,,,ok,"Every Gungeoneer comes to the Gungeon to kill their past; the Pilot's ends at the HM Absolution, the warship he fled, leaving his friend Z behind.","The Imperial Hegemony's warship in the Pilot's past, reached with the Bullet That Can Kill The Past.",,,,https://enterthegungeon.wiki.gg/wiki/Pilot,to review,,,goa-enter-the-gungeon-hm-absolution
bosses,Star Spawn,Strategy,2-Medium,2x2,Aethermancer,1,5,Bounty,Defeat a creature from the Cthulhu mythos,N/A,StarSpawn,,,,,ok,"Its name and design come straight from H. P. Lovecraft, and eldritch horrors from his stories turn up across games.",The Champion of the Forbidden Fortress: a stronger monster with more Poise and two turns a round.,,,,https://aethermancer.wiki.gg/wiki/Star_Spawn,to review,,,goa-aethermancer-star-spawn
bosses,Ravager,Strategy,2-Medium,2x2,Aethermancer,1,5,Bounty,Defeat a wendigo,N/A,Ravager,,,,,ok,"Inspired by the Wendigo of Algonquian folklore, the spirit of insatiable hunger, which many games borrow.",The alternative Champion of the Pilgrimage Path.,,,,https://aethermancer.wiki.gg/wiki/Ravager,to review,,,goa-aethermancer-ravager
enemies,Wolpertinger,Strategy,1-Low,1x1,Aethermancer,1,1,Bounty,Defeat a horned or winged rabbit,N/A,Wolpertinger,,,,,ok,"The Bavarian wolpertinger: a small mammal, usually a hare, with wings, antlers and fangs. Killer and horned rabbits turn up in plenty of games. (Not 'a creature stitched from animals', which Curse of the Dead Gods' candidate already is.)",A Wind monster of the Pilgrimage Path and the Fortress's first zone; its Memento comes free with the Cherufe starter.,,,,https://aethermancer.wiki.gg/wiki/Wolpertinger,to review,,,goa-aethermancer-wolpertinger
enemies,Mandragora,Strategy,1-Low,1x1,Aethermancer,1,1,Bounty,Defeat a mandrake,N/A,Mandragora,plant,,,,ok,"The mandrake, the root shaped like a small person, from European and Middle Eastern folklore; it turns up as an enemy or an ingredient in many games.","An Ambush monster in the Pilgrimage Path's second and third zones, staggered by Fire.",,,,https://aethermancer.wiki.gg/wiki/Mandragora,to review,,,goa-aethermancer-mandragora
enemies,Kid,Traditional,2-Medium,1x1,Azure Dreams,1,2,Feat,Hatch a monster from an egg,N/A,Kid,baby,,,,ok,"Kid is the infant dragon you hatch yourself: 'it can be tamed by the person who hatched its egg', and becomes a Dragon at level 20. Azure Dreams' familiars all come from eggs found in the tower and hatched in the Monster Hut. (Into the Breach's candidate is the opposite: destroying one.)","A Fire monster never met in the Monster Tower: the infant form of the Dragon, with a severe temper.",,,,https://azure-dreams.fandom.com/wiki/Kid,to review,,,goa-azure-dreams-kid
bosses,The Moon,Action,2-Medium,2x2,Ball x Pit,1,5,Bounty,Defeat the moon,N/A,TheMoon,,,,,ok,The last boss of the Vast Void is the moon itself. Fighting a moon (or something wearing its face) happens in more games than you'd think. ('Go to a Moon' is a live goal; this is fighting one.),The final boss of The VASTxVOID.,,,,https://ballxpit.wiki.gg/wiki/The_Moon,to review,,,goa-ball-x-pit-the-moon
enemies,Alarm-bot,Action,1-Low,1x1,Scourgebringer,1,1,Feat,Stop an enemy before it raises the alarm,N/A,AlarmBot,robot,,,,ok,It does no damage at all: its whole job is to alert its surroundings and the ScourgeBringer's defences to an intruder. Alarms are a stealth staple; Cogmind's candidate is about not being seen at all.,"A bot that flies around a room raising the alarm when it detects you, very vulnerable to stuns while it does.",,,,https://scourgebringer.fandom.com/wiki/Alarm-bot,to review,,,goa-scourgebringer-alarm-bot
bosses,Judge CandleMask,Action,2-Medium,2x2,Scourgebringer,1,5,Feat,Attack a boss from its blind spot,N/A,JudgeCandleMask,,,,,ok,Its own description: 'The one who lays candles. Always be in its blind spot.',"The second Judge, of the Still Bastion: it sweeps vertical and horizontal lasers across the room and fires bullets from the candles it spreads.",,,,https://scourgebringer.fandom.com/wiki/Judge_CandleMask,to review,,,goa-scourgebringer-judge-candlemask
enemies,Shinobo,Action,1-Low,1x1,Patch Quest,1,1,Bounty,Defeat a ninja,N/A,Shinobo,monkey,,,,ok,"A purple monkey in a red headband whose skills are a Kung Flip, a Drowsy kung fu strike, a flurry of shuriken and the Kung Fury super move.",A Zen Zone beast; a Jumbo Shinobo is the boss of the Shinobo Lair.,,,,https://patch-quest.fandom.com/wiki/Shinobo,to review,,,goa-patch-quest-shinobo
enemies,Nachzehrer,Strategy,2-Medium,1x1,Battle Brothers,1,2,Feat,Stop an enemy from eating a corpse,N/A,Nachzehrer,,,,,ok,"Nachzehrers eat corpses, even their own kind's, to grow a size, heal fully and lift their morale; the wiki's advice is to stand on the corpses yourself or spearwall them.","A ghoulish beast of the plains and steppes, in three sizes; the largest can swallow a man whole.",,,,https://battlebrothers.fandom.com/wiki/Nachzehrer,to review,,,goa-battle-brothers-nachzehrer
enemies,Alp,Strategy,1-Low,1x1,Battle Brothers,1,1,Feat,Wake an ally an enemy put to sleep,N/A,Alp,,,,,ok,"Alps put your men to sleep, then feed them nightmares that hurt and wake them; you can spend a turn shaking a brother awake.","A pale nighttime beast found everywhere but forests, swamps and hills, and in 'Ending the Nightmare' contracts.",,,,https://battlebrothers.fandom.com/wiki/Alp,to review,,,goa-battle-brothers-alp
enemies,Hexe,Strategy,2-Medium,1x1,Battle Brothers,1,2,Bounty,Defeat the enemy that charmed your ally,N/A,Hexe,,,,,ok,"A Hexe's Charm turns one of your brothers against you for two turns, and it ends early only if she's dead. (Cogmind's candidate is watching it happen; this is ending it.)","A witch guarded by beasts or brigands she has charmed, who also casts Hex.",,,,https://battlebrothers.fandom.com/wiki/Hexe,to review,,,goa-battle-brothers-hexe
enemies,Unhold,Strategy,2-Medium,2x2,Battle Brothers,1,2,Bounty,Defeat a giant,N/A,Unhold,,,,,ok,"Unholds are the giants of Battle Brothers, hunted in 'Hunting Giants' contracts; there are regular, Bog and Frost Unholds, and armoured ones.","A huge, regenerating brute of the hills, tundras and mountains.",,,,https://battlebrothers.fandom.com/wiki/Unhold,to review,,,goa-battle-brothers-unhold
enemies,The Ghost,Action,3-High,1x1,Spelunky,1,3,Feat,Leave a level before an unbeatable enemy comes for you,N/A,TheGhost,undead,,,,ok,"It appears if you linger on a level (about two and a half minutes), has 9999 health and kills on touch: it exists to stop greedy treasure hunters loitering. (Named 'The Ghost', as the wiki writes it, because Crypt of the NecroDancer's Ghost is already a candidate.)","The ultimate danger in Spelunky, which you can play the whole game without ever seeing.",,,,https://spelunky.fandom.com/wiki/Ghost_(HD),to review,,,goa-spelunky-the-ghost
bosses,King Yama,Action,3-High,2x2,Spelunky,1,7,Bounty,Defeat the king of hell,N/A,KingYama,god,,,,ok,"The ruler of Hell, the largest enemy in the game, with his henchmen Horse Head and Ox Face; beaten, his face tears off his skull and keeps fighting.","The true final boss, on the last level of Hell (5-4), reached only through the City of Gold.",,,,https://spelunky.fandom.com/wiki/King_Yama_(HD),to review,,,goa-spelunky-king-yama
bosses,Yeti King,Action,2-Medium,2x2,Spelunky,1,5,Feat,Survive an avalanche,N/A,YetiKing,,,,,ok,His roar brings ice blocks crashing down from the ceiling and can blast you through the air.,"The Ice Caves' mini-boss, found in Yeti Kingdom levels with a guard of Yetis.",,,,https://spelunky.fandom.com/wiki/Yeti_King_(HD),to review,,,goa-spelunky-yeti-king
bosses,The Brohannes,Action,3-High,2x2,Rogue Legacy,1,7,Feat,Play as the villain,N/A,TheBrohannes,,,,,ok,"The secret final boss: Johannes's two brothers, and for this fight you don't play your hero, you play Johannes, the traitor himself.",A remix boss reached through any boss gate after giving Charon the Traitor's Obol; beating it unlocks the Traitor class.,,,"Octogeddon (Octogeddon): the hero is the monster, a mutant octopus wrecking human landmarks in revenge for sushi",https://roguelegacy.wiki.gg/wiki/The_Brohannes,to review,,,goa-rogue-legacy-the-brohannes
enemies,Darkling,Deckbuilder,2-Medium,1x1,Slay the Spire,1,2,Feat,"Defeat a group of enemies that revive each other, all at once",N/A,Darkling,,,,,ok,Darklings come in threes and a dead one comes back unless all three die together: you have to finish them in the same turn.,"Act 3 enemies that harden, nip and reincarnate while any Darkling still stands.",,,,https://slaythespire.wiki.gg/wiki/Darkling,to review,,,goa-slay-the-spire-darkling
enemies,Thanatos,Action,2-Medium,1x1,Hades,1,2,Feat,Beat a rival to the most kills in one fight,N/A,Thanatos,,,,,ok,Death himself sometimes appears at the start of an encounter and challenges Zagreus to see who can slay more shades; he can't be hurt during the contest.,"The personification of Death, Nyx's son and Hypnos's twin, and Zagreus's oldest friend.",,,,https://hades.fandom.com/wiki/Thanatos,to review,,,goa-hades-thanatos
bosses,Hades,Action,3-High,2x2,Hades,1,7,Bounty,Defeat your own father,N/A,Hades,god,,,,ok,"The whole game is an escape from the house of your father, who waits at the Temple of Styx's exit as the final boss.","The god of the Underworld, master of the House, Zagreus's father and the main antagonist.",,,,https://hades.fandom.com/wiki/Hades,to review,,,goa-hades-hades
bosses,Dreaming General,Strategy,3-High,2x2,Darkest Dungeon 2,1,7,Bounty,Defeat an enemy before it wakes up,N/A,DreamingGeneral,undead,,,,ok,"He is locked in a nightmare slumber and never wakes; the wiki's own line is 'End his suffering, and grant his soul the rest he longs for'.","The Cadaver lair boss of the Tangle, an armoured colossus asleep in his keep, with a Tap Root that forces heroes to act out his nightmare.",,,,https://darkestdungeon.wiki.gg/wiki/Dreaming_General,to review,,,goa-darkest-dungeon-2-dreaming-general
bosses,Librarian,Strategy,2-Medium,2x2,Darkest Dungeon 2,1,5,Feat,Destroy the cover an enemy is hiding behind,N/A,Librarian,fire,,,,ok,"He starts the fight behind three stacks of books, and burning them down is what opens him up (and sets him alight).","The Fanatic lair boss of the Sprawl, teetering on a moving ladder in the Great Library, burning books and flinging the pages.",Hoplite's 'Use an enemy as cover' is the other side of it,,,https://darkestdungeon.wiki.gg/wiki/Librarian,to review,,,goa-darkest-dungeon-2-librarian
bosses,Leviathan,Strategy,3-High,2x2,Darkest Dungeon 2,1,7,Feat,Break off part of a boss before you defeat it,N/A,Leviathan,fish,,,,ok,"A two-part fight: the Leviathan's Hand drags a hero into the sea, and destroying the hand frees them, until it is summoned again.","The Fisherfolk lair boss of the Shroud, at the Sacred Pier: 'They must be made to see that their monstrous god is mortal.'",,,,https://darkestdungeon.wiki.gg/wiki/Leviathan,to review,,,goa-darkest-dungeon-2-leviathan
bosses,The Shackles of Denial,Strategy,3-High,2x2,Darkest Dungeon 2,1,7,Restriction,Beat a boss using only one kind of attack,N/A,TheShacklesOfDenial,,,,,ok,"Each round one of its chains Denies a whole kind of skill (melee, ranged, healing or stress), so you fight it with what you are left with.","The final boss of the Denial confession, the world's mind chained by its own command.",,,,https://darkestdungeon.wiki.gg/wiki/The_Shackles_of_Denial,to review,,,goa-darkest-dungeon-2-the-shackles-of-denial
enemies,Implication,Strategy,2-Medium,1x1,Darkest Dungeon 2,1,2,Feat,Defeat an enemy while it is reloading,N/A,Implication,gun,,,,ok,"A massive cannon that must reload between every shot, which is the window the wiki tells you to use.","A Pillager enemy: a slow cannon that hits the whole party and misses often, with heavy armour in between shots.",,,,https://darkestdungeon.wiki.gg/wiki/Implication,to review,,,goa-darkest-dungeon-2-implication
bosses,Special Offer,Action,2-Medium,2x2,Star of Providence,1,5,Feat,Haggle a shop's price down,N/A,SpecialOffer,robot,,,,ok,"The fight's objective is not the boss but the item floating about the room: you shoot its price down from 999,999 debris.","A secret Seal fight against a mech-riding Bloke, started by buying his Seal in Bloke's Shop after Overlord falls.",,,,https://starofprovidence.wiki.gg/wiki/Special_Offer,to review,,,goa-star-of-providence-special-offer
bosses,Database,Action,4-Insane,2x2,Star of Providence,1,9,Bounty,Defeat a boss made of two earlier bosses,N/A,Database,robot,,,,ok,Between its four phases it sends one of 8 fusions of bosses from earlier floors at you.,"The boss of Nowhere, the secret seventh floor: a mechanical apparatus over stone-cased server towers, its arena glitching as the fight goes on.",,,,https://starofprovidence.wiki.gg/wiki/Database,to review,,,goa-star-of-providence-database
bosses,Lucid Dream,Action,3-High,2x2,Star of Providence,1,7,Feat,Win a fight without defeating every enemy in it,N/A,LucidDream,,,,,ok,"Three crystals, three enemies (a mage, an Angel and a bat-like mech), and on Normal you only have to beat two of them, in the order you choose.","A Loop boss on Floor 4, only on Loop 7 and up.",,,Black Bishop (Shotgun King: The Final Checkmate): a secret boss you only meet by leaving exactly one bishop alive when you kill the White King,https://starofprovidence.wiki.gg/wiki/Lucid_Dream,to review,,,goa-star-of-providence-lucid-dream
enemies,Whorl,Action,1-Low,1x1,Risk of Rain,1,1,Feat,Drown an enemy,N/A,Whorl,,,,,ok,"Drowning 20 Whorls is the achievement 'Sleepin' With The...', which unlocks an item.",A carapaced flier with a short slowing beam; the field notes' explorer nearly had their suit cracked by one.,,,,https://riskofrain.fandom.com/wiki/Whorl,to review,,,goa-risk-of-rain-whorl
enemies,Clown,Strategy,1-Low,1x1,For the King 2,1,1,Bounty,Defeat a clown,N/A,Clown,,,,,ok,"Clowns are the Dark Carnival's foot soldiers: the Ringmaster calls in four at three-quarters health, and Clown Jeremy fights with a Fool's Banjo.","A family of creatures in the Dark Carnival, FtK2's endless mode of floors.",,,"Pierrot (Dead Estate): THE FRAGILE FOOL, a clown boss bouncing on a rainbow ball, then crying tear bullets on foot",https://fortheking.wiki.gg/wiki/Ringmaster_(FTK2),to review,,,goa-for-the-king-2-clown
bosses,Queen Rosomon,Strategy,3-High,2x2,For the King 2,1,7,Bounty,Overthrow a ruler,N/A,QueenRosomon,,,,,ok,"The whole campaign is a resistance against her: she is the boss of the final area, the Castle Gates.","The mad queen of Fahrul, a four-tile boss with a staff who summons two Chaos Beasts once hurt enough.",,,,https://fortheking.wiki.gg/wiki/Queen_Rosomon_(FTK2),to review,,,goa-for-the-king-2-queen-rosomon
bosses,Metal Patriarch,Action,2-Medium,2x2,A Robot Named Fight!,1,5,Feat,Defeat the pilot hiding inside a machine,N/A,MetalPatriarch,robot,,,,ok,A Beak Lord that has infested a large metal shell; its chest armour opens after each laser and you shoot the Beak Lord hiding inside before it closes.,"The boss of the Factory: shoulder cannons, homing missiles and a head-mounted laser.",,,,https://a-robot-named-fight.fandom.com/wiki/Metal_Patriarch,to review,,,goa-a-robot-named-fight-metal-patriarch
bosses,Polyphemus,Action,2-Medium,2x2,A Robot Named Fight!,1,5,Feat,Blind an enemy,N/A,Polyphemus,eye,,,,ok,"Shoot its red eye and you blind it, which opens its two weak points; the strategy is to do it again and again.","A boss of the Buried City: a floating, shelled orb of meat with eyes on every side, which breaks out of its shell when hurt enough.",,,,https://a-robot-named-fight.fandom.com/wiki/Polyphemus,to review,,,goa-a-robot-named-fight-polyphemus
enemies,False Beast,Action,2-Medium,1x1,A Robot Named Fight!,1,2,Feat,Defeat an illusion by destroying what projects it,N/A,FalseBeast,,,,,ok,An illusionary Mouth Meat that cannot be damaged at all; hit its Projector and it charges you until the Projector is destroyed.,"An enemy summoned by a False Beast Projector, which the Thief orb can also spawn by mistake.",the illusionist ability,,,https://a-robot-named-fight.fandom.com/wiki/False_Beast,to review,,,goa-a-robot-named-fight-false-beast
bosses,The Porcupine,Deckbuilder,2-Medium,2x2,Monster Train,1,5,Feat,Defeat an enemy that hurts you when you hit it,N/A,ThePorcupine,,,,,ok,Her wings were clipped and regrew so many times that her back is all spines: 'Don't touch my back!',A Clipped boss of Ring 4 who refuses to give up her wings.,,,,https://monster-train.fandom.com/wiki/The_Porcupine,to review,,,goa-monster-train-the-porcupine
bosses,The Last Divinity,Deckbuilder,4-Insane,2x2,Monster Train,1,9,Bounty,Defeat a boss that fills the whole battlefield,N/A,TheLastDivinity,,,,,ok,"It spans all three floors of the train and attacks every floor every turn, with Sweep on the top, Multistrike in the middle and Trample at the bottom.","The DLC's true final boss in Ring 9, after Seraph, if you collected 100 Pact Shards (or always in Hell Rush).",,,,https://monster-train.fandom.com/wiki/The_Last_Divinity,to review,,,goa-monster-train-the-last-divinity
bosses,"Jotun, Who Parts Limbs",Traditional,2-Medium,2x2,Caves of Qud,1,5,Feat,Lose a limb and keep fighting,N/A,JotunWhoPartsLimbs,,,,,ok,"His name says it: a legendary troll who dual-wields two-handed carbide battle axes, and in Qud a limb can come off.",The first of three legendary trolls in the healing pools of Bethesda Susa.,,,,"https://wiki.cavesofqud.com/wiki/Jotun,_Who_Parts_Limbs",to review,,,goa-caves-of-qud-jotun-who-parts-limbs
bosses,Girsh Qas,Traditional,3-High,2x2,Caves of Qud,1,7,Bounty,Defeat a boss whose death makes the rest stronger,N/A,GirshQas,,,,,ok,Kill Qas and every remaining Girsh gains +25 Quickness; pacify her with the water ritual instead and they don't.,"One of the six Girsh Nephilim, found with Girsh Qon under their chuppah, three strata down the Moon Stair.",,,,https://wiki.cavesofqud.com/wiki/Girsh_Qas,to review,,,goa-caves-of-qud-girsh-qas
bosses,Jester,Deckbuilder,2-Medium,2x2,Dicey Dungeons,1,5,Bounty,Defeat an enemy that comes back stronger every time you beat it,N/A,Jester,,,,,ok,"The Jester levels up each time it is defeated, and changes its equipment every turn; beating it is how the sixth contestant unlocks.",A unique enemy and the announcer for the first part of the game.,,,,https://diceydungeons.fandom.com/wiki/Jester_(Enemy),to review,,,goa-dicey-dungeons-jester
enemies,Wicker Man,Deckbuilder,2-Medium,1x1,Dicey Dungeons,1,2,Feat,Set a scarecrow or a straw man on fire,N/A,WickerMan,,,,,ok,"Made of wicker, weak to fire, and cheerful about it: 'I'll just weave myself back together again... Maybe this time I'll weave myself longer legs!'",A level-4 enemy who came into the dungeons on a voyage of self-discovery.,,,,https://diceydungeons.fandom.com/wiki/Wicker_Man,to review,,,goa-dicey-dungeons-wicker-man
bosses,Violette,Action,2-Medium,2x2,One Step From Eden,1,5,Feat,Dodge attacks that come in time with the music,N/A,Violette,,,,,ok,The only boss whose attacks are bound to the rhythm of her theme; syncopated sections make the attacks come faster.,"One of the playable heroes, fought as a boss when you aren't playing her.",,,,https://onestepfromeden.fandom.com/wiki/Violette_(Boss),to review,,,goa-one-step-from-eden-violette
bosses,Terra,Action,2-Medium,2x2,One Step From Eden,1,5,Feat,Win a fight while the floor breaks away under you,N/A,Terra,,,,,ok,"Her fight is built on Break tiles that shrink the space you have to dodge in, with spinners that turn when they hit a broken tile.",A playable hero fought as a boss.,,,,https://onestepfromeden.fandom.com/wiki/Terra_(Boss),to review,,,goa-one-step-from-eden-terra
bosses,Terrable,Action,4-Insane,2x2,One Step From Eden,1,9,Restriction,Spare every boss you beat in a run,N/A,Terrable,,,,,ok,"She is only fought at the end of the Pacifist route, which you reach by sparing the bosses instead of executing them; she opens by destroying the Gate.",The Pacifist route's final boss. Diablo's 'Spare an enemy that begs for its life' (candidate) is the single-enemy version.,,,,https://onestepfromeden.fandom.com/wiki/Terrable,to review,,,goa-one-step-from-eden-terrable
bosses,Gemini,Action,2-Medium,2x2,Astral Ascent,1,5,Discovery,Defeat a boss named after your own star sign,N/A,Gemini,,,,,ok,"The twelve bosses are the Zodiacs, each a star sign; any of them could carry this goal, and Gemini, the twins, is the one most players can name.","A Zodiac of the Crimson Highlands; Zodiacs can also be summoned, set challenges and be chosen as an affinity.",,,,https://astralascent.wiki.gg/wiki/Gemini,to review,,,goa-astral-ascent-gemini
bosses,Big Bandit,Action,1-Low,2x2,Nuclear Throne,1,3,Feat,Defeat a boss in under 10 seconds,N/A,BigBandit,,,,,ok,"Kill him in less than 10 seconds and a portal opens to a secret area, the Oasis.","The first boss, who jumps out of a wall in the Desert after you kill a tenth of the enemies on 1-3.",,,,https://nuclear-throne.fandom.com/wiki/Big_Bandit,to review,,,goa-nuclear-throne-big-bandit
bosses,The Nuclear Throne,Action,4-Insane,2x2,Nuclear Throne,1,9,Discovery,Sit on a throne,N/A,TheNuclearThrone,,,,,ok,"A skeleton sits on the throne at the end of a long red carpet, and you can't climb up to it; the whole game is the race to take its seat.","The Palace's final boss: the throne itself, which grows legs, fires its beam (walking the carpet sets it off) and ends your run when beaten.",,,,https://nuclear-throne.fandom.com/wiki/The_Nuclear_Throne,to review,,,goa-nuclear-throne-the-nuclear-throne
bosses,Invoker,Action,3-High,2x2,Brotato,1,7,Feat,Escape a ring of bullets closing in around you,N/A,Invoker,alien,,,,ok,"Every two seconds it primes an area of projectiles around you that lands a second later; each phase widens it, and in the last it races around the arena drawing a circle of projectiles around you. Getting out of the ring before it lands is the fight. (Moonlighter's Golem King, a candidate, already has the shadow-on-the-ground dodge.)","One of Brotato's wave-20 bosses: a 15,000-health caster that fills the arena with primed projectile zones.",,,,https://brotato.fandom.com/wiki/Invoker,to review,,,goa-brotato-invoker
enemies,Shapeshifter,Action,2-Medium,1x1,Streets of Rogue,1,2,Bounty,Find an enemy disguised as a harmless person,N/A,Shapeshifter,,,,,ok,"A Shapeshifter rides inside a random NPC who acts normally for their kind; the only tell is the red eyes, which glasses can hide. Once its host dies it pops out and runs, and it drops a lot of money, so hunting it pays. Mimics (candidates) pose as objects; this one poses as a person.","An NPC and playable character, the smallest in the game, that possesses other people's bodies.",,,,https://streetsofrogue.fandom.com/wiki/Shapeshifter,to review,,,goa-streets-of-rogue-shapeshifter
bosses,Mayor,Action,3-High,1x1,Streets of Rogue,1,7,Feat,Take a ruler's hat or crown,N/A,Mayor,,,,,ok,"The run ends when you take the Mayor's Hat; the Mayor wears it, is always on the minimap with 'GET HAT' over their head, and is never far from their security detail. How you get it (kill, steal, trick) is up to you.","The primary antagonist, found only in Mayor Village, doing one of seven things (sleeping, swimming, dancing...).",,,,https://streetsofrogue.fandom.com/wiki/Mayor,to review,,,goa-streets-of-rogue-mayor
bosses,Nekosh,Action,3-High,2x2,Dark Devotion,1,7,Bounty,Defeat a boss that reveals its true form,N/A,Nekosh,fire,,,,ok,"Nekosh is a small spellcaster until you beat him; then he tricks you into releasing his true form from the book he carries, a fire demon with two scythes. A boss that turns out to be something else is a staple of action games.","Nekosh - Keeper of the Books, the librarian and main boss of the Obsidian Cathedral, guarding its blasphemous archive.",fire tag,,,https://darkdevotion.fandom.com/wiki/Nekosh_-_Keeper_of_the_Books,to review,,,goa-dark-devotion-nekosh
bosses,Hezek,Action,2-Medium,2x2,Dark Devotion,1,5,Bounty,Defeat an enemy that breaks free of its chains,N/A,Hezek,,,,,ok,Hezek is chained to the wall by one wrist; in his second phase he tears his own arm off to chase you. Chained beasts that get loose are a familiar boss beat.,"Hezek - The Baptized, the masked brute with a spiked club who guards the Bloodied Paths: normally the first boss outside the tutorial.",,,,https://darkdevotion.fandom.com/wiki/Hezek_-_The_Baptized,to review,,,goa-dark-devotion-hezek
enemies,Dwarf monk,Traditional,2-Medium,1x1,Pixel Dungeon,1,2,Feat,Get your weapon knocked out of your hands,N/A,DwarfMonk,,,,,ok,"Monks strike twice for every attack you make and keep knocking the Hero's weapon to the floor, sometimes again and again as you pick it back up. Disarming is a classic roguelike trick, and losing your weapon mid-fight is something most games can do to you.","A Dwarven City enemy, fast martial artists; 1 in 30 spawns as a Senior monk.",,,,https://pixeldungeon.fandom.com/wiki/Dwarf_monk,to review,,,goa-pixel-dungeon-dwarf-monk
enemies,Gnoll shaman,Traditional,1-Low,1x1,Pixel Dungeon,1,1,Feat,Break line of sight to draw a ranged enemy in close,N/A,GnollShaman,,,,,ok,"Shamans throw lightning from a distance and are weak up close; the wiki's advice is to hide behind a door so it has to come to you, into melee. Fighting around corners is the oldest tactic in turn-based roguelikes.","A Sewers enemy, a gnoll caster with a powerful ranged lightning bolt and a feeble melee attack.",,,,https://pixeldungeon.fandom.com/wiki/Gnoll_shaman,to review,,,goa-pixel-dungeon-gnoll-shaman
enemies,Mana Devourer,Deckbuilder,3-High,1x1,SpellRogue,1,3,Feat,End a turn with nothing left unspent,N/A,ManaDevourer,,,,,ok,"Its Mana Hunger eats every die you leave unused at the end of a turn, and each one makes it stronger. Every deckbuilder has a resource that resets each turn (energy, mana, dice); spending all of it is the discipline this enemy punishes you for lacking.","A Void enemy that hits for 20 and Silences, and every few turns makes your spells lose charges.",,,,https://spellrogue.wiki.gg/wiki/Mana_Devourer,to review,,,goa-spellrogue-mana-devourer
bosses,Heart of the Forest,Deckbuilder,2-Medium,2x2,SpellRogue,1,5,Feat,Stun an enemy by hitting it hard enough in one blow,N/A,HeartOfTheForest,,,,,ok,"It starts with 25 Delicate: take that much Health off it in one go and it is Stunned; the threshold grows by 10 each turn, so the hit has to come early and big. Saving up for one huge hit is the deckbuilder fantasy.",A Deadwoods boss that summons two Roots of the Forest to its front and rear when it is alone.,,,,https://spellrogue.wiki.gg/wiki/Heart_of_the_Forest,to review,,,goa-spellrogue-heart-of-the-forest
enemies,Snarfrattle,Strategy,2-Medium,1x1,Curious Expedition,1,2,Bounty,Hunt down a beast someone has sworn revenge on,N/A,Snarfrattle,,,,,ok,"Snarfrattle only exists if you take the Kill Hyena quest from a vengeful one-armed hunter at the port (a nod to Moby-Dick), and it comes with two or three hyenas. Hunting a named beast for someone else is a quest most strategy and adventure games offer.","A unique black hyena, much stronger than a normal one; in RIVALS it wanders as an uncommon enemy instead.",,,,https://curious-expedition.fandom.com/wiki/Snarfrattle,to review,,,goa-curious-expedition-snarfrattle
enemies,One Punch,Strategy,3-High,1x1,LoneStar,1,3,Feat,Take an enemy's strongest blow and stay standing,N/A,OnePunch,,,,,?,Its whole bio is the goal: 'Anyone who can withstand a punch from Tomozou will be respected as a real man by him.' Every strategy game has an enemy with one huge telegraphed attack; letting it land and living is the dare.,"A bounty: Tomozou, a 'creepy bald guy' with a cute granddaughter, and one punch.",,,,https://lonestar.wiki.gg/wiki/One_Punch,to review,,,goa-lonestar-one-punch
enemies,Possum Player,Deckbuilder,2-Medium,1x1,Backpack Hero,1,2,Feat,Defeat an enemy that was only playing dead,N/A,PossumPlayer,,,,,?,"'You thought he was dead!' It only appears out of the Playing Possum event: the body you walked past gets up. Enemies that fake their death turn up across games, and spotting one is the trick.",A beast with 40 HP that spawns from the Playing Possum event.,,,,https://backpackhero.wiki.gg/wiki/Enemies,to review,,,goa-backpack-hero-possum-player
bosses,Knight of the Flame,Deckbuilder,3-High,2x2,Nowhere Prophet,1,7,Restriction,Win a fight after losing your strongest unit or card,N/A,KnightOfTheFlame,fire,,,,ok,"Its power Cull the Strong destroys your follower with the highest attack at the start of every one of your turns, so the fight is won by everything except your best piece. Every deckbuilder has a carry; losing it and winning anyway is the dare.","The boss guarding the Shiram Monastery, with Legendary Foe (a piece of legendary equipment added to the rewards).",fire tag,,,https://nowhere-prophet.fandom.com/wiki/Knight_of_the_Flame,to review,,,goa-nowhere-prophet-knight-of-the-flame
bosses,Ambas Worm,Deckbuilder,2-Medium,2x2,Nowhere Prophet,1,5,Feat,Land the finishing blow with your weakest card or unit,N/A,AmbasWorm,,,,,ok,"Ferocious Underdog: at the start of each of your turns the follower with the lowest attack, yours or its, gains +2 attack, so the smallest thing on the field keeps growing. Winning with the underdog is its whole joke.","A boss protecting the Abandoned Dam, a random location: 23 health and 0 armour at level 7.",,,,https://nowhere-prophet.fandom.com/wiki/Ambas_Worm,to review,,,goa-nowhere-prophet-ambas-worm
enemies,Replicator,Deckbuilder,2-Medium,1x1,Cobalt Core,1,2,Feat,Defeat an enemy before the weapons it keeps adding outgun you,N/A,Replicator,,,,,ok,"Dillian's tiny ship sprouts two new cannons every turn, 'slowly creating a wall of destruction', so the wiki's advice is a swift kill. A clock that ticks by the enemy growing is a shape every deckbuilder has (scaling enemies, Slay the Spire's Cultist).","DPL-55555 ""Replicator"", a 3-tile ship with two cockpits and one cannon to start, 8 hull and 14 shields.",,,,https://cobaltcore.wiki.gg/wiki/DPL-55555_%22Replicator%22,to review,,,goa-cobalt-core-replicator
enemies,Mysterious Tree,Action,2-Medium,1x1,20 Minutes Till Dawn,1,2,Feat,"Defeat an enemy far too tough to wear down, with something that hurts by a share of its health",N/A,MysteriousTree,,,,,ok,"An immobile tree with 45,000 health, more than any boss, so normal weapons barely dent it; Frostbite, which deals a percentage of max health, kills it easily. Percentage damage against a damage sponge is a trick from Pokémon's Super Fang to Souls bleed builds.",An immobile enemy in the Forest map.,,,,https://20-minutes-till-dawn.fandom.com/wiki/Mysterious_Tree,to review,,,goa-20-minutes-till-dawn-mysterious-tree
bosses,Time Weaver,Strategy,4-Insane,2x2,Ring of Pain,1,9,Restriction,Beat a game without reloading a save,N/A,TimeWeaver,,,,,ok,"It only appears if you continue or reload twice on the same floor: a Blocker with humongous stats and piercing damage, 'essentially a consequence for attempting to abuse the save system'. Save-scumming is possible in nearly every game, so refusing it is a goal anyone can hold to.",A unique creature that exists to punish reloading.,,,,https://ringofpain.fandom.com/wiki/Time_Weaver,to review,,,goa-ring-of-pain-time-weaver
bosses,Vran the Sullen,Deckbuilder,2-Medium,2x2,Tainted Grail: Conquest,1,5,Feat,Defeat a leader before his followers fall,N/A,VranTheSullen,,,,,ok,"Vran buffs his allies and lands a heavy attack whenever one of his companions dies, so the usual 'clear the minions first' makes him worse; the wiki's advice is to keep him stunned and decide the kill order. Kill order is the core puzzle of party battlers.","A boss with the Unbridled Frenzy ability, fought with a tank, a damage dealer and a healer.",,,,https://taintedgrail-conquest.fandom.com/wiki/Vran_the_Sullen,to review,,,goa-tainted-grail-conquest-vran-the-sullen
enemies,Lemurian Cavalry,Action,2-Medium,1x1,Risk of Rain Returns,1,2,Feat,Knock a rider off its mount,N/A,LemurianCavalry,,,,,ok,"The one Lemurian that rides: a red-plumed lancer on a tamed Boarlit. Riders are everywhere (goblin wolf-riders, knights, Spelunky's mounts), and unhorsing one is a move a player makes on purpose. It is the other side of Qilin's 'Ride an animal'.","A late-game enemy (Temple of the Elders, the final stage): a Lemurian in a helmet with a serrated spear, riding a domesticated, longer-tusked Boarlit.",,,"Biker (Picayune Dreams): the stage 3 boss charging you down on a motorcycle, a vehicle rather than a mount",https://riskofrainreturns.wiki.gg/wiki/Lemurian_Cavalry,to review,,,goa-risk-of-rain-returns-lemurian-cavalry
enemies,Clay Man,Action,1-Low,1x1,Risk of Rain Returns,1,1,Feat,Hit an enemy while hanging from a rope or a ladder,N/A,ClayMan,,,,,ok,"Its wiki singles it out as one of only four enemies that climb ropes and attack from them. Ropes and ladders are a platformer staple, and fighting from one instead of waiting until you're down is a small, real feat in most Action games.","A short man of black tar with an urn for a head and a golden sword; it rolls toward you, thrusts on a short cooldown, and follows you up ropes.",,,,https://riskofrainreturns.wiki.gg/wiki/Clay_Man,to review,,,goa-risk-of-rain-returns-clay-man
bosses,Lynx Totem,Action,2-Medium,2x2,Risk of Rain Returns,1,5,Feat,Destroy an idol that enemies worship,N/A,LynxTotem,rock,,,,ok,"A walking stone idol, the centre of the Lynx Tribe's religion, with a shaman on top calling the faithful to defend it. Idols, totems and shrines that monsters gather round are in a great many games; smashing one is the goal. NetHack's Aligned Cleric is the opposite act ('Worship at an altar').","A boss: a tall foliage-covered stone totem on two stubby legs, animated by the Lynx shaman riding it. It summons four Lynx Tribe members and is the only boss that jumps.",,,,https://riskofrainreturns.wiki.gg/wiki/Lynx_Totem,to review,,,goa-risk-of-rain-returns-lynx-totem
enemies,Severed,Action,2-Medium,1x1,Returnal,1,2,Feat,Defeat an enemy that followed you out of its room,N/A,Severed,,,,,ok,"Its teleport leaves a red trail and makes it one of the only hostiles a closed area door doesn't stop: leaving the room doesn't end the fight. Pursuers that break the room rule are a fixture (Resident Evil's Mr. X, Isaac's Hush-style chasers), and finishing one off after it chased you is the feat.","A blade-armed hostile of the Crimson Wastes. It walks, then slams its blade into the ground to teleport around the arena, and is always staggered at half health.",,,,https://returnal.fandom.com/wiki/Severed,to review,,,goa-returnal-severed
enemies,Crab,Action,1-Low,1x1,Crab Champions,1,1,Bounty,Defeat 3 crabs,N/A,Crab,crab,,,3,ok,"The most basic enemy of a game that is all crabs: it looks exactly like the player, without a weapon. Crabs are a stock enemy far beyond it (Terraria, Zelda's Sand Crabs, Hollow Knight, Risk of Rain), and a counted Bounty is how the live sheet does a common body (Fat Gremlin, Blobulin).","Crabs spawn in small groups from the start, in every biome but the Ice Biome; they walk straight at you and jump when close, attacking with their claws.",,,,https://crabchampions.wiki.gg/wiki/Crabs,to review,,,goa-crab-champions-crab
enemies,Locust,Action,2-Medium,1x1,Atomicrops,1,2,Feat,Keep pests off something you planted or grew,N/A,Locust,"bug, fly",,,,ok,"Locusts don't come for you, they come for the crops, and a crop knocked free is a race back to save it. Pests, raiders and crows on the garden are in every farming and tower-defence game; protecting what you grew is the feat.","A night-time farm enemy (also called Fruit Flies) that spawns in a group, flies to the nearest crop and eats it until it is destroyed, returning faster if knocked away.",,,,https://atomicrops.fandom.com/wiki/Locust,to review,,,goa-atomicrops-locust
bosses,Tree Monster,Action,2-Medium,2x2,Atomicrops,1,5,Discovery,Follow a glowing guide to something hidden,N/A,TreeMonster,,,,,ok,"You never stumble on a Tree Monster: a Golden Pupa turns into a firefly and leads you to where it rises. Wisps, fairies and fireflies that lead the way are everywhere (Zelda's Navi, Ori, will-o'-the-wisps); following one to the end is the goal.","A miniboss ('Tree Guardian'), one per biome area. A Golden Pupa, dropped at random by a cleared camp, becomes a firefly that leads you to the spot where the Tree Monster spawns; it drops Golden Pupa loot.",,,,https://atomicrops.fandom.com/wiki/Tree_Monster,to review,,,goa-atomicrops-tree-monster
bosses,Barakunarash,Traditional,3-High,2x2,Quasimorph,1,7,Feat,Stay on a level so long that something worse comes for you,N/A,Barakunarash,,,,,?,"A Baron is what you get for lingering: the Quasimorphosis meter climbs with time and every death on the floor, and at 1000 a storm breaks and the bramfatura's Baron walks in. Spelunky's ghost, Isaac's time-out angels and Dead Cells' timed doors all punish staying too long; this asks you to stay anyway.","The Barakunarash are the Barons of Ur, armed with the Ninurtagun, a quasimorphic rocket launcher that is their arm (amputate it to wield it). A Baron enters when the meter reaches 1000, beginning the Rapture phase.",,,"Hunter's Mark (Mortal Sin): an optional curse under which an immortal pursuer appears if you stay in a level too long, in exchange for better drops",https://quasimorph.wiki.gg/wiki/Quasimorphosis,to review,,,goa-quasimorph-barakunarash
bosses,Baron Herx,Action,2-Medium,2x2,Barony,1,5,Bounty,Defeat a villain who has been taunting you all game,N/A,BaronHerx,undead,,,,ok,"Herx gets into your head from the first floor, musing on your progress and turning hostile as you near him. The villain on the intercom (GLaDOS, Handsome Jack, SHODAN, Herx) is a fixture, and finally shutting one up is the goal.","The antagonist: a greedy baron the people of Hamlet locked in the Mines with the promise of gold. He made a pact with Baphomet, became a lich, and talks into your mind all the way down to Herx's Lair.",,,,https://barony.wiki.gg/wiki/Baron_Herx,to review,,,goa-barony-baron-herx
bosses,Jack,Action,2-Medium,2x2,Candies 'n Curses,1,5,Feat,Find a safe path through a field of bombs or mines,N/A,Jack,,,,,ok,"In his Jack-O'-Bomb field he sits in a far corner behind a maze of pumpkin bombs with exactly one safe path to him. Minefields with one way through are in Minesweeper, war shooters and platformers alike, and the live BroomSweeper is one; crossing one untouched is the feat.","The boss of the Botanical Ballroom: once a gardener with a love of comedy whose puns escalated into explosive pranks, obsessed with growing the ultimate pumpkin. He appears after 225 ghosts, between two pumpkin bombs; beating him earns 'Pumpkin Smasher'.",,,,https://candies-n-curses.fandom.com/wiki/Jack,to review,,,goa-candies-n-curses-jack
enemies,Climber Slime,Action,1-Low,1x1,Candies 'n Curses,1,1,Feat,Defeat an enemy walking on the ceiling,N/A,ClimberSlime,slime,,,,ok,"Its whole trick is flipping onto the underside of a floor and pacing the ceiling of the one below. Ceiling-crawlers (Metroid's Zoomers, Castlevania's spiders, Hollow Knight) are a platformer staple, and hitting one up there is a small, real feat.","A spectral slime fused with a wraith's essence: faster than other slimes, twice the damage, and it flips to walk the roof of the floor it spawned on.",,,,https://candies-n-curses.fandom.com/wiki/Climber_Slime,to review,,,goa-candies-n-curses-climber-slime
bosses,Phantom King,Action,3-High,2x2,Candies 'n Curses,1,7,Bounty,Defeat 300 enemies in one game,N/A,PhantomKing,undead,,,,ok,"He only comes after you have destroyed 300 ghosts: the final room counts down to him. Body counts in the hundreds are normal in survivors-likes and hordes, rare elsewhere, which makes it a goal that reads very differently by game.","The final boss and the mansion's cursed master (the Candy King). Once 300 ghosts are defeated Molli freezes and he appears, invulnerable at first, raising pillars of fire across all four floors.",,,,https://candies-n-curses.fandom.com/wiki/Phantom_King,to review,,,goa-candies-n-curses-phantom-king
bosses,Kur,Action,2-Medium,2x2,20XX,1,5,Feat,"Defeat a boss, then use the power it leaves you on the next one",N/A,Kur,robot,,,,ok,"Kur's Quint Laser is both its signature attack and the reward for beating it: every 20XX boss leaves its power behind, the Mega Man rule. Taking a boss's own weapon into the next fight is a staple far beyond Mega Man (Hollow Knight's spells, Kirby, Cuphead's charms).","A dragonoid robot about twice the hero's size, one of two Skytemple bosses; its Quint Laser floats a neon square that explodes on impact, fired as a spread or a wall.",,,,https://20xx.fandom.com/wiki/Kur,to review,,,goa-20xx-kur
bosses,Vile Visage,Action,2-Medium,2x2,20XX,1,5,Bounty,Defeat a boss too big to fit on the screen,N/A,VileVisage,,,,,ok,"A giant face spanning the whole height of its room, firing from its mouth, eyes or forehead. Bosses that are only partly on screen (Contra, Gradius, Shadow of the Colossus) are a set piece of the genre.","One of the Frostor bosses: a face filling the right side of the boss room, its attacks telegraphed by a blinking red eye at the part about to fire.",,,,https://20xx.fandom.com/wiki/Vile_Visage,to review,,,goa-20xx-vile-visage
bosses,The Glitch,Action,3-High,2x2,Dead Estate,1,7,Discovery,Be fooled by a fake crash or a fake ending,N/A,TheGlitch,,,,,ok,"The Static Demon fakes an error message the moment you collect the Boss Key, as if it had crashed your game. Fourth-wall tricks (Pony Island, Inscryption, Doki Doki, Metal Gear's 'fake' game over) are a small genre of their own, and falling for one is the goal.","The boss of the Old Set: a floating ghost of television static that 'holds some kind of mysterious power over the game itself', crashing it with a fake error and making minions out of static.",,,,https://deadestate.wiki.gg/wiki/The_Glitch,to review,,,goa-dead-estate-the-glitch
enemies,Cow,Action,1-Low,1x1,Muck,1,1,Bounty,Hunt an animal for its meat,N/A,Cow,,,,,ok,"Cows exist only to be turned into Raw Meat: they never fight back and only run when hit (achievement: 'That's not very milk of you, sir', kill 250). Hunting game for food is in every survival game (Minecraft, Don't Starve, Valheim).","A passive enemy in herds of up to five, the only enemy incapable of dealing damage; when attacked it doubles its speed and flees.",,,,https://muck.fandom.com/wiki/Cow,to review,,,goa-muck-cow
bosses,Diver,Action,3-High,2x2,Picayune Dreams,1,7,Discovery,Follow coordinates or a treasure map to what's buried there,N/A,Diver,,,,,ok,"A secret boss reached only by a chain: blow up a Statue of Experience, take its floppy disk, read the coordinates it adds to the pause menu, and dig up the chest waiting there. Treasure maps (Sea of Thieves, Zelda, Red Dead) are everywhere; following one to the end is the goal.","A submarine-piloting creature in search of treasure, added in the Contamination Update; the treasure chest at the coordinates summons him.",,,,https://picayunedreams.wiki.gg/wiki/Diver_(Boss),to review,,,goa-picayune-dreams-diver
enemies,Bankrupt Gambler,Deckbuilder,1-Low,1x1,Dice & Fold,1,1,Feat,Lose a bet,N/A,BankruptGambler,,,,,ok,"'Driven by relentless misfortune, his every move fueled by desperation in fate's cruel game of ruin.' While he stands, every 1 you roll costs a Gold Coin. Bets and gambling minigames are in a great many games (Red Dead's poker, Yakuza's casinos, Dave the Diver's parlour); losing one is the goal. The Slice & Dice Gambler candidate asks the other way, to win one.","An enemy card with two Exact-6 dice slots to fill and 6 damage; while unfolded, rolling a 1 loses you a Gold Coin.",,,,https://dice-and-fold.fandom.com/wiki/Bankrupt_Gambler,to review,,,goa-dice-and-fold-bankrupt-gambler
enemies,Goblin Shark,Action,2-Medium,1x1,Dave the Diver,1,2,Feat,Catch an enemy alive instead of killing it,N/A,GoblinShark,fish,,,,ok,"Dave dives to catch fish for the sushi bar, and a tranquilized or netted catch is worth more than a dead one; the Goblin Shark is the mini-boss that tranquilizers were made for. Capturing alive (Monster Hunter's traps, Pokémon, Ark) is a real choice in many games.","A depths fish and the mini-boss of the Chapter 3 sub-mission Curious Child: a shark up to 7 m long that shoots its jaws out to feed, vulnerable to the Tranquilizing Harpoon.",,,,https://dave-the-diver.fandom.com/wiki/Goblin_Shark,to review,,,goa-dave-the-diver-goblin-shark
bosses,The Interloper,Action,3-High,2x2,Absolum,1,7,Feat,Close a portal to stop what's coming through it,N/A,TheInterloper,,,,,ok,"A secret eldritch boss reached through a rift into the Mynasthar, the 'Mouth of Madness'; the fight turns on closing the rift, which can take its head off as it shuts. Sealing a portal (Doom, Diablo's hellgates, Oblivion's gates) is a goal many games set.","An extra-dimensional, tentacled, Cthulhu-like abomination that the Black Cloaks' cult tries to contact, one of the toughest optional fights in the game.",,,,https://absolum.wiki.gg/wiki/The_Interloper,to review,,,goa-absolum-the-interloper
bosses,Dreadnought,Action,3-High,2x2,Sky Rogue,1,7,Feat,Defeat a boss by hitting its weak point,N/A,Dreadnought,,,,,ok,"Its armour soaks everything but the command bridge, so the fight is finding and hitting that one spot. A glowing weak point (Zelda's eyes, Metroid's Mother Brain, Shadow of the Colossus) is one of the oldest boss designs there is.","'DREDNAUT': an extremely heavily armoured static air vessel brimming with turrets and runways, launching aircraft once you are within 1500; its weak point is the command bridge. Rare, from day 5 on.",,,,https://skyrogue.fandom.com/wiki/%27DREDNAUT%27_-_Dreadnought,to review,,,goa-sky-rogue-dreadnought
enemies,Turtle,Action,1-Low,1x1,Downwell,1,1,Feat,Defeat an enemy by jumping on it,N/A,Turtle,,,,,ok,"Bullets and explosions from above glance off its shell, so the only way through is your own boots. Stomping is the oldest attack in games (Mario, Sonic, Shovel Knight's pogo) and nothing asks for it yet.","A Caverns and Aquifer enemy that walks the walls (or swims in World 3); it 'cannot be killed from above via bullets or explosions due to their shells, and must be stomped in order to be killed'.",,,,https://downwell.fandom.com/wiki/Turtle,to review,,,goa-downwell-turtle
enemies,Burlypup,Deckbuilder,1-Low,1x1,Solitairica,1,1,Bounty,Defeat something adorable,N/A,Burlypup,,,,,ok,"'Will disarm you with its cuteness, then flatten you with a huge club!' Its Cute card drains your attack. Cute enemies you have to bring yourself to hit (Pokémon, Kirby, Undertale's Froggits) are everywhere.","An enemy of the Cliffs of Mythos whose deck mixes a delayed 8-damage Driftwood Club, a stunning Flipper Slap and Cute, which drains 3 attack energy.",,,,https://solitairica.fandom.com/wiki/Burlypup,to review,,,goa-solitairica-burlypup
bosses,Fear,Action,2-Medium,2x2,Dreamscaper,1,5,Bounty,Defeat a boss that personifies an emotion,N/A,Fear,,,,,ok,"Each of Cassidy's bosses is a feeling (Fear, Isolation, Loss, Negativity, Regret, Resentment). Emotions given a body to fight are a whole tradition: Psychonauts, Celeste's Badeline, Persona's Shadows, Sea of Solitude.","The first biome's boss, a nightmare like a whale that lives in Cassidy's dream of her flooded hometown street; you beat it by baiting it into the mines in the arena.",,,,https://dreamscaper.wiki.gg/wiki/Fear,to review,,,goa-dreamscaper-fear
bosses,Krabken,Action,3-High,2x2,Everything is Crab,1,7,Feat,Survive a boss fight until something else ends it,N/A,Krabken,,,,,ok,"Instead of a timer to run from, Krabken brings a Cataclysm: hold out long enough and the world kills it (or you). Survive-the-clock boss fights (Undertale's Asgore-likes, Terraria's events, Furi's last stand) are a staple.","The final boss of every run, with no + versions; if enough time passes without Darwin or a charmed animal killing it, a Cataclysm starts that will eventually kill it, or Darwin.",,,,https://everythingiscrab.wiki.gg/wiki/Krabken,to review,,,goa-everything-is-crab-krabken
enemies,Undead Moose,Action,2-Medium,1x1,Deep Dungeons of Doom,1,2,Feat,Hit an enemy in the opening right after its attack,N/A,UndeadMoose,,,,,ok,"Its headbutt and stun are the danger, and the reward is the moment after, when its head falls from its shoulders. Waiting out a big swing and punishing the recovery is the heart of Souls-likes and fighting games.","A tree dungeon enemy: it rears up and butts (twice at higher levels), then tries a stun, after which 'the head falls from the shoulders and it is vulnerable'.",,,,https://deep-dungeons-of-doom.fandom.com/wiki/Undead_Moose,to review,,,goa-deep-dungeons-of-doom-undead-moose
bosses,The Brute,Action,2-Medium,2x2,Monstrum,1,5,Feat,Hide from an enemy until it gives up looking for you,N/A,TheBrute,,,,,ok,"None of Monstrum's three monsters can be killed: you duck into a locker or under a bed and wait, and a monster that checks a closed cupboard rips its door off. Hiding while something hunts you (Alien: Isolation, Amnesia, Outlast) is a genre of its own.","The first and fastest of the three monsters that may stalk the Hisa Maru: a fiery behemoth that forces its way through anything, power-locked doors included.",,,,https://themonstrum.fandom.com/wiki/The_Brute,to review,,,goa-monstrum-the-brute
enemies,Abaddon,Strategy,2-Medium,1x1,Crown Trick,1,2,Feat,Learn a skill from an enemy you defeated,N/A,Abaddon,,,,,ok,"Beat an elite in Crown Trick and it becomes a Familiar that lends you its skills. Taking a beaten enemy's power is a long tradition: Mega Man, Kirby, Final Fantasy's Blue Mages, Hollow Knight's charms.","An elite (an armoured general who died in the forest of Bartland and was revived as the Witches' plaything); beaten, he joins the Ring of One as a Familiar.",,,,https://crowntrick.fandom.com/wiki/Abaddon,to review,,,goa-crown-trick-abaddon
enemies,Demon Golem,Strategy,2-Medium,1x1,Pawnbarian,1,2,Feat,Defeat an enemy that can only be hurt from a distance,N/A,DemonGolem,,,,,ok,"Brawler: 'Immune while the hero is on any of the cardinally adjacent squares.' So you can't just walk up and hit it, in a game where every move is a chess piece's. Enemies you have to fight at range are common, and nothing asks for one yet.","A Foul Shrine enemy with Brawler, Void Grasp (in death it drags the hero the way the blow came) and Spark Surge (it strikes its squares after you cast a Cantrip).",,,,https://pawnbarian.fandom.com/wiki/Foul_Shrine,to review,,,goa-pawnbarian-demon-golem
bosses,Wind Magistrate,Action,2-Medium,2x2,Battle Shapers,1,5,Feat,"Choose which boss to fight next, and beat it",N/A,WindMagistrate,,,,,ok,"You pick the order of Battle Shapers' towers, and every Overlord gains a power each time you face one and each tower you free, so the order is the strategy. Choosing your boss (Mega Man's stage select, Hollow Knight's dreamers, Elden Ring's demigods) is a staple.","One of the Overlords: once a political champion of the oppressed, she turned her mind to self-preservation; she rules a random tower each run and grows stronger with every tower you liberate.",,,,https://battleshapers.wiki.gg/wiki/Overlords,to review,,,goa-battle-shapers-wind-magistrate
enemies,Cockroach,Deckbuilder,2-Medium,1x1,Die in the Dungeon,1,2,Feat,Defeat an enemy with exactly the damage it had left,N/A,Cockroach,,,,,ok,"Resilient: if a hit would take its health below zero, it revives at full instead, so it has to be finished with an exact blow. Exact kills (Slay the Spire's lethal math, Balatro's score targets, a JRPG's last HP) are a puzzle many games set.",An enemy with the Resilient Modifier (boxing gloves by its health): overkill it and it comes back to full health.,,,,https://die-in-the-dungeon.fandom.com/wiki/Modifiers,to review,,,goa-die-in-the-dungeon-cockroach
